2025-10-08 15:02:10,228 - INFO - Starting Windows IDS...
2025-10-08 15:02:10,228 - INFO - Creating file integrity baseline...
2025-10-08 15:02:51,551 - INFO - Windows IDS stopped
2025-10-08 16:45:01,854 - INFO - Starting Windows IDS...
2025-10-08 16:45:01,854 - INFO - Creating file integrity baseline...
2025-10-08 16:46:31,463 - INFO - Baseline created for 95391 files
2025-10-08 16:46:31,464 - INFO - File Integrity Monitoring started
2025-10-08 16:46:31,491 - INFO - Windows IDS started successfully
2025-10-08 16:46:36,339 - CRITICAL - File modified: C:\\Windows\\System32\winevt\Logs\Microsoft-Windows-UniversalTelemetryClient%4Operational.evtx
2025-10-08 16:46:38,555 - CRITICAL - File modified: C:\\Windows\\System32\winevt\Logs\Windows PowerShell.evtx
2025-10-08 16:46:38,557 - CRITICAL - File modified: C:\\Windows\\System32\winevt\Logs\Microsoft-Windows-Wcmsvc%4Operational.evtx
2025-10-08 16:46:38,559 - CRITICAL - File modified: C:\\Windows\\System32\winevt\Logs\Microsoft-Windows-NetworkProfile%4Operational.evtx
2025-10-08 16:46:38,562 - CRITICAL - File modified: C:\\Windows\\System32\winevt\Logs\Microsoft-Windows-SmbClient%4Connectivity.evtx
2025-10-08 16:46:38,569 - CRITICAL - File modified: C:\\Windows\\System32\winevt\Logs\Microsoft-Windows-SMBServer%4Operational.evtx
2025-10-08 16:46:38,571 - CRITICAL - File modified: C:\\Windows\\System32\winevt\Logs\Microsoft-Windows-Windows Firewall With Advanced Security%4Firewall.evtx
2025-10-08 16:46:38,572 - CRITICAL - File modified: C:\\Windows\\System32\winevt\Logs\Microsoft-Windows-WLAN-AutoConfig%4Operational.evtx
2025-10-08 16:46:38,572 - CRITICAL - File modified: C:\\Windows\\System32\winevt\Logs\Microsoft-Windows-NCSI%4Operational.evtx
2025-10-08 16:46:38,577 - CRITICAL - File modified: C:\\Windows\\System32\winevt\Logs\Microsoft-Windows-ShellCommon-StartLayoutPopulation%4Operational.evtx
2025-10-08 16:46:38,578 - CRITICAL - File modified: C:\\Windows\\System32\winevt\Logs\Microsoft-Windows-Perflib%4Operational.evtx
2025-10-08 16:46:38,588 - CRITICAL - File modified: C:\\Windows\\System32\winevt\Logs\Microsoft-Windows-PowerShell%4Operational.evtx
2025-10-08 16:47:08,103 - INFO - Starting Windows IDS...
2025-10-08 16:47:08,103 - INFO - Creating file integrity baseline...
2025-10-08 16:47:31,585 - CRITICAL - File modified: C:\\Windows\\System32\WDI\LogFiles\ShutdownPerfDiagLogger.etl
2025-10-08 16:47:32,907 - CRITICAL - File modified: C:\\Windows\\System32\winevt\Logs\Microsoft-Windows-AppXDeploymentServer%4Operational.evtx
2025-10-08 16:48:37,461 - INFO - Baseline created for 95391 files
2025-10-08 16:48:37,462 - INFO - File Integrity Monitoring started
2025-10-08 16:48:37,471 - INFO - Windows IDS started successfully
2025-10-08 16:48:51,570 - ERROR - Event log monitoring error: (6, 'ReadEventLog', 'The handle is invalid.')
2025-10-08 16:49:08,587 - CRITICAL - File modified: C:\\Windows\\System32\winevt\Logs\Microsoft-Client-Licensing-Platform%4Admin.evtx
2025-10-08 16:49:08,587 - CRITICAL - File modified: C:\\Windows\\System32\winevt\Logs\Microsoft-Client-Licensing-Platform%4Admin.evtx
2025-10-08 16:49:08,590 - CRITICAL - File modified: C:\\Windows\\System32\winevt\Logs\Microsoft-Windows-PushNotification-Platform%4Operational.evtx
2025-10-08 16:49:08,591 - CRITICAL - File modified: C:\\Windows\\System32\winevt\Logs\Microsoft-Windows-PushNotification-Platform%4Operational.evtx
2025-10-08 16:49:08,592 - CRITICAL - File modified: C:\\Windows\\System32\winevt\Logs\Microsoft-Windows-Application-Experience%4Program-Telemetry.evtx
2025-10-08 16:49:08,592 - CRITICAL - File modified: C:\\Windows\\System32\winevt\Logs\Microsoft-Windows-Application-Experience%4Program-Telemetry.evtx
2025-10-08 16:49:08,592 - CRITICAL - File modified: C:\\Windows\\System32\winevt\Logs\Microsoft-Windows-Security-LessPrivilegedAppContainer%4Operational.evtx
2025-10-08 16:49:08,592 - CRITICAL - File modified: C:\\Windows\\System32\winevt\Logs\Microsoft-Windows-Security-LessPrivilegedAppContainer%4Operational.evtx
2025-10-08 16:49:08,614 - CRITICAL - File modified: C:\\Windows\\System32\winevt\Logs\Microsoft-Windows-StorageManagement%4Operational.evtx
2025-10-08 16:49:08,614 - CRITICAL - File modified: C:\\Windows\\System32\winevt\Logs\Microsoft-Windows-StorageManagement%4Operational.evtx
2025-10-08 16:49:12,044 - CRITICAL - File modified: C:\\Windows\\System32\winevt\Logs\Microsoft-Windows-Known Folders API Service.evtx
2025-10-08 16:49:12,044 - CRITICAL - File modified: C:\\Windows\\System32\winevt\Logs\Microsoft-Windows-Known Folders API Service.evtx
2025-10-08 16:49:22,993 - INFO - Windows IDS stopped
2025-10-08 16:59:33,184 - INFO - Starting Windows IDS...
2025-10-08 16:59:33,184 - INFO - Creating file integrity baseline...
2025-10-08 16:59:49,722 - INFO - Starting Windows IDS...
2025-10-08 16:59:49,722 - INFO - Creating file integrity baseline...
2025-10-08 17:01:05,154 - INFO - Baseline created for 95391 files
2025-10-08 17:01:05,159 - INFO - File Integrity Monitoring started
2025-10-08 17:01:05,167 - INFO - Windows IDS started successfully
2025-10-08 17:01:05,168 - WARNING - Critical Event Log: ID 4672 - ('S-1-5-18', 'SYSTEM', 'NT AUTHORITY', '0x3e7', 'SeAssignPrimaryTokenPrivilege\r\n\t\t\tSeTcbPrivilege\r\n\t\t\tSeSecurityPrivilege\r\n\t\t\tSeTakeOwnershipPrivilege\r\n\t\t\tSeLoadDriverPrivilege\r\n\t\t\tSeBackupPrivilege\r\n\t\t\tSeRestorePrivilege\r\n\t\t\tSeDebugPrivilege\r\n\t\t\tSeAuditPrivilege\r\n\t\t\tSeSystemEnvironmentPrivilege\r\n\t\t\tSeImpersonatePrivilege\r\n\t\t\tSeDelegateSessionUserImpersonatePrivilege')
2025-10-08 17:01:05,169 - WARNING - Critical Event Log: ID 4672 - ('S-1-5-18', 'SYSTEM', 'NT AUTHORITY', '0x3e7', 'SeAssignPrimaryTokenPrivilege\r\n\t\t\tSeTcbPrivilege\r\n\t\t\tSeSecurityPrivilege\r\n\t\t\tSeTakeOwnershipPrivilege\r\n\t\t\tSeLoadDriverPrivilege\r\n\t\t\tSeBackupPrivilege\r\n\t\t\tSeRestorePrivilege\r\n\t\t\tSeDebugPrivilege\r\n\t\t\tSeAuditPrivilege\r\n\t\t\tSeSystemEnvironmentPrivilege\r\n\t\t\tSeImpersonatePrivilege\r\n\t\t\tSeDelegateSessionUserImpersonatePrivilege')
2025-10-08 17:01:14,231 - CRITICAL - File modified: C:\\Windows\\System32\winevt\Logs\Microsoft-Windows-Known Folders API Service.evtx
2025-10-08 17:01:15,170 - WARNING - Critical Event Log: ID 4672 - ('S-1-5-18', 'SYSTEM', 'NT AUTHORITY', '0x3e7', 'SeAssignPrimaryTokenPrivilege\r\n\t\t\tSeTcbPrivilege\r\n\t\t\tSeSecurityPrivilege\r\n\t\t\tSeTakeOwnershipPrivilege\r\n\t\t\tSeLoadDriverPrivilege\r\n\t\t\tSeBackupPrivilege\r\n\t\t\tSeRestorePrivilege\r\n\t\t\tSeDebugPrivilege\r\n\t\t\tSeAuditPrivilege\r\n\t\t\tSeSystemEnvironmentPrivilege\r\n\t\t\tSeImpersonatePrivilege\r\n\t\t\tSeDelegateSessionUserImpersonatePrivilege')
2025-10-08 17:01:15,172 - WARNING - Critical Event Log: ID 4672 - ('S-1-5-18', 'SYSTEM', 'NT AUTHORITY', '0x3e7', 'SeAssignPrimaryTokenPrivilege\r\n\t\t\tSeTcbPrivilege\r\n\t\t\tSeSecurityPrivilege\r\n\t\t\tSeTakeOwnershipPrivilege\r\n\t\t\tSeLoadDriverPrivilege\r\n\t\t\tSeBackupPrivilege\r\n\t\t\tSeRestorePrivilege\r\n\t\t\tSeDebugPrivilege\r\n\t\t\tSeAuditPrivilege\r\n\t\t\tSeSystemEnvironmentPrivilege\r\n\t\t\tSeImpersonatePrivilege\r\n\t\t\tSeDelegateSessionUserImpersonatePrivilege')
2025-10-08 17:01:25,179 - WARNING - Critical Event Log: ID 4672 - ('S-1-5-18', 'SYSTEM', 'NT AUTHORITY', '0x3e7', 'SeAssignPrimaryTokenPrivilege\r\n\t\t\tSeTcbPrivilege\r\n\t\t\tSeSecurityPrivilege\r\n\t\t\tSeTakeOwnershipPrivilege\r\n\t\t\tSeLoadDriverPrivilege\r\n\t\t\tSeBackupPrivilege\r\n\t\t\tSeRestorePrivilege\r\n\t\t\tSeDebugPrivilege\r\n\t\t\tSeAuditPrivilege\r\n\t\t\tSeSystemEnvironmentPrivilege\r\n\t\t\tSeImpersonatePrivilege\r\n\t\t\tSeDelegateSessionUserImpersonatePrivilege')
2025-10-08 17:01:25,181 - WARNING - Critical Event Log: ID 4672 - ('S-1-5-18', 'SYSTEM', 'NT AUTHORITY', '0x3e7', 'SeAssignPrimaryTokenPrivilege\r\n\t\t\tSeTcbPrivilege\r\n\t\t\tSeSecurityPrivilege\r\n\t\t\tSeTakeOwnershipPrivilege\r\n\t\t\tSeLoadDriverPrivilege\r\n\t\t\tSeBackupPrivilege\r\n\t\t\tSeRestorePrivilege\r\n\t\t\tSeDebugPrivilege\r\n\t\t\tSeAuditPrivilege\r\n\t\t\tSeSystemEnvironmentPrivilege\r\n\t\t\tSeImpersonatePrivilege\r\n\t\t\tSeDelegateSessionUserImpersonatePrivilege')
2025-10-08 17:01:35,187 - WARNING - Critical Event Log: ID 4672 - ('S-1-5-18', 'SYSTEM', 'NT AUTHORITY', '0x3e7', 'SeAssignPrimaryTokenPrivilege\r\n\t\t\tSeTcbPrivilege\r\n\t\t\tSeSecurityPrivilege\r\n\t\t\tSeTakeOwnershipPrivilege\r\n\t\t\tSeLoadDriverPrivilege\r\n\t\t\tSeBackupPrivilege\r\n\t\t\tSeRestorePrivilege\r\n\t\t\tSeDebugPrivilege\r\n\t\t\tSeAuditPrivilege\r\n\t\t\tSeSystemEnvironmentPrivilege\r\n\t\t\tSeImpersonatePrivilege\r\n\t\t\tSeDelegateSessionUserImpersonatePrivilege')
2025-10-08 17:01:35,188 - WARNING - Critical Event Log: ID 4672 - ('S-1-5-18', 'SYSTEM', 'NT AUTHORITY', '0x3e7', 'SeAssignPrimaryTokenPrivilege\r\n\t\t\tSeTcbPrivilege\r\n\t\t\tSeSecurityPrivilege\r\n\t\t\tSeTakeOwnershipPrivilege\r\n\t\t\tSeLoadDriverPrivilege\r\n\t\t\tSeBackupPrivilege\r\n\t\t\tSeRestorePrivilege\r\n\t\t\tSeDebugPrivilege\r\n\t\t\tSeAuditPrivilege\r\n\t\t\tSeSystemEnvironmentPrivilege\r\n\t\t\tSeImpersonatePrivilege\r\n\t\t\tSeDelegateSessionUserImpersonatePrivilege')
2025-10-08 17:01:45,190 - WARNING - Critical Event Log: ID 4672 - ('S-1-5-18', 'SYSTEM', 'NT AUTHORITY', '0x3e7', 'SeAssignPrimaryTokenPrivilege\r\n\t\t\tSeTcbPrivilege\r\n\t\t\tSeSecurityPrivilege\r\n\t\t\tSeTakeOwnershipPrivilege\r\n\t\t\tSeLoadDriverPrivilege\r\n\t\t\tSeBackupPrivilege\r\n\t\t\tSeRestorePrivilege\r\n\t\t\tSeDebugPrivilege\r\n\t\t\tSeAuditPrivilege\r\n\t\t\tSeSystemEnvironmentPrivilege\r\n\t\t\tSeImpersonatePrivilege\r\n\t\t\tSeDelegateSessionUserImpersonatePrivilege')
2025-10-08 17:01:45,191 - WARNING - Critical Event Log: ID 4672 - ('S-1-5-18', 'SYSTEM', 'NT AUTHORITY', '0x3e7', 'SeAssignPrimaryTokenPrivilege\r\n\t\t\tSeTcbPrivilege\r\n\t\t\tSeSecurityPrivilege\r\n\t\t\tSeTakeOwnershipPrivilege\r\n\t\t\tSeLoadDriverPrivilege\r\n\t\t\tSeBackupPrivilege\r\n\t\t\tSeRestorePrivilege\r\n\t\t\tSeDebugPrivilege\r\n\t\t\tSeAuditPrivilege\r\n\t\t\tSeSystemEnvironmentPrivilege\r\n\t\t\tSeImpersonatePrivilege\r\n\t\t\tSeDelegateSessionUserImpersonatePrivilege')
2025-10-08 17:01:55,192 - ERROR - Event log monitoring error: (6, 'ReadEventLog', 'The handle is invalid.')
2025-10-08 17:02:05,194 - ERROR - Event log monitoring error: (6, 'ReadEventLog', 'The handle is invalid.')
2025-10-08 17:02:15,197 - WARNING - Critical Event Log: ID 4672 - ('S-1-5-18', 'SYSTEM', 'NT AUTHORITY', '0x3e7', 'SeAssignPrimaryTokenPrivilege\r\n\t\t\tSeTcbPrivilege\r\n\t\t\tSeSecurityPrivilege\r\n\t\t\tSeTakeOwnershipPrivilege\r\n\t\t\tSeLoadDriverPrivilege\r\n\t\t\tSeBackupPrivilege\r\n\t\t\tSeRestorePrivilege\r\n\t\t\tSeDebugPrivilege\r\n\t\t\tSeAuditPrivilege\r\n\t\t\tSeSystemEnvironmentPrivilege\r\n\t\t\tSeImpersonatePrivilege\r\n\t\t\tSeDelegateSessionUserImpersonatePrivilege')
2025-10-08 17:02:15,201 - WARNING - Critical Event Log: ID 4672 - ('S-1-5-18', 'SYSTEM', 'NT AUTHORITY', '0x3e7', 'SeAssignPrimaryTokenPrivilege\r\n\t\t\tSeTcbPrivilege\r\n\t\t\tSeSecurityPrivilege\r\n\t\t\tSeTakeOwnershipPrivilege\r\n\t\t\tSeLoadDriverPrivilege\r\n\t\t\tSeBackupPrivilege\r\n\t\t\tSeRestorePrivilege\r\n\t\t\tSeDebugPrivilege\r\n\t\t\tSeAuditPrivilege\r\n\t\t\tSeSystemEnvironmentPrivilege\r\n\t\t\tSeImpersonatePrivilege\r\n\t\t\tSeDelegateSessionUserImpersonatePrivilege')
2025-10-08 17:02:25,202 - WARNING - Critical Event Log: ID 4672 - ('S-1-5-18', 'SYSTEM', 'NT AUTHORITY', '0x3e7', 'SeAssignPrimaryTokenPrivilege\r\n\t\t\tSeTcbPrivilege\r\n\t\t\tSeSecurityPrivilege\r\n\t\t\tSeTakeOwnershipPrivilege\r\n\t\t\tSeLoadDriverPrivilege\r\n\t\t\tSeBackupPrivilege\r\n\t\t\tSeRestorePrivilege\r\n\t\t\tSeDebugPrivilege\r\n\t\t\tSeAuditPrivilege\r\n\t\t\tSeSystemEnvironmentPrivilege\r\n\t\t\tSeImpersonatePrivilege\r\n\t\t\tSeDelegateSessionUserImpersonatePrivilege')
2025-10-08 17:02:25,203 - WARNING - Critical Event Log: ID 4672 - ('S-1-5-18', 'SYSTEM', 'NT AUTHORITY', '0x3e7', 'SeAssignPrimaryTokenPrivilege\r\n\t\t\tSeTcbPrivilege\r\n\t\t\tSeSecurityPrivilege\r\n\t\t\tSeTakeOwnershipPrivilege\r\n\t\t\tSeLoadDriverPrivilege\r\n\t\t\tSeBackupPrivilege\r\n\t\t\tSeRestorePrivilege\r\n\t\t\tSeDebugPrivilege\r\n\t\t\tSeAuditPrivilege\r\n\t\t\tSeSystemEnvironmentPrivilege\r\n\t\t\tSeImpersonatePrivilege\r\n\t\t\tSeDelegateSessionUserImpersonatePrivilege')
2025-10-08 17:02:25,397 - CRITICAL - File modified: C:\\Windows\\System32\winevt\Logs\Microsoft-Windows-GroupPolicy%4Operational.evtx
2025-10-08 17:02:35,204 - ERROR - Event log monitoring error: (6, 'ReadEventLog', 'The handle is invalid.')
2025-10-08 17:02:45,216 - WARNING - Critical Event Log: ID 4672 - ('S-1-5-18', 'SYSTEM', 'NT AUTHORITY', '0x3e7', 'SeAssignPrimaryTokenPrivilege\r\n\t\t\tSeTcbPrivilege\r\n\t\t\tSeSecurityPrivilege\r\n\t\t\tSeTakeOwnershipPrivilege\r\n\t\t\tSeLoadDriverPrivilege\r\n\t\t\tSeBackupPrivilege\r\n\t\t\tSeRestorePrivilege\r\n\t\t\tSeDebugPrivilege\r\n\t\t\tSeAuditPrivilege\r\n\t\t\tSeSystemEnvironmentPrivilege\r\n\t\t\tSeImpersonatePrivilege\r\n\t\t\tSeDelegateSessionUserImpersonatePrivilege')
2025-10-08 17:02:45,218 - WARNING - Critical Event Log: ID 4672 - ('S-1-5-18', 'SYSTEM', 'NT AUTHORITY', '0x3e7', 'SeAssignPrimaryTokenPrivilege\r\n\t\t\tSeTcbPrivilege\r\n\t\t\tSeSecurityPrivilege\r\n\t\t\tSeTakeOwnershipPrivilege\r\n\t\t\tSeLoadDriverPrivilege\r\n\t\t\tSeBackupPrivilege\r\n\t\t\tSeRestorePrivilege\r\n\t\t\tSeDebugPrivilege\r\n\t\t\tSeAuditPrivilege\r\n\t\t\tSeSystemEnvironmentPrivilege\r\n\t\t\tSeImpersonatePrivilege\r\n\t\t\tSeDelegateSessionUserImpersonatePrivilege')
2025-10-08 17:02:45,218 - WARNING - Critical Event Log: ID 4672 - ('S-1-5-18', 'SYSTEM', 'NT AUTHORITY', '0x3e7', 'SeAssignPrimaryTokenPrivilege\r\n\t\t\tSeTcbPrivilege\r\n\t\t\tSeSecurityPrivilege\r\n\t\t\tSeTakeOwnershipPrivilege\r\n\t\t\tSeLoadDriverPrivilege\r\n\t\t\tSeBackupPrivilege\r\n\t\t\tSeRestorePrivilege\r\n\t\t\tSeDebugPrivilege\r\n\t\t\tSeAuditPrivilege\r\n\t\t\tSeSystemEnvironmentPrivilege\r\n\t\t\tSeImpersonatePrivilege\r\n\t\t\tSeDelegateSessionUserImpersonatePrivilege')
2025-10-08 17:02:55,220 - WARNING - Critical Event Log: ID 4672 - ('S-1-5-18', 'SYSTEM', 'NT AUTHORITY', '0x3e7', 'SeAssignPrimaryTokenPrivilege\r\n\t\t\tSeTcbPrivilege\r\n\t\t\tSeSecurityPrivilege\r\n\t\t\tSeTakeOwnershipPrivilege\r\n\t\t\tSeLoadDriverPrivilege\r\n\t\t\tSeBackupPrivilege\r\n\t\t\tSeRestorePrivilege\r\n\t\t\tSeDebugPrivilege\r\n\t\t\tSeAuditPrivilege\r\n\t\t\tSeSystemEnvironmentPrivilege\r\n\t\t\tSeImpersonatePrivilege\r\n\t\t\tSeDelegateSessionUserImpersonatePrivilege')
2025-10-08 17:02:55,221 - WARNING - Critical Event Log: ID 4672 - ('S-1-5-18', 'SYSTEM', 'NT AUTHORITY', '0x3e7', 'SeAssignPrimaryTokenPrivilege\r\n\t\t\tSeTcbPrivilege\r\n\t\t\tSeSecurityPrivilege\r\n\t\t\tSeTakeOwnershipPrivilege\r\n\t\t\tSeLoadDriverPrivilege\r\n\t\t\tSeBackupPrivilege\r\n\t\t\tSeRestorePrivilege\r\n\t\t\tSeDebugPrivilege\r\n\t\t\tSeAuditPrivilege\r\n\t\t\tSeSystemEnvironmentPrivilege\r\n\t\t\tSeImpersonatePrivilege\r\n\t\t\tSeDelegateSessionUserImpersonatePrivilege')
2025-10-08 17:02:55,221 - WARNING - Critical Event Log: ID 4672 - ('S-1-5-18', 'SYSTEM', 'NT AUTHORITY', '0x3e7', 'SeAssignPrimaryTokenPrivilege\r\n\t\t\tSeTcbPrivilege\r\n\t\t\tSeSecurityPrivilege\r\n\t\t\tSeTakeOwnershipPrivilege\r\n\t\t\tSeLoadDriverPrivilege\r\n\t\t\tSeBackupPrivilege\r\n\t\t\tSeRestorePrivilege\r\n\t\t\tSeDebugPrivilege\r\n\t\t\tSeAuditPrivilege\r\n\t\t\tSeSystemEnvironmentPrivilege\r\n\t\t\tSeImpersonatePrivilege\r\n\t\t\tSeDelegateSessionUserImpersonatePrivilege')
2025-10-08 17:03:05,227 - WARNING - Critical Event Log: ID 4672 - ('S-1-5-18', 'SYSTEM', 'NT AUTHORITY', '0x3e7', 'SeAssignPrimaryTokenPrivilege\r\n\t\t\tSeTcbPrivilege\r\n\t\t\tSeSecurityPrivilege\r\n\t\t\tSeTakeOwnershipPrivilege\r\n\t\t\tSeLoadDriverPrivilege\r\n\t\t\tSeBackupPrivilege\r\n\t\t\tSeRestorePrivilege\r\n\t\t\tSeDebugPrivilege\r\n\t\t\tSeAuditPrivilege\r\n\t\t\tSeSystemEnvironmentPrivilege\r\n\t\t\tSeImpersonatePrivilege\r\n\t\t\tSeDelegateSessionUserImpersonatePrivilege')
2025-10-08 17:03:05,228 - WARNING - Critical Event Log: ID 4672 - ('S-1-5-18', 'SYSTEM', 'NT AUTHORITY', '0x3e7', 'SeAssignPrimaryTokenPrivilege\r\n\t\t\tSeTcbPrivilege\r\n\t\t\tSeSecurityPrivilege\r\n\t\t\tSeTakeOwnershipPrivilege\r\n\t\t\tSeLoadDriverPrivilege\r\n\t\t\tSeBackupPrivilege\r\n\t\t\tSeRestorePrivilege\r\n\t\t\tSeDebugPrivilege\r\n\t\t\tSeAuditPrivilege\r\n\t\t\tSeSystemEnvironmentPrivilege\r\n\t\t\tSeImpersonatePrivilege\r\n\t\t\tSeDelegateSessionUserImpersonatePrivilege')
2025-10-08 17:03:05,228 - WARNING - Critical Event Log: ID 4672 - ('S-1-5-18', 'SYSTEM', 'NT AUTHORITY', '0x3e7', 'SeAssignPrimaryTokenPrivilege\r\n\t\t\tSeTcbPrivilege\r\n\t\t\tSeSecurityPrivilege\r\n\t\t\tSeTakeOwnershipPrivilege\r\n\t\t\tSeLoadDriverPrivilege\r\n\t\t\tSeBackupPrivilege\r\n\t\t\tSeRestorePrivilege\r\n\t\t\tSeDebugPrivilege\r\n\t\t\tSeAuditPrivilege\r\n\t\t\tSeSystemEnvironmentPrivilege\r\n\t\t\tSeImpersonatePrivilege\r\n\t\t\tSeDelegateSessionUserImpersonatePrivilege')
2025-10-08 17:03:15,240 - WARNING - Critical Event Log: ID 4672 - ('S-1-5-18', 'SYSTEM', 'NT AUTHORITY', '0x3e7', 'SeAssignPrimaryTokenPrivilege\r\n\t\t\tSeTcbPrivilege\r\n\t\t\tSeSecurityPrivilege\r\n\t\t\tSeTakeOwnershipPrivilege\r\n\t\t\tSeLoadDriverPrivilege\r\n\t\t\tSeBackupPrivilege\r\n\t\t\tSeRestorePrivilege\r\n\t\t\tSeDebugPrivilege\r\n\t\t\tSeAuditPrivilege\r\n\t\t\tSeSystemEnvironmentPrivilege\r\n\t\t\tSeImpersonatePrivilege\r\n\t\t\tSeDelegateSessionUserImpersonatePrivilege')
2025-10-08 17:03:15,243 - WARNING - Critical Event Log: ID 4672 - ('S-1-5-18', 'SYSTEM', 'NT AUTHORITY', '0x3e7', 'SeAssignPrimaryTokenPrivilege\r\n\t\t\tSeTcbPrivilege\r\n\t\t\tSeSecurityPrivilege\r\n\t\t\tSeTakeOwnershipPrivilege\r\n\t\t\tSeLoadDriverPrivilege\r\n\t\t\tSeBackupPrivilege\r\n\t\t\tSeRestorePrivilege\r\n\t\t\tSeDebugPrivilege\r\n\t\t\tSeAuditPrivilege\r\n\t\t\tSeSystemEnvironmentPrivilege\r\n\t\t\tSeImpersonatePrivilege\r\n\t\t\tSeDelegateSessionUserImpersonatePrivilege')
2025-10-08 17:03:15,246 - WARNING - Critical Event Log: ID 4672 - ('S-1-5-18', 'SYSTEM', 'NT AUTHORITY', '0x3e7', 'SeAssignPrimaryTokenPrivilege\r\n\t\t\tSeTcbPrivilege\r\n\t\t\tSeSecurityPrivilege\r\n\t\t\tSeTakeOwnershipPrivilege\r\n\t\t\tSeLoadDriverPrivilege\r\n\t\t\tSeBackupPrivilege\r\n\t\t\tSeRestorePrivilege\r\n\t\t\tSeDebugPrivilege\r\n\t\t\tSeAuditPrivilege\r\n\t\t\tSeSystemEnvironmentPrivilege\r\n\t\t\tSeImpersonatePrivilege\r\n\t\t\tSeDelegateSessionUserImpersonatePrivilege')
2025-10-08 17:03:25,253 - WARNING - Critical Event Log: ID 4672 - ('S-1-5-18', 'SYSTEM', 'NT AUTHORITY', '0x3e7', 'SeAssignPrimaryTokenPrivilege\r\n\t\t\tSeTcbPrivilege\r\n\t\t\tSeSecurityPrivilege\r\n\t\t\tSeTakeOwnershipPrivilege\r\n\t\t\tSeLoadDriverPrivilege\r\n\t\t\tSeBackupPrivilege\r\n\t\t\tSeRestorePrivilege\r\n\t\t\tSeDebugPrivilege\r\n\t\t\tSeAuditPrivilege\r\n\t\t\tSeSystemEnvironmentPrivilege\r\n\t\t\tSeImpersonatePrivilege\r\n\t\t\tSeDelegateSessionUserImpersonatePrivilege')
2025-10-08 17:03:25,256 - WARNING - Critical Event Log: ID 4672 - ('S-1-5-18', 'SYSTEM', 'NT AUTHORITY', '0x3e7', 'SeAssignPrimaryTokenPrivilege\r\n\t\t\tSeTcbPrivilege\r\n\t\t\tSeSecurityPrivilege\r\n\t\t\tSeTakeOwnershipPrivilege\r\n\t\t\tSeLoadDriverPrivilege\r\n\t\t\tSeBackupPrivilege\r\n\t\t\tSeRestorePrivilege\r\n\t\t\tSeDebugPrivilege\r\n\t\t\tSeAuditPrivilege\r\n\t\t\tSeSystemEnvironmentPrivilege\r\n\t\t\tSeImpersonatePrivilege\r\n\t\t\tSeDelegateSessionUserImpersonatePrivilege')
2025-10-08 17:03:25,264 - WARNING - Critical Event Log: ID 4672 - ('S-1-5-18', 'SYSTEM', 'NT AUTHORITY', '0x3e7', 'SeAssignPrimaryTokenPrivilege\r\n\t\t\tSeTcbPrivilege\r\n\t\t\tSeSecurityPrivilege\r\n\t\t\tSeTakeOwnershipPrivilege\r\n\t\t\tSeLoadDriverPrivilege\r\n\t\t\tSeBackupPrivilege\r\n\t\t\tSeRestorePrivilege\r\n\t\t\tSeDebugPrivilege\r\n\t\t\tSeAuditPrivilege\r\n\t\t\tSeSystemEnvironmentPrivilege\r\n\t\t\tSeImpersonatePrivilege\r\n\t\t\tSeDelegateSessionUserImpersonatePrivilege')
2025-10-08 17:03:35,268 - WARNING - Critical Event Log: ID 4672 - ('S-1-5-18', 'SYSTEM', 'NT AUTHORITY', '0x3e7', 'SeAssignPrimaryTokenPrivilege\r\n\t\t\tSeTcbPrivilege\r\n\t\t\tSeSecurityPrivilege\r\n\t\t\tSeTakeOwnershipPrivilege\r\n\t\t\tSeLoadDriverPrivilege\r\n\t\t\tSeBackupPrivilege\r\n\t\t\tSeRestorePrivilege\r\n\t\t\tSeDebugPrivilege\r\n\t\t\tSeAuditPrivilege\r\n\t\t\tSeSystemEnvironmentPrivilege\r\n\t\t\tSeImpersonatePrivilege\r\n\t\t\tSeDelegateSessionUserImpersonatePrivilege')
2025-10-08 17:03:35,269 - WARNING - Critical Event Log: ID 4672 - ('S-1-5-18', 'SYSTEM', 'NT AUTHORITY', '0x3e7', 'SeAssignPrimaryTokenPrivilege\r\n\t\t\tSeTcbPrivilege\r\n\t\t\tSeSecurityPrivilege\r\n\t\t\tSeTakeOwnershipPrivilege\r\n\t\t\tSeLoadDriverPrivilege\r\n\t\t\tSeBackupPrivilege\r\n\t\t\tSeRestorePrivilege\r\n\t\t\tSeDebugPrivilege\r\n\t\t\tSeAuditPrivilege\r\n\t\t\tSeSystemEnvironmentPrivilege\r\n\t\t\tSeImpersonatePrivilege\r\n\t\t\tSeDelegateSessionUserImpersonatePrivilege')
2025-10-08 17:03:35,269 - WARNING - Critical Event Log: ID 4672 - ('S-1-5-18', 'SYSTEM', 'NT AUTHORITY', '0x3e7', 'SeAssignPrimaryTokenPrivilege\r\n\t\t\tSeTcbPrivilege\r\n\t\t\tSeSecurityPrivilege\r\n\t\t\tSeTakeOwnershipPrivilege\r\n\t\t\tSeLoadDriverPrivilege\r\n\t\t\tSeBackupPrivilege\r\n\t\t\tSeRestorePrivilege\r\n\t\t\tSeDebugPrivilege\r\n\t\t\tSeAuditPrivilege\r\n\t\t\tSeSystemEnvironmentPrivilege\r\n\t\t\tSeImpersonatePrivilege\r\n\t\t\tSeDelegateSessionUserImpersonatePrivilege')
2025-10-08 17:03:45,270 - WARNING - Critical Event Log: ID 4672 - ('S-1-5-18', 'SYSTEM', 'NT AUTHORITY', '0x3e7', 'SeAssignPrimaryTokenPrivilege\r\n\t\t\tSeTcbPrivilege\r\n\t\t\tSeSecurityPrivilege\r\n\t\t\tSeTakeOwnershipPrivilege\r\n\t\t\tSeLoadDriverPrivilege\r\n\t\t\tSeBackupPrivilege\r\n\t\t\tSeRestorePrivilege\r\n\t\t\tSeDebugPrivilege\r\n\t\t\tSeAuditPrivilege\r\n\t\t\tSeSystemEnvironmentPrivilege\r\n\t\t\tSeImpersonatePrivilege\r\n\t\t\tSeDelegateSessionUserImpersonatePrivilege')
2025-10-08 17:03:45,271 - WARNING - Critical Event Log: ID 4672 - ('S-1-5-18', 'SYSTEM', 'NT AUTHORITY', '0x3e7', 'SeAssignPrimaryTokenPrivilege\r\n\t\t\tSeTcbPrivilege\r\n\t\t\tSeSecurityPrivilege\r\n\t\t\tSeTakeOwnershipPrivilege\r\n\t\t\tSeLoadDriverPrivilege\r\n\t\t\tSeBackupPrivilege\r\n\t\t\tSeRestorePrivilege\r\n\t\t\tSeDebugPrivilege\r\n\t\t\tSeAuditPrivilege\r\n\t\t\tSeSystemEnvironmentPrivilege\r\n\t\t\tSeImpersonatePrivilege\r\n\t\t\tSeDelegateSessionUserImpersonatePrivilege')
2025-10-08 17:03:45,272 - WARNING - Critical Event Log: ID 4672 - ('S-1-5-18', 'SYSTEM', 'NT AUTHORITY', '0x3e7', 'SeAssignPrimaryTokenPrivilege\r\n\t\t\tSeTcbPrivilege\r\n\t\t\tSeSecurityPrivilege\r\n\t\t\tSeTakeOwnershipPrivilege\r\n\t\t\tSeLoadDriverPrivilege\r\n\t\t\tSeBackupPrivilege\r\n\t\t\tSeRestorePrivilege\r\n\t\t\tSeDebugPrivilege\r\n\t\t\tSeAuditPrivilege\r\n\t\t\tSeSystemEnvironmentPrivilege\r\n\t\t\tSeImpersonatePrivilege\r\n\t\t\tSeDelegateSessionUserImpersonatePrivilege')
2025-10-08 17:03:55,276 - WARNING - Critical Event Log: ID 4672 - ('S-1-5-18', 'SYSTEM', 'NT AUTHORITY', '0x3e7', 'SeAssignPrimaryTokenPrivilege\r\n\t\t\tSeTcbPrivilege\r\n\t\t\tSeSecurityPrivilege\r\n\t\t\tSeTakeOwnershipPrivilege\r\n\t\t\tSeLoadDriverPrivilege\r\n\t\t\tSeBackupPrivilege\r\n\t\t\tSeRestorePrivilege\r\n\t\t\tSeDebugPrivilege\r\n\t\t\tSeAuditPrivilege\r\n\t\t\tSeSystemEnvironmentPrivilege\r\n\t\t\tSeImpersonatePrivilege\r\n\t\t\tSeDelegateSessionUserImpersonatePrivilege')
2025-10-08 17:03:55,277 - WARNING - Critical Event Log: ID 4672 - ('S-1-5-18', 'SYSTEM', 'NT AUTHORITY', '0x3e7', 'SeAssignPrimaryTokenPrivilege\r\n\t\t\tSeTcbPrivilege\r\n\t\t\tSeSecurityPrivilege\r\n\t\t\tSeTakeOwnershipPrivilege\r\n\t\t\tSeLoadDriverPrivilege\r\n\t\t\tSeBackupPrivilege\r\n\t\t\tSeRestorePrivilege\r\n\t\t\tSeDebugPrivilege\r\n\t\t\tSeAuditPrivilege\r\n\t\t\tSeSystemEnvironmentPrivilege\r\n\t\t\tSeImpersonatePrivilege\r\n\t\t\tSeDelegateSessionUserImpersonatePrivilege')
2025-10-08 17:03:55,278 - WARNING - Critical Event Log: ID 4672 - ('S-1-5-18', 'SYSTEM', 'NT AUTHORITY', '0x3e7', 'SeAssignPrimaryTokenPrivilege\r\n\t\t\tSeTcbPrivilege\r\n\t\t\tSeSecurityPrivilege\r\n\t\t\tSeTakeOwnershipPrivilege\r\n\t\t\tSeLoadDriverPrivilege\r\n\t\t\tSeBackupPrivilege\r\n\t\t\tSeRestorePrivilege\r\n\t\t\tSeDebugPrivilege\r\n\t\t\tSeAuditPrivilege\r\n\t\t\tSeSystemEnvironmentPrivilege\r\n\t\t\tSeImpersonatePrivilege\r\n\t\t\tSeDelegateSessionUserImpersonatePrivilege')
2025-10-08 17:04:05,279 - WARNING - Critical Event Log: ID 4672 - ('S-1-5-18', 'SYSTEM', 'NT AUTHORITY', '0x3e7', 'SeAssignPrimaryTokenPrivilege\r\n\t\t\tSeTcbPrivilege\r\n\t\t\tSeSecurityPrivilege\r\n\t\t\tSeTakeOwnershipPrivilege\r\n\t\t\tSeLoadDriverPrivilege\r\n\t\t\tSeBackupPrivilege\r\n\t\t\tSeRestorePrivilege\r\n\t\t\tSeDebugPrivilege\r\n\t\t\tSeAuditPrivilege\r\n\t\t\tSeSystemEnvironmentPrivilege\r\n\t\t\tSeImpersonatePrivilege\r\n\t\t\tSeDelegateSessionUserImpersonatePrivilege')
2025-10-08 17:04:05,281 - WARNING - Critical Event Log: ID 4672 - ('S-1-5-18', 'SYSTEM', 'NT AUTHORITY', '0x3e7', 'SeAssignPrimaryTokenPrivilege\r\n\t\t\tSeTcbPrivilege\r\n\t\t\tSeSecurityPrivilege\r\n\t\t\tSeTakeOwnershipPrivilege\r\n\t\t\tSeLoadDriverPrivilege\r\n\t\t\tSeBackupPrivilege\r\n\t\t\tSeRestorePrivilege\r\n\t\t\tSeDebugPrivilege\r\n\t\t\tSeAuditPrivilege\r\n\t\t\tSeSystemEnvironmentPrivilege\r\n\t\t\tSeImpersonatePrivilege\r\n\t\t\tSeDelegateSessionUserImpersonatePrivilege')
2025-10-08 17:04:05,281 - WARNING - Critical Event Log: ID 4672 - ('S-1-5-18', 'SYSTEM', 'NT AUTHORITY', '0x3e7', 'SeAssignPrimaryTokenPrivilege\r\n\t\t\tSeTcbPrivilege\r\n\t\t\tSeSecurityPrivilege\r\n\t\t\tSeTakeOwnershipPrivilege\r\n\t\t\tSeLoadDriverPrivilege\r\n\t\t\tSeBackupPrivilege\r\n\t\t\tSeRestorePrivilege\r\n\t\t\tSeDebugPrivilege\r\n\t\t\tSeAuditPrivilege\r\n\t\t\tSeSystemEnvironmentPrivilege\r\n\t\t\tSeImpersonatePrivilege\r\n\t\t\tSeDelegateSessionUserImpersonatePrivilege')
2025-10-08 17:04:08,748 - CRITICAL - File modified: C:\\Windows\\System32\winevt\Logs\Microsoft-Windows-UniversalTelemetryClient%4Operational.evtx
2025-10-08 17:04:08,750 - CRITICAL - File modified: C:\\Windows\\System32\winevt\Logs\Microsoft-Windows-PushNotification-Platform%4Operational.evtx
2025-10-08 17:04:08,751 - CRITICAL - File modified: C:\\Windows\\System32\winevt\Logs\Microsoft-Windows-TaskScheduler%4Maintenance.evtx
2025-10-08 17:04:08,772 - CRITICAL - File modified: C:\\Windows\\System32\winevt\Logs\Microsoft-Windows-StorageManagement%4Operational.evtx
2025-10-08 17:04:08,778 - CRITICAL - File modified: C:\\Windows\\System32\winevt\Logs\Microsoft-Windows-Provisioning-Diagnostics-Provider%4Admin.evtx
2025-10-08 17:04:15,284 - WARNING - Critical Event Log: ID 4672 - ('S-1-5-18', 'SYSTEM', 'NT AUTHORITY', '0x3e7', 'SeAssignPrimaryTokenPrivilege\r\n\t\t\tSeTcbPrivilege\r\n\t\t\tSeSecurityPrivilege\r\n\t\t\tSeTakeOwnershipPrivilege\r\n\t\t\tSeLoadDriverPrivilege\r\n\t\t\tSeBackupPrivilege\r\n\t\t\tSeRestorePrivilege\r\n\t\t\tSeDebugPrivilege\r\n\t\t\tSeAuditPrivilege\r\n\t\t\tSeSystemEnvironmentPrivilege\r\n\t\t\tSeImpersonatePrivilege\r\n\t\t\tSeDelegateSessionUserImpersonatePrivilege')
2025-10-08 17:04:15,284 - WARNING - Critical Event Log: ID 4672 - ('S-1-5-18', 'SYSTEM', 'NT AUTHORITY', '0x3e7', 'SeAssignPrimaryTokenPrivilege\r\n\t\t\tSeTcbPrivilege\r\n\t\t\tSeSecurityPrivilege\r\n\t\t\tSeTakeOwnershipPrivilege\r\n\t\t\tSeLoadDriverPrivilege\r\n\t\t\tSeBackupPrivilege\r\n\t\t\tSeRestorePrivilege\r\n\t\t\tSeDebugPrivilege\r\n\t\t\tSeAuditPrivilege\r\n\t\t\tSeSystemEnvironmentPrivilege\r\n\t\t\tSeImpersonatePrivilege\r\n\t\t\tSeDelegateSessionUserImpersonatePrivilege')
2025-10-08 17:04:15,284 - WARNING - Critical Event Log: ID 4672 - ('S-1-5-18', 'SYSTEM', 'NT AUTHORITY', '0x3e7', 'SeAssignPrimaryTokenPrivilege\r\n\t\t\tSeTcbPrivilege\r\n\t\t\tSeSecurityPrivilege\r\n\t\t\tSeTakeOwnershipPrivilege\r\n\t\t\tSeLoadDriverPrivilege\r\n\t\t\tSeBackupPrivilege\r\n\t\t\tSeRestorePrivilege\r\n\t\t\tSeDebugPrivilege\r\n\t\t\tSeAuditPrivilege\r\n\t\t\tSeSystemEnvironmentPrivilege\r\n\t\t\tSeImpersonatePrivilege\r\n\t\t\tSeDelegateSessionUserImpersonatePrivilege')
2025-10-08 17:04:25,293 - WARNING - Critical Event Log: ID 4672 - ('S-1-5-18', 'SYSTEM', 'NT AUTHORITY', '0x3e7', 'SeAssignPrimaryTokenPrivilege\r\n\t\t\tSeTcbPrivilege\r\n\t\t\tSeSecurityPrivilege\r\n\t\t\tSeTakeOwnershipPrivilege\r\n\t\t\tSeLoadDriverPrivilege\r\n\t\t\tSeBackupPrivilege\r\n\t\t\tSeRestorePrivilege\r\n\t\t\tSeDebugPrivilege\r\n\t\t\tSeAuditPrivilege\r\n\t\t\tSeSystemEnvironmentPrivilege\r\n\t\t\tSeImpersonatePrivilege\r\n\t\t\tSeDelegateSessionUserImpersonatePrivilege')
2025-10-08 17:04:25,294 - WARNING - Critical Event Log: ID 4672 - ('S-1-5-18', 'SYSTEM', 'NT AUTHORITY', '0x3e7', 'SeAssignPrimaryTokenPrivilege\r\n\t\t\tSeTcbPrivilege\r\n\t\t\tSeSecurityPrivilege\r\n\t\t\tSeTakeOwnershipPrivilege\r\n\t\t\tSeLoadDriverPrivilege\r\n\t\t\tSeBackupPrivilege\r\n\t\t\tSeRestorePrivilege\r\n\t\t\tSeDebugPrivilege\r\n\t\t\tSeAuditPrivilege\r\n\t\t\tSeSystemEnvironmentPrivilege\r\n\t\t\tSeImpersonatePrivilege\r\n\t\t\tSeDelegateSessionUserImpersonatePrivilege')
2025-10-08 17:04:25,294 - WARNING - Critical Event Log: ID 4672 - ('S-1-5-18', 'SYSTEM', 'NT AUTHORITY', '0x3e7', 'SeAssignPrimaryTokenPrivilege\r\n\t\t\tSeTcbPrivilege\r\n\t\t\tSeSecurityPrivilege\r\n\t\t\tSeTakeOwnershipPrivilege\r\n\t\t\tSeLoadDriverPrivilege\r\n\t\t\tSeBackupPrivilege\r\n\t\t\tSeRestorePrivilege\r\n\t\t\tSeDebugPrivilege\r\n\t\t\tSeAuditPrivilege\r\n\t\t\tSeSystemEnvironmentPrivilege\r\n\t\t\tSeImpersonatePrivilege\r\n\t\t\tSeDelegateSessionUserImpersonatePrivilege')
2025-10-08 17:04:35,296 - WARNING - Critical Event Log: ID 4672 - ('S-1-5-18', 'SYSTEM', 'NT AUTHORITY', '0x3e7', 'SeAssignPrimaryTokenPrivilege\r\n\t\t\tSeTcbPrivilege\r\n\t\t\tSeSecurityPrivilege\r\n\t\t\tSeTakeOwnershipPrivilege\r\n\t\t\tSeLoadDriverPrivilege\r\n\t\t\tSeBackupPrivilege\r\n\t\t\tSeRestorePrivilege\r\n\t\t\tSeDebugPrivilege\r\n\t\t\tSeAuditPrivilege\r\n\t\t\tSeSystemEnvironmentPrivilege\r\n\t\t\tSeImpersonatePrivilege\r\n\t\t\tSeDelegateSessionUserImpersonatePrivilege')
2025-10-08 17:04:35,300 - WARNING - Critical Event Log: ID 4672 - ('S-1-5-18', 'SYSTEM', 'NT AUTHORITY', '0x3e7', 'SeAssignPrimaryTokenPrivilege\r\n\t\t\tSeTcbPrivilege\r\n\t\t\tSeSecurityPrivilege\r\n\t\t\tSeTakeOwnershipPrivilege\r\n\t\t\tSeLoadDriverPrivilege\r\n\t\t\tSeBackupPrivilege\r\n\t\t\tSeRestorePrivilege\r\n\t\t\tSeDebugPrivilege\r\n\t\t\tSeAuditPrivilege\r\n\t\t\tSeSystemEnvironmentPrivilege\r\n\t\t\tSeImpersonatePrivilege\r\n\t\t\tSeDelegateSessionUserImpersonatePrivilege')
2025-10-08 17:04:35,300 - WARNING - Critical Event Log: ID 4672 - ('S-1-5-18', 'SYSTEM', 'NT AUTHORITY', '0x3e7', 'SeAssignPrimaryTokenPrivilege\r\n\t\t\tSeTcbPrivilege\r\n\t\t\tSeSecurityPrivilege\r\n\t\t\tSeTakeOwnershipPrivilege\r\n\t\t\tSeLoadDriverPrivilege\r\n\t\t\tSeBackupPrivilege\r\n\t\t\tSeRestorePrivilege\r\n\t\t\tSeDebugPrivilege\r\n\t\t\tSeAuditPrivilege\r\n\t\t\tSeSystemEnvironmentPrivilege\r\n\t\t\tSeImpersonatePrivilege\r\n\t\t\tSeDelegateSessionUserImpersonatePrivilege')
2025-10-08 17:04:45,302 - WARNING - Critical Event Log: ID 4672 - ('S-1-5-18', 'SYSTEM', 'NT AUTHORITY', '0x3e7', 'SeAssignPrimaryTokenPrivilege\r\n\t\t\tSeTcbPrivilege\r\n\t\t\tSeSecurityPrivilege\r\n\t\t\tSeTakeOwnershipPrivilege\r\n\t\t\tSeLoadDriverPrivilege\r\n\t\t\tSeBackupPrivilege\r\n\t\t\tSeRestorePrivilege\r\n\t\t\tSeDebugPrivilege\r\n\t\t\tSeAuditPrivilege\r\n\t\t\tSeSystemEnvironmentPrivilege\r\n\t\t\tSeImpersonatePrivilege\r\n\t\t\tSeDelegateSessionUserImpersonatePrivilege')
2025-10-08 17:04:45,309 - WARNING - Critical Event Log: ID 4672 - ('S-1-5-18', 'SYSTEM', 'NT AUTHORITY', '0x3e7', 'SeAssignPrimaryTokenPrivilege\r\n\t\t\tSeTcbPrivilege\r\n\t\t\tSeSecurityPrivilege\r\n\t\t\tSeTakeOwnershipPrivilege\r\n\t\t\tSeLoadDriverPrivilege\r\n\t\t\tSeBackupPrivilege\r\n\t\t\tSeRestorePrivilege\r\n\t\t\tSeDebugPrivilege\r\n\t\t\tSeAuditPrivilege\r\n\t\t\tSeSystemEnvironmentPrivilege\r\n\t\t\tSeImpersonatePrivilege\r\n\t\t\tSeDelegateSessionUserImpersonatePrivilege')
2025-10-08 17:04:45,311 - WARNING - Critical Event Log: ID 4672 - ('S-1-5-18', 'SYSTEM', 'NT AUTHORITY', '0x3e7', 'SeAssignPrimaryTokenPrivilege\r\n\t\t\tSeTcbPrivilege\r\n\t\t\tSeSecurityPrivilege\r\n\t\t\tSeTakeOwnershipPrivilege\r\n\t\t\tSeLoadDriverPrivilege\r\n\t\t\tSeBackupPrivilege\r\n\t\t\tSeRestorePrivilege\r\n\t\t\tSeDebugPrivilege\r\n\t\t\tSeAuditPrivilege\r\n\t\t\tSeSystemEnvironmentPrivilege\r\n\t\t\tSeImpersonatePrivilege\r\n\t\t\tSeDelegateSessionUserImpersonatePrivilege')
2025-10-08 17:04:58,311 - INFO - Windows IDS stopped
2025-10-08 17:10:05,257 - INFO - Starting Windows IDS...
2025-10-08 17:10:05,257 - INFO - Creating file integrity baseline...
2025-10-08 17:11:22,897 - INFO - Baseline created for 95391 files
2025-10-08 17:11:22,899 - INFO - File Integrity Monitoring started
2025-10-08 17:11:22,910 - INFO - Windows IDS started successfully
2025-10-08 17:11:22,910 - WARNING - Critical Event Log: ID 4672 - ('S-1-5-18', 'SYSTEM', 'NT AUTHORITY', '0x3e7', 'SeAssignPrimaryTokenPrivilege\r\n\t\t\tSeTcbPrivilege\r\n\t\t\tSeSecurityPrivilege\r\n\t\t\tSeTakeOwnershipPrivilege\r\n\t\t\tSeLoadDriverPrivilege\r\n\t\t\tSeBackupPrivilege\r\n\t\t\tSeRestorePrivilege\r\n\t\t\tSeDebugPrivilege\r\n\t\t\tSeAuditPrivilege\r\n\t\t\tSeSystemEnvironmentPrivilege\r\n\t\t\tSeImpersonatePrivilege\r\n\t\t\tSeDelegateSessionUserImpersonatePrivilege')
2025-10-08 17:11:33,685 - WARNING - Critical Event Log: ID 4672 - ('S-1-5-18', 'SYSTEM', 'NT AUTHORITY', '0x3e7', 'SeAssignPrimaryTokenPrivilege\r\n\t\t\tSeTcbPrivilege\r\n\t\t\tSeSecurityPrivilege\r\n\t\t\tSeTakeOwnershipPrivilege\r\n\t\t\tSeLoadDriverPrivilege\r\n\t\t\tSeBackupPrivilege\r\n\t\t\tSeRestorePrivilege\r\n\t\t\tSeDebugPrivilege\r\n\t\t\tSeAuditPrivilege\r\n\t\t\tSeSystemEnvironmentPrivilege\r\n\t\t\tSeImpersonatePrivilege\r\n\t\t\tSeDelegateSessionUserImpersonatePrivilege')
2025-10-08 17:11:42,194 - CRITICAL - File modified: C:\\Windows\\System32\winevt\Logs\Microsoft-Windows-WMI-Activity%4Operational.evtx
2025-10-08 17:11:44,636 - ERROR - Event log monitoring error: (6, 'ReadEventLog', 'The handle is invalid.')
2025-10-08 17:12:37,964 - INFO - Windows IDS stopped
2025-10-08 17:16:19,175 - INFO - Starting Windows IDS...
2025-10-08 17:16:19,178 - INFO - Creating file integrity baseline...
2025-10-08 17:17:36,518 - INFO - Baseline created for 95391 files
2025-10-08 17:17:36,519 - INFO - File Integrity Monitoring started
2025-10-08 17:17:36,529 - INFO - Windows IDS started successfully
2025-10-08 17:17:56,536 - ERROR - Event log monitoring error: (6, 'ReadEventLog', 'The handle is invalid.')
2025-10-08 17:18:26,546 - ERROR - Event log monitoring error: (6, 'ReadEventLog', 'The handle is invalid.')
2025-10-08 17:18:36,551 - ERROR - Event log monitoring error: (6, 'ReadEventLog', 'The handle is invalid.')
2025-10-08 17:19:08,866 - CRITICAL - File modified: C:\\Windows\\System32\winevt\Logs\Microsoft-Windows-StorageManagement%4Operational.evtx
2025-10-08 17:19:26,569 - ERROR - Event log monitoring error: (6, 'ReadEventLog', 'The handle is invalid.')
2025-10-08 17:19:36,572 - ERROR - Event log monitoring error: (6, 'ReadEventLog', 'The handle is invalid.')
2025-10-08 17:19:46,577 - ERROR - Event log monitoring error: (6, 'ReadEventLog', 'The handle is invalid.')
2025-10-08 17:19:56,582 - ERROR - Event log monitoring error: (6, 'ReadEventLog', 'The handle is invalid.')
2025-10-08 17:20:36,599 - ERROR - Event log monitoring error: (6, 'ReadEventLog', 'The handle is invalid.')
2025-10-08 17:20:46,604 - ERROR - Event log monitoring error: (6, 'ReadEventLog', 'The handle is invalid.')
2025-10-08 17:21:06,614 - ERROR - Event log monitoring error: (6, 'ReadEventLog', 'The handle is invalid.')
2025-10-08 17:21:10,594 - CRITICAL - File modified: C:\\Windows\\System32\winevt\Logs\Microsoft-Windows-Security-LessPrivilegedAppContainer%4Operational.evtx
2025-10-08 17:21:16,618 - ERROR - Event log monitoring error: (6, 'ReadEventLog', 'The handle is invalid.')
2025-10-08 17:21:26,624 - WARNING - Critical Event Log: ID 4672 - ('S-1-5-18', 'SYSTEM', 'NT AUTHORITY', '0x3e7', 'SeAssignPrimaryTokenPrivilege\r\n\t\t\tSeTcbPrivilege\r\n\t\t\tSeSecurityPrivilege\r\n\t\t\tSeTakeOwnershipPrivilege\r\n\t\t\tSeLoadDriverPrivilege\r\n\t\t\tSeBackupPrivilege\r\n\t\t\tSeRestorePrivilege\r\n\t\t\tSeDebugPrivilege\r\n\t\t\tSeAuditPrivilege\r\n\t\t\tSeSystemEnvironmentPrivilege\r\n\t\t\tSeImpersonatePrivilege\r\n\t\t\tSeDelegateSessionUserImpersonatePrivilege')
2025-10-08 17:21:27,619 - WARNING - Critical Event Log: ID 4672 - ('S-1-5-18', 'SYSTEM', 'NT AUTHORITY', '0x3e7', 'SeAssignPrimaryTokenPrivilege\r\n\t\t\tSeTcbPrivilege\r\n\t\t\tSeSecurityPrivilege\r\n\t\t\tSeTakeOwnershipPrivilege\r\n\t\t\tSeLoadDriverPrivilege\r\n\t\t\tSeBackupPrivilege\r\n\t\t\tSeRestorePrivilege\r\n\t\t\tSeDebugPrivilege\r\n\t\t\tSeAuditPrivilege\r\n\t\t\tSeSystemEnvironmentPrivilege\r\n\t\t\tSeImpersonatePrivilege\r\n\t\t\tSeDelegateSessionUserImpersonatePrivilege')
2025-10-08 17:21:38,297 - ERROR - Event log monitoring error: (6, 'ReadEventLog', 'The handle is invalid.')
2025-10-08 17:21:38,858 - CRITICAL - File modified: C:\\Windows\\System32\winevt\Logs\Microsoft-Windows-Shell-Core%4Operational.evtx
2025-10-08 17:21:39,500 - CRITICAL - File modified: C:\\Windows\\System32\winevt\Logs\Microsoft-Windows-Shell-Core%4AppDefaults.evtx
2025-10-08 17:21:40,112 - CRITICAL - File modified: C:\\Windows\\System32\winevt\Logs\Microsoft-Windows-PushNotification-Platform%4Operational.evtx
2025-10-08 17:21:48,303 - ERROR - Event log monitoring error: (6, 'ReadEventLog', 'The handle is invalid.')
2025-10-08 17:21:56,007 - WARNING - New file created: C:\\Windows\\System32\config\systemprofile\AppData\Local\Microsoft\Office\OTele\officec2rclient.exe.db-wal
2025-10-08 17:21:56,742 - WARNING - New file created: C:\\Windows\\System32\config\systemprofile\AppData\Local\Microsoft\Office\OTele\officec2rclient.exe.db-shm
2025-10-08 17:21:57,579 - WARNING - New file detected: C:\\Windows\\System32\config\systemprofile\AppData\Local\Microsoft\Office\OTele\officec2rclient.exe.db-shm
2025-10-08 17:21:58,251 - CRITICAL - File modified: C:\\Windows\\System32\config\systemprofile\AppData\Local\Microsoft\Office\OTele\officec2rclient.exe.db
2025-10-08 17:21:58,306 - WARNING - Critical Event Log: ID 4672 - ('S-1-5-18', 'SYSTEM', 'NT AUTHORITY', '0x3e7', 'SeAssignPrimaryTokenPrivilege\r\n\t\t\tSeTcbPrivilege\r\n\t\t\tSeSecurityPrivilege\r\n\t\t\tSeTakeOwnershipPrivilege\r\n\t\t\tSeLoadDriverPrivilege\r\n\t\t\tSeBackupPrivilege\r\n\t\t\tSeRestorePrivilege\r\n\t\t\tSeDebugPrivilege\r\n\t\t\tSeAuditPrivilege\r\n\t\t\tSeSystemEnvironmentPrivilege\r\n\t\t\tSeImpersonatePrivilege\r\n\t\t\tSeDelegateSessionUserImpersonatePrivilege')
2025-10-08 17:21:58,852 - WARNING - File deleted: C:\\Windows\\System32\config\systemprofile\AppData\Local\Microsoft\Office\OTele\officec2rclient.exe.db-shm
2025-10-08 17:21:58,960 - WARNING - Critical Event Log: ID 4672 - ('S-1-5-18', 'SYSTEM', 'NT AUTHORITY', '0x3e7', 'SeAssignPrimaryTokenPrivilege\r\n\t\t\tSeTcbPrivilege\r\n\t\t\tSeSecurityPrivilege\r\n\t\t\tSeTakeOwnershipPrivilege\r\n\t\t\tSeLoadDriverPrivilege\r\n\t\t\tSeBackupPrivilege\r\n\t\t\tSeRestorePrivilege\r\n\t\t\tSeDebugPrivilege\r\n\t\t\tSeAuditPrivilege\r\n\t\t\tSeSystemEnvironmentPrivilege\r\n\t\t\tSeImpersonatePrivilege\r\n\t\t\tSeDelegateSessionUserImpersonatePrivilege')
2025-10-08 17:21:59,812 - WARNING - File deleted: C:\\Windows\\System32\config\systemprofile\AppData\Local\Microsoft\Office\OTele\officec2rclient.exe.db-wal
2025-10-08 17:22:04,374 - CRITICAL - File modified: C:\\Windows\\System32\winevt\Logs\Security.evtx
2025-10-08 17:22:05,250 - CRITICAL - File modified: C:\\Windows\\System32\winevt\Logs\Microsoft-Windows-StateRepository%4Operational.evtx
2025-10-08 17:22:09,725 - WARNING - Critical Event Log: ID 4672 - ('S-1-5-18', 'SYSTEM', 'NT AUTHORITY', '0x3e7', 'SeAssignPrimaryTokenPrivilege\r\n\t\t\tSeTcbPrivilege\r\n\t\t\tSeSecurityPrivilege\r\n\t\t\tSeTakeOwnershipPrivilege\r\n\t\t\tSeLoadDriverPrivilege\r\n\t\t\tSeBackupPrivilege\r\n\t\t\tSeRestorePrivilege\r\n\t\t\tSeDebugPrivilege\r\n\t\t\tSeAuditPrivilege\r\n\t\t\tSeSystemEnvironmentPrivilege\r\n\t\t\tSeImpersonatePrivilege\r\n\t\t\tSeDelegateSessionUserImpersonatePrivilege')
2025-10-08 17:22:10,521 - WARNING - Critical Event Log: ID 4672 - ('S-1-5-18', 'SYSTEM', 'NT AUTHORITY', '0x3e7', 'SeAssignPrimaryTokenPrivilege\r\n\t\t\tSeTcbPrivilege\r\n\t\t\tSeSecurityPrivilege\r\n\t\t\tSeTakeOwnershipPrivilege\r\n\t\t\tSeLoadDriverPrivilege\r\n\t\t\tSeBackupPrivilege\r\n\t\t\tSeRestorePrivilege\r\n\t\t\tSeDebugPrivilege\r\n\t\t\tSeAuditPrivilege\r\n\t\t\tSeSystemEnvironmentPrivilege\r\n\t\t\tSeImpersonatePrivilege\r\n\t\t\tSeDelegateSessionUserImpersonatePrivilege')
2025-10-08 17:22:11,501 - CRITICAL - File modified: C:\\Windows\\System32\winevt\Logs\Microsoft-Windows-GroupPolicy%4Operational.evtx
2025-10-08 17:22:21,159 - WARNING - Critical Event Log: ID 4672 - ('S-1-5-18', 'SYSTEM', 'NT AUTHORITY', '0x3e7', 'SeAssignPrimaryTokenPrivilege\r\n\t\t\tSeTcbPrivilege\r\n\t\t\tSeSecurityPrivilege\r\n\t\t\tSeTakeOwnershipPrivilege\r\n\t\t\tSeLoadDriverPrivilege\r\n\t\t\tSeBackupPrivilege\r\n\t\t\tSeRestorePrivilege\r\n\t\t\tSeDebugPrivilege\r\n\t\t\tSeAuditPrivilege\r\n\t\t\tSeSystemEnvironmentPrivilege\r\n\t\t\tSeImpersonatePrivilege\r\n\t\t\tSeDelegateSessionUserImpersonatePrivilege')
2025-10-08 17:22:21,793 - WARNING - Critical Event Log: ID 4672 - ('S-1-5-18', 'SYSTEM', 'NT AUTHORITY', '0x3e7', 'SeAssignPrimaryTokenPrivilege\r\n\t\t\tSeTcbPrivilege\r\n\t\t\tSeSecurityPrivilege\r\n\t\t\tSeTakeOwnershipPrivilege\r\n\t\t\tSeLoadDriverPrivilege\r\n\t\t\tSeBackupPrivilege\r\n\t\t\tSeRestorePrivilege\r\n\t\t\tSeDebugPrivilege\r\n\t\t\tSeAuditPrivilege\r\n\t\t\tSeSystemEnvironmentPrivilege\r\n\t\t\tSeImpersonatePrivilege\r\n\t\t\tSeDelegateSessionUserImpersonatePrivilege')
2025-10-08 17:22:32,422 - WARNING - Critical Event Log: ID 4672 - ('S-1-5-18', 'SYSTEM', 'NT AUTHORITY', '0x3e7', 'SeAssignPrimaryTokenPrivilege\r\n\t\t\tSeTcbPrivilege\r\n\t\t\tSeSecurityPrivilege\r\n\t\t\tSeTakeOwnershipPrivilege\r\n\t\t\tSeLoadDriverPrivilege\r\n\t\t\tSeBackupPrivilege\r\n\t\t\tSeRestorePrivilege\r\n\t\t\tSeDebugPrivilege\r\n\t\t\tSeAuditPrivilege\r\n\t\t\tSeSystemEnvironmentPrivilege\r\n\t\t\tSeImpersonatePrivilege\r\n\t\t\tSeDelegateSessionUserImpersonatePrivilege')
2025-10-08 17:22:33,075 - WARNING - Critical Event Log: ID 4672 - ('S-1-5-18', 'SYSTEM', 'NT AUTHORITY', '0x3e7', 'SeAssignPrimaryTokenPrivilege\r\n\t\t\tSeTcbPrivilege\r\n\t\t\tSeSecurityPrivilege\r\n\t\t\tSeTakeOwnershipPrivilege\r\n\t\t\tSeLoadDriverPrivilege\r\n\t\t\tSeBackupPrivilege\r\n\t\t\tSeRestorePrivilege\r\n\t\t\tSeDebugPrivilege\r\n\t\t\tSeAuditPrivilege\r\n\t\t\tSeSystemEnvironmentPrivilege\r\n\t\t\tSeImpersonatePrivilege\r\n\t\t\tSeDelegateSessionUserImpersonatePrivilege')
2025-10-08 17:22:43,863 - ERROR - Event log monitoring error: (6, 'ReadEventLog', 'The handle is invalid.')
2025-10-08 17:22:53,864 - ERROR - Event log monitoring error: (6, 'ReadEventLog', 'The handle is invalid.')
2025-10-08 17:23:03,868 - WARNING - Critical Event Log: ID 4672 - ('S-1-5-18', 'SYSTEM', 'NT AUTHORITY', '0x3e7', 'SeAssignPrimaryTokenPrivilege\r\n\t\t\tSeTcbPrivilege\r\n\t\t\tSeSecurityPrivilege\r\n\t\t\tSeTakeOwnershipPrivilege\r\n\t\t\tSeLoadDriverPrivilege\r\n\t\t\tSeBackupPrivilege\r\n\t\t\tSeRestorePrivilege\r\n\t\t\tSeDebugPrivilege\r\n\t\t\tSeAuditPrivilege\r\n\t\t\tSeSystemEnvironmentPrivilege\r\n\t\t\tSeImpersonatePrivilege\r\n\t\t\tSeDelegateSessionUserImpersonatePrivilege')
2025-10-08 17:23:04,453 - WARNING - Critical Event Log: ID 4672 - ('S-1-5-18', 'SYSTEM', 'NT AUTHORITY', '0x3e7', 'SeAssignPrimaryTokenPrivilege\r\n\t\t\tSeTcbPrivilege\r\n\t\t\tSeSecurityPrivilege\r\n\t\t\tSeTakeOwnershipPrivilege\r\n\t\t\tSeLoadDriverPrivilege\r\n\t\t\tSeBackupPrivilege\r\n\t\t\tSeRestorePrivilege\r\n\t\t\tSeDebugPrivilege\r\n\t\t\tSeAuditPrivilege\r\n\t\t\tSeSystemEnvironmentPrivilege\r\n\t\t\tSeImpersonatePrivilege\r\n\t\t\tSeDelegateSessionUserImpersonatePrivilege')
2025-10-08 17:23:19,122 - INFO - Windows IDS stopped
2025-10-08 17:31:28,658 - INFO - Starting Windows IDS...
2025-10-08 17:31:28,664 - INFO - Creating file integrity baseline...
2025-10-08 17:32:38,898 - INFO - Windows IDS stopped
2025-10-08 17:32:45,445 - INFO - Baseline created for 95391 files
2025-10-08 17:32:45,447 - INFO - File Integrity Monitoring started
2025-10-08 17:32:45,447 - INFO - Starting Wireshark-like network monitoring...
2025-10-08 17:32:45,447 - INFO - Windows IDS started successfully
2025-10-08 17:32:47,160 - WARNING - File deleted: C:\Windows\System32\LogFiles\WMI\RtBackup\EtwRTWinDiag-Realtime-Session.etl
2025-10-08 17:32:47,500 - WARNING - New file created: C:\Windows\System32\LogFiles\WMI\RtBackup\EtwRTWinDiag-Realtime-Session.etl
2025-10-08 17:32:48,196 - CRITICAL - File modified: C:\Windows\System32\Tasks\Microsoft\Windows\Flighting\OneSettings\RefreshCache
2025-10-08 17:32:49,039 - CRITICAL - File modified: C:\Windows\System32\Tasks\Microsoft\Windows\Flighting\OneSettings\RefreshCache
2025-10-08 17:33:16,373 - CRITICAL - File modified: C:\Windows\System32\Tasks\Microsoft\Windows\SoftwareProtectionPlatform\SvcRestartTask
2025-10-08 17:33:17,143 - CRITICAL - File modified: C:\Windows\System32\Tasks\Microsoft\Windows\SoftwareProtectionPlatform\SvcRestartTask
2025-10-08 17:33:36,879 - CRITICAL - File modified: C:\Windows\System32\winevt\Logs\Microsoft-Client-Licensing-Platform%4Admin.evtx
2025-10-08 17:33:42,200 - CRITICAL - File modified: C:\Windows\System32\winevt\Logs\Application.evtx
2025-10-08 17:33:43,697 - CRITICAL - File modified: C:\Windows\System32\winevt\Logs\Microsoft-Windows-StateRepository%4Operational.evtx
2025-10-08 17:34:09,014 - CRITICAL - File modified: C:\Windows\System32\winevt\Logs\Microsoft-Windows-Windows Defender%4Operational.evtx
2025-10-08 17:34:09,721 - CRITICAL - File modified: C:\Windows\System32\winevt\Logs\Microsoft-Windows-WMI-Activity%4Operational.evtx
2025-10-08 17:34:10,478 - CRITICAL - File modified: C:\Windows\System32\winevt\Logs\Microsoft-Windows-UniversalTelemetryClient%4Operational.evtx
2025-10-08 17:34:11,242 - CRITICAL - File modified: C:\Windows\System32\winevt\Logs\Microsoft-Windows-AppxPackaging%4Operational.evtx
2025-10-08 17:34:11,874 - CRITICAL - File modified: C:\Windows\System32\winevt\Logs\Microsoft-Windows-StorageManagement%4Operational.evtx
2025-10-08 17:37:42,965 - INFO - Starting Windows IDS...
2025-10-08 17:37:42,966 - INFO - Creating file integrity baseline...
2025-10-08 17:38:57,115 - INFO - Baseline created for 95389 files
2025-10-08 17:38:57,117 - INFO - File Integrity Monitoring started
2025-10-08 17:38:57,125 - INFO - Starting Wireshark-like network monitoring...
2025-10-08 17:38:57,126 - INFO - Windows IDS started successfully
2025-10-08 17:39:07,131 - ERROR - Event log monitoring error: (6, 'ReadEventLog', 'The handle is invalid.')
2025-10-08 17:39:09,087 - CRITICAL - File modified: C:\Windows\System32\winevt\Logs\Microsoft-Windows-StateRepository%4Operational.evtx
2025-10-08 17:39:09,774 - CRITICAL - File modified: C:\Windows\System32\winevt\Logs\Microsoft-Client-Licensing-Platform%4Admin.evtx
2025-10-08 17:39:21,880 - CRITICAL - File modified: C:\Windows\System32\winevt\Logs\Microsoft-Windows-AppID%4Operational.evtx
2025-10-08 17:39:27,143 - ERROR - Event log monitoring error: (6, 'ReadEventLog', 'The handle is invalid.')
2025-10-08 17:39:34,028 - WARNING - New file detected: C:\Windows\System32\sru\SRUDB.dat
2025-10-08 17:39:34,034 - WARNING - New file detected: C:\Windows\System32\sru\SRUDB.jfm
2025-10-08 17:39:34,035 - CRITICAL - File modified: C:\Windows\System32\sru\SRU.chk
2025-10-08 17:39:37,153 - ERROR - Event log monitoring error: (6, 'ReadEventLog', 'The handle is invalid.')
2025-10-08 17:39:51,259 - CRITICAL - File modified: C:\Windows\System32\config\systemprofile\AppData\LocalLow\Microsoft\CryptnetUrlCache\MetaData\77EC63BDA74BD0D0E0426DC8F8008506
2025-10-08 17:39:51,852 - CRITICAL - File modified: C:\Windows\System32\config\systemprofile\AppData\LocalLow\Microsoft\CryptnetUrlCache\MetaData\77003E887FC21E505B9E28CBA30E18ED_8ACE642DC0A43382FABA7AE806561A50
2025-10-08 17:39:52,557 - CRITICAL - File modified: C:\Windows\System32\config\systemprofile\AppData\LocalLow\Microsoft\CryptnetUrlCache\MetaData\86844F70250DD8EF225D6B4178798C21_1FB605FD2412C4F94AD934D8134A28AC
2025-10-08 17:39:53,546 - CRITICAL - File modified: C:\Windows\System32\config\systemprofile\AppData\LocalLow\Microsoft\CryptnetUrlCache\MetaData\86844F70250DD8EF225D6B4178798C21_2CDE88B3CC9A35A2EA16DC0201366139
2025-10-08 17:39:54,372 - CRITICAL - File modified: C:\Windows\System32\config\systemprofile\AppData\LocalLow\Microsoft\CryptnetUrlCache\MetaData\86844F70250DD8EF225D6B4178798C21_ACC1A26A3F5A815A00C8D5589432921F
2025-10-08 17:39:57,164 - ERROR - Event log monitoring error: (6, 'ReadEventLog', 'The handle is invalid.')
2025-10-08 17:40:03,240 - CRITICAL - File modified: C:\Windows\System32\winevt\Logs\Microsoft-Windows-Kernel-Cache%4Operational.evtx
2025-10-08 17:40:07,169 - ERROR - Event log monitoring error: (6, 'ReadEventLog', 'The handle is invalid.')
2025-10-08 17:40:37,179 - ERROR - Event log monitoring error: (6, 'ReadEventLog', 'The handle is invalid.')
2025-10-08 17:41:10,356 - INFO - Windows IDS stopped
2025-10-08 17:43:59,728 - INFO - Starting Windows IDS...
2025-10-08 17:43:59,729 - INFO - Creating file integrity baseline...
2025-10-08 17:45:27,289 - INFO - Baseline created for 95391 files
2025-10-08 17:45:27,290 - INFO - File Integrity Monitoring started
2025-10-08 17:45:27,298 - INFO - Starting Wireshark-like network monitoring...
2025-10-08 17:45:27,299 - INFO - Windows IDS started successfully
2025-10-08 17:45:27,304 - WARNING - Critical Event Log: ID 4672 - ('S-1-5-18', 'SYSTEM', 'NT AUTHORITY', '0x3e7', 'SeAssignPrimaryTokenPrivilege\r\n\t\t\tSeTcbPrivilege\r\n\t\t\tSeSecurityPrivilege\r\n\t\t\tSeTakeOwnershipPrivilege\r\n\t\t\tSeLoadDriverPrivilege\r\n\t\t\tSeBackupPrivilege\r\n\t\t\tSeRestorePrivilege\r\n\t\t\tSeDebugPrivilege\r\n\t\t\tSeAuditPrivilege\r\n\t\t\tSeSystemEnvironmentPrivilege\r\n\t\t\tSeImpersonatePrivilege\r\n\t\t\tSeDelegateSessionUserImpersonatePrivilege')
2025-10-08 17:45:37,305 - ERROR - Event log monitoring error: (6, 'ReadEventLog', 'The handle is invalid.')
2025-10-08 17:45:47,309 - ERROR - Event log monitoring error: (6, 'ReadEventLog', 'The handle is invalid.')
2025-10-08 17:45:57,318 - WARNING - Critical Event Log: ID 4672 - ('S-1-5-18', 'SYSTEM', 'NT AUTHORITY', '0x3e7', 'SeAssignPrimaryTokenPrivilege\r\n\t\t\tSeTcbPrivilege\r\n\t\t\tSeSecurityPrivilege\r\n\t\t\tSeTakeOwnershipPrivilege\r\n\t\t\tSeLoadDriverPrivilege\r\n\t\t\tSeBackupPrivilege\r\n\t\t\tSeRestorePrivilege\r\n\t\t\tSeDebugPrivilege\r\n\t\t\tSeAuditPrivilege\r\n\t\t\tSeSystemEnvironmentPrivilege\r\n\t\t\tSeImpersonatePrivilege\r\n\t\t\tSeDelegateSessionUserImpersonatePrivilege')
2025-10-08 17:46:07,325 - WARNING - Critical Event Log: ID 4672 - ('S-1-5-18', 'SYSTEM', 'NT AUTHORITY', '0x3e7', 'SeAssignPrimaryTokenPrivilege\r\n\t\t\tSeTcbPrivilege\r\n\t\t\tSeSecurityPrivilege\r\n\t\t\tSeTakeOwnershipPrivilege\r\n\t\t\tSeLoadDriverPrivilege\r\n\t\t\tSeBackupPrivilege\r\n\t\t\tSeRestorePrivilege\r\n\t\t\tSeDebugPrivilege\r\n\t\t\tSeAuditPrivilege\r\n\t\t\tSeSystemEnvironmentPrivilege\r\n\t\t\tSeImpersonatePrivilege\r\n\t\t\tSeDelegateSessionUserImpersonatePrivilege')
2025-10-08 17:46:17,332 - WARNING - Critical Event Log: ID 4672 - ('S-1-5-18', 'SYSTEM', 'NT AUTHORITY', '0x3e7', 'SeAssignPrimaryTokenPrivilege\r\n\t\t\tSeTcbPrivilege\r\n\t\t\tSeSecurityPrivilege\r\n\t\t\tSeTakeOwnershipPrivilege\r\n\t\t\tSeLoadDriverPrivilege\r\n\t\t\tSeBackupPrivilege\r\n\t\t\tSeRestorePrivilege\r\n\t\t\tSeDebugPrivilege\r\n\t\t\tSeAuditPrivilege\r\n\t\t\tSeSystemEnvironmentPrivilege\r\n\t\t\tSeImpersonatePrivilege\r\n\t\t\tSeDelegateSessionUserImpersonatePrivilege')
2025-10-08 17:46:27,336 - WARNING - Critical Event Log: ID 4672 - ('S-1-5-18', 'SYSTEM', 'NT AUTHORITY', '0x3e7', 'SeAssignPrimaryTokenPrivilege\r\n\t\t\tSeTcbPrivilege\r\n\t\t\tSeSecurityPrivilege\r\n\t\t\tSeTakeOwnershipPrivilege\r\n\t\t\tSeLoadDriverPrivilege\r\n\t\t\tSeBackupPrivilege\r\n\t\t\tSeRestorePrivilege\r\n\t\t\tSeDebugPrivilege\r\n\t\t\tSeAuditPrivilege\r\n\t\t\tSeSystemEnvironmentPrivilege\r\n\t\t\tSeImpersonatePrivilege\r\n\t\t\tSeDelegateSessionUserImpersonatePrivilege')
2025-10-08 17:46:37,338 - WARNING - Critical Event Log: ID 4672 - ('S-1-5-18', 'SYSTEM', 'NT AUTHORITY', '0x3e7', 'SeAssignPrimaryTokenPrivilege\r\n\t\t\tSeTcbPrivilege\r\n\t\t\tSeSecurityPrivilege\r\n\t\t\tSeTakeOwnershipPrivilege\r\n\t\t\tSeLoadDriverPrivilege\r\n\t\t\tSeBackupPrivilege\r\n\t\t\tSeRestorePrivilege\r\n\t\t\tSeDebugPrivilege\r\n\t\t\tSeAuditPrivilege\r\n\t\t\tSeSystemEnvironmentPrivilege\r\n\t\t\tSeImpersonatePrivilege\r\n\t\t\tSeDelegateSessionUserImpersonatePrivilege')
2025-10-08 17:46:47,341 - WARNING - Critical Event Log: ID 4672 - ('S-1-5-18', 'SYSTEM', 'NT AUTHORITY', '0x3e7', 'SeAssignPrimaryTokenPrivilege\r\n\t\t\tSeTcbPrivilege\r\n\t\t\tSeSecurityPrivilege\r\n\t\t\tSeTakeOwnershipPrivilege\r\n\t\t\tSeLoadDriverPrivilege\r\n\t\t\tSeBackupPrivilege\r\n\t\t\tSeRestorePrivilege\r\n\t\t\tSeDebugPrivilege\r\n\t\t\tSeAuditPrivilege\r\n\t\t\tSeSystemEnvironmentPrivilege\r\n\t\t\tSeImpersonatePrivilege\r\n\t\t\tSeDelegateSessionUserImpersonatePrivilege')
2025-10-08 17:46:57,345 - WARNING - Critical Event Log: ID 4672 - ('S-1-5-18', 'SYSTEM', 'NT AUTHORITY', '0x3e7', 'SeAssignPrimaryTokenPrivilege\r\n\t\t\tSeTcbPrivilege\r\n\t\t\tSeSecurityPrivilege\r\n\t\t\tSeTakeOwnershipPrivilege\r\n\t\t\tSeLoadDriverPrivilege\r\n\t\t\tSeBackupPrivilege\r\n\t\t\tSeRestorePrivilege\r\n\t\t\tSeDebugPrivilege\r\n\t\t\tSeAuditPrivilege\r\n\t\t\tSeSystemEnvironmentPrivilege\r\n\t\t\tSeImpersonatePrivilege\r\n\t\t\tSeDelegateSessionUserImpersonatePrivilege')
2025-10-08 17:47:07,347 - WARNING - Critical Event Log: ID 4672 - ('S-1-5-18', 'SYSTEM', 'NT AUTHORITY', '0x3e7', 'SeAssignPrimaryTokenPrivilege\r\n\t\t\tSeTcbPrivilege\r\n\t\t\tSeSecurityPrivilege\r\n\t\t\tSeTakeOwnershipPrivilege\r\n\t\t\tSeLoadDriverPrivilege\r\n\t\t\tSeBackupPrivilege\r\n\t\t\tSeRestorePrivilege\r\n\t\t\tSeDebugPrivilege\r\n\t\t\tSeAuditPrivilege\r\n\t\t\tSeSystemEnvironmentPrivilege\r\n\t\t\tSeImpersonatePrivilege\r\n\t\t\tSeDelegateSessionUserImpersonatePrivilege')
2025-10-08 17:47:17,350 - WARNING - Critical Event Log: ID 4672 - ('S-1-5-18', 'SYSTEM', 'NT AUTHORITY', '0x3e7', 'SeAssignPrimaryTokenPrivilege\r\n\t\t\tSeTcbPrivilege\r\n\t\t\tSeSecurityPrivilege\r\n\t\t\tSeTakeOwnershipPrivilege\r\n\t\t\tSeLoadDriverPrivilege\r\n\t\t\tSeBackupPrivilege\r\n\t\t\tSeRestorePrivilege\r\n\t\t\tSeDebugPrivilege\r\n\t\t\tSeAuditPrivilege\r\n\t\t\tSeSystemEnvironmentPrivilege\r\n\t\t\tSeImpersonatePrivilege\r\n\t\t\tSeDelegateSessionUserImpersonatePrivilege')
2025-10-08 17:47:27,353 - WARNING - Critical Event Log: ID 4672 - ('S-1-5-18', 'SYSTEM', 'NT AUTHORITY', '0x3e7', 'SeAssignPrimaryTokenPrivilege\r\n\t\t\tSeTcbPrivilege\r\n\t\t\tSeSecurityPrivilege\r\n\t\t\tSeTakeOwnershipPrivilege\r\n\t\t\tSeLoadDriverPrivilege\r\n\t\t\tSeBackupPrivilege\r\n\t\t\tSeRestorePrivilege\r\n\t\t\tSeDebugPrivilege\r\n\t\t\tSeAuditPrivilege\r\n\t\t\tSeSystemEnvironmentPrivilege\r\n\t\t\tSeImpersonatePrivilege\r\n\t\t\tSeDelegateSessionUserImpersonatePrivilege')
2025-10-08 17:47:37,356 - WARNING - Critical Event Log: ID 4672 - ('S-1-5-18', 'SYSTEM', 'NT AUTHORITY', '0x3e7', 'SeAssignPrimaryTokenPrivilege\r\n\t\t\tSeTcbPrivilege\r\n\t\t\tSeSecurityPrivilege\r\n\t\t\tSeTakeOwnershipPrivilege\r\n\t\t\tSeLoadDriverPrivilege\r\n\t\t\tSeBackupPrivilege\r\n\t\t\tSeRestorePrivilege\r\n\t\t\tSeDebugPrivilege\r\n\t\t\tSeAuditPrivilege\r\n\t\t\tSeSystemEnvironmentPrivilege\r\n\t\t\tSeImpersonatePrivilege\r\n\t\t\tSeDelegateSessionUserImpersonatePrivilege')
2025-10-08 17:47:47,357 - WARNING - Critical Event Log: ID 4672 - ('S-1-5-18', 'SYSTEM', 'NT AUTHORITY', '0x3e7', 'SeAssignPrimaryTokenPrivilege\r\n\t\t\tSeTcbPrivilege\r\n\t\t\tSeSecurityPrivilege\r\n\t\t\tSeTakeOwnershipPrivilege\r\n\t\t\tSeLoadDriverPrivilege\r\n\t\t\tSeBackupPrivilege\r\n\t\t\tSeRestorePrivilege\r\n\t\t\tSeDebugPrivilege\r\n\t\t\tSeAuditPrivilege\r\n\t\t\tSeSystemEnvironmentPrivilege\r\n\t\t\tSeImpersonatePrivilege\r\n\t\t\tSeDelegateSessionUserImpersonatePrivilege')
2025-10-08 17:47:57,360 - ERROR - Event log monitoring error: (6, 'ReadEventLog', 'The handle is invalid.')
2025-10-08 17:48:07,362 - WARNING - Critical Event Log: ID 4672 - ('S-1-5-18', 'SYSTEM', 'NT AUTHORITY', '0x3e7', 'SeAssignPrimaryTokenPrivilege\r\n\t\t\tSeTcbPrivilege\r\n\t\t\tSeSecurityPrivilege\r\n\t\t\tSeTakeOwnershipPrivilege\r\n\t\t\tSeLoadDriverPrivilege\r\n\t\t\tSeBackupPrivilege\r\n\t\t\tSeRestorePrivilege\r\n\t\t\tSeDebugPrivilege\r\n\t\t\tSeAuditPrivilege\r\n\t\t\tSeSystemEnvironmentPrivilege\r\n\t\t\tSeImpersonatePrivilege\r\n\t\t\tSeDelegateSessionUserImpersonatePrivilege')
2025-10-08 17:48:17,365 - WARNING - Critical Event Log: ID 4672 - ('S-1-5-18', 'SYSTEM', 'NT AUTHORITY', '0x3e7', 'SeAssignPrimaryTokenPrivilege\r\n\t\t\tSeTcbPrivilege\r\n\t\t\tSeSecurityPrivilege\r\n\t\t\tSeTakeOwnershipPrivilege\r\n\t\t\tSeLoadDriverPrivilege\r\n\t\t\tSeBackupPrivilege\r\n\t\t\tSeRestorePrivilege\r\n\t\t\tSeDebugPrivilege\r\n\t\t\tSeAuditPrivilege\r\n\t\t\tSeSystemEnvironmentPrivilege\r\n\t\t\tSeImpersonatePrivilege\r\n\t\t\tSeDelegateSessionUserImpersonatePrivilege')
2025-10-08 17:48:27,369 - WARNING - Critical Event Log: ID 4672 - ('S-1-5-18', 'SYSTEM', 'NT AUTHORITY', '0x3e7', 'SeAssignPrimaryTokenPrivilege\r\n\t\t\tSeTcbPrivilege\r\n\t\t\tSeSecurityPrivilege\r\n\t\t\tSeTakeOwnershipPrivilege\r\n\t\t\tSeLoadDriverPrivilege\r\n\t\t\tSeBackupPrivilege\r\n\t\t\tSeRestorePrivilege\r\n\t\t\tSeDebugPrivilege\r\n\t\t\tSeAuditPrivilege\r\n\t\t\tSeSystemEnvironmentPrivilege\r\n\t\t\tSeImpersonatePrivilege\r\n\t\t\tSeDelegateSessionUserImpersonatePrivilege')
2025-10-08 17:48:37,372 - WARNING - Critical Event Log: ID 4672 - ('S-1-5-18', 'SYSTEM', 'NT AUTHORITY', '0x3e7', 'SeAssignPrimaryTokenPrivilege\r\n\t\t\tSeTcbPrivilege\r\n\t\t\tSeSecurityPrivilege\r\n\t\t\tSeTakeOwnershipPrivilege\r\n\t\t\tSeLoadDriverPrivilege\r\n\t\t\tSeBackupPrivilege\r\n\t\t\tSeRestorePrivilege\r\n\t\t\tSeDebugPrivilege\r\n\t\t\tSeAuditPrivilege\r\n\t\t\tSeSystemEnvironmentPrivilege\r\n\t\t\tSeImpersonatePrivilege\r\n\t\t\tSeDelegateSessionUserImpersonatePrivilege')
2025-10-08 17:48:48,178 - INFO - Windows IDS stopped
2025-10-08 18:02:12,896 - INFO - Starting Windows IDS...
2025-10-08 18:02:12,897 - INFO - Creating file integrity baseline...
2025-10-08 18:03:22,208 - INFO - Baseline created for 95384 files
2025-10-08 18:03:22,223 - INFO - File Integrity Monitoring started
2025-10-08 18:03:22,223 - INFO - Starting Wireshark-like network monitoring...
2025-10-08 18:03:22,223 - INFO - Windows IDS started successfully
2025-10-08 18:03:22,223 - WARNING - Critical Event Log: ID 4672 - ('S-1-5-18', 'SYSTEM', 'NT AUTHORITY', '0x3e7', 'SeAssignPrimaryTokenPrivilege\r\n\t\t\tSeTcbPrivilege\r\n\t\t\tSeSecurityPrivilege\r\n\t\t\tSeTakeOwnershipPrivilege\r\n\t\t\tSeLoadDriverPrivilege\r\n\t\t\tSeBackupPrivilege\r\n\t\t\tSeRestorePrivilege\r\n\t\t\tSeDebugPrivilege\r\n\t\t\tSeAuditPrivilege\r\n\t\t\tSeSystemEnvironmentPrivilege\r\n\t\t\tSeImpersonatePrivilege\r\n\t\t\tSeDelegateSessionUserImpersonatePrivilege')
2025-10-08 18:03:22,223 - WARNING - Critical Event Log: ID 4624 - ('S-1-5-18', 'DESKTOP-F7BOMCG$', 'WORKGROUP', '0x3e7', 'S-1-5-18', 'SYSTEM', 'NT AUTHORITY', '0x3e7', '5', 'Advapi  ', 'Negotiate', '-', '{00000000-0000-0000-0000-000000000000}', '-', '-', '0', '0x464', 'C:\\Windows\\System32\\services.exe', '-', '-', '%%1833', '-', '-', '-', '-', '%%1843', '0x0', '%%1842')
2025-10-08 18:03:22,223 - WARNING - Critical Event Log: ID 4672 - ('S-1-5-18', 'SYSTEM', 'NT AUTHORITY', '0x3e7', 'SeAssignPrimaryTokenPrivilege\r\n\t\t\tSeTcbPrivilege\r\n\t\t\tSeSecurityPrivilege\r\n\t\t\tSeTakeOwnershipPrivilege\r\n\t\t\tSeLoadDriverPrivilege\r\n\t\t\tSeBackupPrivilege\r\n\t\t\tSeRestorePrivilege\r\n\t\t\tSeDebugPrivilege\r\n\t\t\tSeAuditPrivilege\r\n\t\t\tSeSystemEnvironmentPrivilege\r\n\t\t\tSeImpersonatePrivilege\r\n\t\t\tSeDelegateSessionUserImpersonatePrivilege')
2025-10-08 18:03:32,235 - WARNING - Critical Event Log: ID 4672 - ('S-1-5-18', 'SYSTEM', 'NT AUTHORITY', '0x3e7', 'SeAssignPrimaryTokenPrivilege\r\n\t\t\tSeTcbPrivilege\r\n\t\t\tSeSecurityPrivilege\r\n\t\t\tSeTakeOwnershipPrivilege\r\n\t\t\tSeLoadDriverPrivilege\r\n\t\t\tSeBackupPrivilege\r\n\t\t\tSeRestorePrivilege\r\n\t\t\tSeDebugPrivilege\r\n\t\t\tSeAuditPrivilege\r\n\t\t\tSeSystemEnvironmentPrivilege\r\n\t\t\tSeImpersonatePrivilege\r\n\t\t\tSeDelegateSessionUserImpersonatePrivilege')
2025-10-08 18:03:32,236 - WARNING - Critical Event Log: ID 4624 - ('S-1-5-18', 'DESKTOP-F7BOMCG$', 'WORKGROUP', '0x3e7', 'S-1-5-18', 'SYSTEM', 'NT AUTHORITY', '0x3e7', '5', 'Advapi  ', 'Negotiate', '-', '{00000000-0000-0000-0000-000000000000}', '-', '-', '0', '0x464', 'C:\\Windows\\System32\\services.exe', '-', '-', '%%1833', '-', '-', '-', '-', '%%1843', '0x0', '%%1842')
2025-10-08 18:03:32,236 - WARNING - Critical Event Log: ID 4672 - ('S-1-5-18', 'SYSTEM', 'NT AUTHORITY', '0x3e7', 'SeAssignPrimaryTokenPrivilege\r\n\t\t\tSeTcbPrivilege\r\n\t\t\tSeSecurityPrivilege\r\n\t\t\tSeTakeOwnershipPrivilege\r\n\t\t\tSeLoadDriverPrivilege\r\n\t\t\tSeBackupPrivilege\r\n\t\t\tSeRestorePrivilege\r\n\t\t\tSeDebugPrivilege\r\n\t\t\tSeAuditPrivilege\r\n\t\t\tSeSystemEnvironmentPrivilege\r\n\t\t\tSeImpersonatePrivilege\r\n\t\t\tSeDelegateSessionUserImpersonatePrivilege')
2025-10-08 18:03:42,240 - WARNING - Critical Event Log: ID 4672 - ('S-1-5-18', 'SYSTEM', 'NT AUTHORITY', '0x3e7', 'SeAssignPrimaryTokenPrivilege\r\n\t\t\tSeTcbPrivilege\r\n\t\t\tSeSecurityPrivilege\r\n\t\t\tSeTakeOwnershipPrivilege\r\n\t\t\tSeLoadDriverPrivilege\r\n\t\t\tSeBackupPrivilege\r\n\t\t\tSeRestorePrivilege\r\n\t\t\tSeDebugPrivilege\r\n\t\t\tSeAuditPrivilege\r\n\t\t\tSeSystemEnvironmentPrivilege\r\n\t\t\tSeImpersonatePrivilege\r\n\t\t\tSeDelegateSessionUserImpersonatePrivilege')
2025-10-08 18:03:42,241 - WARNING - Critical Event Log: ID 4624 - ('S-1-5-18', 'DESKTOP-F7BOMCG$', 'WORKGROUP', '0x3e7', 'S-1-5-18', 'SYSTEM', 'NT AUTHORITY', '0x3e7', '5', 'Advapi  ', 'Negotiate', '-', '{00000000-0000-0000-0000-000000000000}', '-', '-', '0', '0x464', 'C:\\Windows\\System32\\services.exe', '-', '-', '%%1833', '-', '-', '-', '-', '%%1843', '0x0', '%%1842')
2025-10-08 18:03:42,242 - WARNING - Critical Event Log: ID 4672 - ('S-1-5-18', 'SYSTEM', 'NT AUTHORITY', '0x3e7', 'SeAssignPrimaryTokenPrivilege\r\n\t\t\tSeTcbPrivilege\r\n\t\t\tSeSecurityPrivilege\r\n\t\t\tSeTakeOwnershipPrivilege\r\n\t\t\tSeLoadDriverPrivilege\r\n\t\t\tSeBackupPrivilege\r\n\t\t\tSeRestorePrivilege\r\n\t\t\tSeDebugPrivilege\r\n\t\t\tSeAuditPrivilege\r\n\t\t\tSeSystemEnvironmentPrivilege\r\n\t\t\tSeImpersonatePrivilege\r\n\t\t\tSeDelegateSessionUserImpersonatePrivilege')
2025-10-08 18:03:52,244 - WARNING - Critical Event Log: ID 4672 - ('S-1-5-18', 'SYSTEM', 'NT AUTHORITY', '0x3e7', 'SeAssignPrimaryTokenPrivilege\r\n\t\t\tSeTcbPrivilege\r\n\t\t\tSeSecurityPrivilege\r\n\t\t\tSeTakeOwnershipPrivilege\r\n\t\t\tSeLoadDriverPrivilege\r\n\t\t\tSeBackupPrivilege\r\n\t\t\tSeRestorePrivilege\r\n\t\t\tSeDebugPrivilege\r\n\t\t\tSeAuditPrivilege\r\n\t\t\tSeSystemEnvironmentPrivilege\r\n\t\t\tSeImpersonatePrivilege\r\n\t\t\tSeDelegateSessionUserImpersonatePrivilege')
2025-10-08 18:03:52,244 - WARNING - Critical Event Log: ID 4624 - ('S-1-5-18', 'DESKTOP-F7BOMCG$', 'WORKGROUP', '0x3e7', 'S-1-5-18', 'SYSTEM', 'NT AUTHORITY', '0x3e7', '5', 'Advapi  ', 'Negotiate', '-', '{00000000-0000-0000-0000-000000000000}', '-', '-', '0', '0x464', 'C:\\Windows\\System32\\services.exe', '-', '-', '%%1833', '-', '-', '-', '-', '%%1843', '0x0', '%%1842')
2025-10-08 18:03:52,244 - WARNING - Critical Event Log: ID 4672 - ('S-1-5-18', 'SYSTEM', 'NT AUTHORITY', '0x3e7', 'SeAssignPrimaryTokenPrivilege\r\n\t\t\tSeTcbPrivilege\r\n\t\t\tSeSecurityPrivilege\r\n\t\t\tSeTakeOwnershipPrivilege\r\n\t\t\tSeLoadDriverPrivilege\r\n\t\t\tSeBackupPrivilege\r\n\t\t\tSeRestorePrivilege\r\n\t\t\tSeDebugPrivilege\r\n\t\t\tSeAuditPrivilege\r\n\t\t\tSeSystemEnvironmentPrivilege\r\n\t\t\tSeImpersonatePrivilege\r\n\t\t\tSeDelegateSessionUserImpersonatePrivilege')
2025-10-08 18:04:02,247 - WARNING - Critical Event Log: ID 4672 - ('S-1-5-18', 'SYSTEM', 'NT AUTHORITY', '0x3e7', 'SeAssignPrimaryTokenPrivilege\r\n\t\t\tSeTcbPrivilege\r\n\t\t\tSeSecurityPrivilege\r\n\t\t\tSeTakeOwnershipPrivilege\r\n\t\t\tSeLoadDriverPrivilege\r\n\t\t\tSeBackupPrivilege\r\n\t\t\tSeRestorePrivilege\r\n\t\t\tSeDebugPrivilege\r\n\t\t\tSeAuditPrivilege\r\n\t\t\tSeSystemEnvironmentPrivilege\r\n\t\t\tSeImpersonatePrivilege\r\n\t\t\tSeDelegateSessionUserImpersonatePrivilege')
2025-10-08 18:04:02,247 - WARNING - Critical Event Log: ID 4624 - ('S-1-5-18', 'DESKTOP-F7BOMCG$', 'WORKGROUP', '0x3e7', 'S-1-5-18', 'SYSTEM', 'NT AUTHORITY', '0x3e7', '5', 'Advapi  ', 'Negotiate', '-', '{00000000-0000-0000-0000-000000000000}', '-', '-', '0', '0x464', 'C:\\Windows\\System32\\services.exe', '-', '-', '%%1833', '-', '-', '-', '-', '%%1843', '0x0', '%%1842')
2025-10-08 18:04:02,247 - WARNING - Critical Event Log: ID 4672 - ('S-1-5-18', 'SYSTEM', 'NT AUTHORITY', '0x3e7', 'SeAssignPrimaryTokenPrivilege\r\n\t\t\tSeTcbPrivilege\r\n\t\t\tSeSecurityPrivilege\r\n\t\t\tSeTakeOwnershipPrivilege\r\n\t\t\tSeLoadDriverPrivilege\r\n\t\t\tSeBackupPrivilege\r\n\t\t\tSeRestorePrivilege\r\n\t\t\tSeDebugPrivilege\r\n\t\t\tSeAuditPrivilege\r\n\t\t\tSeSystemEnvironmentPrivilege\r\n\t\t\tSeImpersonatePrivilege\r\n\t\t\tSeDelegateSessionUserImpersonatePrivilege')
2025-10-08 18:04:09,201 - CRITICAL - File modified: C:\Windows\System32\winevt\Logs\Microsoft-Windows-StorageManagement%4Operational.evtx
2025-10-08 18:04:12,259 - WARNING - Critical Event Log: ID 4672 - ('S-1-5-18', 'SYSTEM', 'NT AUTHORITY', '0x3e7', 'SeAssignPrimaryTokenPrivilege\r\n\t\t\tSeTcbPrivilege\r\n\t\t\tSeSecurityPrivilege\r\n\t\t\tSeTakeOwnershipPrivilege\r\n\t\t\tSeLoadDriverPrivilege\r\n\t\t\tSeBackupPrivilege\r\n\t\t\tSeRestorePrivilege\r\n\t\t\tSeDebugPrivilege\r\n\t\t\tSeAuditPrivilege\r\n\t\t\tSeSystemEnvironmentPrivilege\r\n\t\t\tSeImpersonatePrivilege\r\n\t\t\tSeDelegateSessionUserImpersonatePrivilege')
2025-10-08 18:04:12,262 - WARNING - Critical Event Log: ID 4624 - ('S-1-5-18', 'DESKTOP-F7BOMCG$', 'WORKGROUP', '0x3e7', 'S-1-5-18', 'SYSTEM', 'NT AUTHORITY', '0x3e7', '5', 'Advapi  ', 'Negotiate', '-', '{00000000-0000-0000-0000-000000000000}', '-', '-', '0', '0x464', 'C:\\Windows\\System32\\services.exe', '-', '-', '%%1833', '-', '-', '-', '-', '%%1843', '0x0', '%%1842')
2025-10-08 18:04:12,263 - WARNING - Critical Event Log: ID 4672 - ('S-1-5-18', 'SYSTEM', 'NT AUTHORITY', '0x3e7', 'SeAssignPrimaryTokenPrivilege\r\n\t\t\tSeTcbPrivilege\r\n\t\t\tSeSecurityPrivilege\r\n\t\t\tSeTakeOwnershipPrivilege\r\n\t\t\tSeLoadDriverPrivilege\r\n\t\t\tSeBackupPrivilege\r\n\t\t\tSeRestorePrivilege\r\n\t\t\tSeDebugPrivilege\r\n\t\t\tSeAuditPrivilege\r\n\t\t\tSeSystemEnvironmentPrivilege\r\n\t\t\tSeImpersonatePrivilege\r\n\t\t\tSeDelegateSessionUserImpersonatePrivilege')
2025-10-08 18:04:22,265 - WARNING - Critical Event Log: ID 4672 - ('S-1-5-18', 'SYSTEM', 'NT AUTHORITY', '0x3e7', 'SeAssignPrimaryTokenPrivilege\r\n\t\t\tSeTcbPrivilege\r\n\t\t\tSeSecurityPrivilege\r\n\t\t\tSeTakeOwnershipPrivilege\r\n\t\t\tSeLoadDriverPrivilege\r\n\t\t\tSeBackupPrivilege\r\n\t\t\tSeRestorePrivilege\r\n\t\t\tSeDebugPrivilege\r\n\t\t\tSeAuditPrivilege\r\n\t\t\tSeSystemEnvironmentPrivilege\r\n\t\t\tSeImpersonatePrivilege\r\n\t\t\tSeDelegateSessionUserImpersonatePrivilege')
2025-10-08 18:04:22,268 - WARNING - Critical Event Log: ID 4624 - ('S-1-5-18', 'DESKTOP-F7BOMCG$', 'WORKGROUP', '0x3e7', 'S-1-5-18', 'SYSTEM', 'NT AUTHORITY', '0x3e7', '5', 'Advapi  ', 'Negotiate', '-', '{00000000-0000-0000-0000-000000000000}', '-', '-', '0', '0x464', 'C:\\Windows\\System32\\services.exe', '-', '-', '%%1833', '-', '-', '-', '-', '%%1843', '0x0', '%%1842')
2025-10-08 18:04:22,269 - WARNING - Critical Event Log: ID 4672 - ('S-1-5-18', 'SYSTEM', 'NT AUTHORITY', '0x3e7', 'SeAssignPrimaryTokenPrivilege\r\n\t\t\tSeTcbPrivilege\r\n\t\t\tSeSecurityPrivilege\r\n\t\t\tSeTakeOwnershipPrivilege\r\n\t\t\tSeLoadDriverPrivilege\r\n\t\t\tSeBackupPrivilege\r\n\t\t\tSeRestorePrivilege\r\n\t\t\tSeDebugPrivilege\r\n\t\t\tSeAuditPrivilege\r\n\t\t\tSeSystemEnvironmentPrivilege\r\n\t\t\tSeImpersonatePrivilege\r\n\t\t\tSeDelegateSessionUserImpersonatePrivilege')
2025-10-08 18:04:32,271 - WARNING - Critical Event Log: ID 4672 - ('S-1-5-18', 'SYSTEM', 'NT AUTHORITY', '0x3e7', 'SeAssignPrimaryTokenPrivilege\r\n\t\t\tSeTcbPrivilege\r\n\t\t\tSeSecurityPrivilege\r\n\t\t\tSeTakeOwnershipPrivilege\r\n\t\t\tSeLoadDriverPrivilege\r\n\t\t\tSeBackupPrivilege\r\n\t\t\tSeRestorePrivilege\r\n\t\t\tSeDebugPrivilege\r\n\t\t\tSeAuditPrivilege\r\n\t\t\tSeSystemEnvironmentPrivilege\r\n\t\t\tSeImpersonatePrivilege\r\n\t\t\tSeDelegateSessionUserImpersonatePrivilege')
2025-10-08 18:04:32,271 - WARNING - Critical Event Log: ID 4624 - ('S-1-5-18', 'DESKTOP-F7BOMCG$', 'WORKGROUP', '0x3e7', 'S-1-5-18', 'SYSTEM', 'NT AUTHORITY', '0x3e7', '5', 'Advapi  ', 'Negotiate', '-', '{00000000-0000-0000-0000-000000000000}', '-', '-', '0', '0x464', 'C:\\Windows\\System32\\services.exe', '-', '-', '%%1833', '-', '-', '-', '-', '%%1843', '0x0', '%%1842')
2025-10-08 18:04:32,271 - WARNING - Critical Event Log: ID 4672 - ('S-1-5-18', 'SYSTEM', 'NT AUTHORITY', '0x3e7', 'SeAssignPrimaryTokenPrivilege\r\n\t\t\tSeTcbPrivilege\r\n\t\t\tSeSecurityPrivilege\r\n\t\t\tSeTakeOwnershipPrivilege\r\n\t\t\tSeLoadDriverPrivilege\r\n\t\t\tSeBackupPrivilege\r\n\t\t\tSeRestorePrivilege\r\n\t\t\tSeDebugPrivilege\r\n\t\t\tSeAuditPrivilege\r\n\t\t\tSeSystemEnvironmentPrivilege\r\n\t\t\tSeImpersonatePrivilege\r\n\t\t\tSeDelegateSessionUserImpersonatePrivilege')
2025-10-08 18:04:42,277 - ERROR - Event log monitoring error: (6, 'ReadEventLog', 'The handle is invalid.')
2025-10-08 18:04:52,279 - WARNING - Critical Event Log: ID 4672 - ('S-1-5-18', 'SYSTEM', 'NT AUTHORITY', '0x3e7', 'SeAssignPrimaryTokenPrivilege\r\n\t\t\tSeTcbPrivilege\r\n\t\t\tSeSecurityPrivilege\r\n\t\t\tSeTakeOwnershipPrivilege\r\n\t\t\tSeLoadDriverPrivilege\r\n\t\t\tSeBackupPrivilege\r\n\t\t\tSeRestorePrivilege\r\n\t\t\tSeDebugPrivilege\r\n\t\t\tSeAuditPrivilege\r\n\t\t\tSeSystemEnvironmentPrivilege\r\n\t\t\tSeImpersonatePrivilege\r\n\t\t\tSeDelegateSessionUserImpersonatePrivilege')
2025-10-08 18:04:52,279 - WARNING - Critical Event Log: ID 4624 - ('S-1-5-18', 'DESKTOP-F7BOMCG$', 'WORKGROUP', '0x3e7', 'S-1-5-18', 'SYSTEM', 'NT AUTHORITY', '0x3e7', '5', 'Advapi  ', 'Negotiate', '-', '{00000000-0000-0000-0000-000000000000}', '-', '-', '0', '0x464', 'C:\\Windows\\System32\\services.exe', '-', '-', '%%1833', '-', '-', '-', '-', '%%1843', '0x0', '%%1842')
2025-10-08 18:04:52,279 - WARNING - Critical Event Log: ID 4672 - ('S-1-5-18', 'SYSTEM', 'NT AUTHORITY', '0x3e7', 'SeAssignPrimaryTokenPrivilege\r\n\t\t\tSeTcbPrivilege\r\n\t\t\tSeSecurityPrivilege\r\n\t\t\tSeTakeOwnershipPrivilege\r\n\t\t\tSeLoadDriverPrivilege\r\n\t\t\tSeBackupPrivilege\r\n\t\t\tSeRestorePrivilege\r\n\t\t\tSeDebugPrivilege\r\n\t\t\tSeAuditPrivilege\r\n\t\t\tSeSystemEnvironmentPrivilege\r\n\t\t\tSeImpersonatePrivilege\r\n\t\t\tSeDelegateSessionUserImpersonatePrivilege')
2025-10-08 18:05:02,287 - ERROR - Event log monitoring error: (6, 'ReadEventLog', 'The handle is invalid.')
2025-10-08 18:05:12,290 - WARNING - Critical Event Log: ID 4672 - ('S-1-5-18', 'SYSTEM', 'NT AUTHORITY', '0x3e7', 'SeAssignPrimaryTokenPrivilege\r\n\t\t\tSeTcbPrivilege\r\n\t\t\tSeSecurityPrivilege\r\n\t\t\tSeTakeOwnershipPrivilege\r\n\t\t\tSeLoadDriverPrivilege\r\n\t\t\tSeBackupPrivilege\r\n\t\t\tSeRestorePrivilege\r\n\t\t\tSeDebugPrivilege\r\n\t\t\tSeAuditPrivilege\r\n\t\t\tSeSystemEnvironmentPrivilege\r\n\t\t\tSeImpersonatePrivilege\r\n\t\t\tSeDelegateSessionUserImpersonatePrivilege')
2025-10-08 18:05:12,290 - WARNING - Critical Event Log: ID 4624 - ('S-1-5-18', 'DESKTOP-F7BOMCG$', 'WORKGROUP', '0x3e7', 'S-1-5-18', 'SYSTEM', 'NT AUTHORITY', '0x3e7', '5', 'Advapi  ', 'Negotiate', '-', '{00000000-0000-0000-0000-000000000000}', '-', '-', '0', '0x464', 'C:\\Windows\\System32\\services.exe', '-', '-', '%%1833', '-', '-', '-', '-', '%%1843', '0x0', '%%1842')
2025-10-08 18:05:12,290 - WARNING - Critical Event Log: ID 4672 - ('S-1-5-18', 'SYSTEM', 'NT AUTHORITY', '0x3e7', 'SeAssignPrimaryTokenPrivilege\r\n\t\t\tSeTcbPrivilege\r\n\t\t\tSeSecurityPrivilege\r\n\t\t\tSeTakeOwnershipPrivilege\r\n\t\t\tSeLoadDriverPrivilege\r\n\t\t\tSeBackupPrivilege\r\n\t\t\tSeRestorePrivilege\r\n\t\t\tSeDebugPrivilege\r\n\t\t\tSeAuditPrivilege\r\n\t\t\tSeSystemEnvironmentPrivilege\r\n\t\t\tSeImpersonatePrivilege\r\n\t\t\tSeDelegateSessionUserImpersonatePrivilege')
2025-10-08 18:05:20,808 - WARNING - New file created: C:\Windows\System32\config\systemprofile\AppData\Roaming\Waves Audio\Logs\PostInstall\PostInstall_2025-10-08-18-05.log
2025-10-08 18:05:22,294 - WARNING - Critical Event Log: ID 4672 - ('S-1-5-18', 'SYSTEM', 'NT AUTHORITY', '0x3e7', 'SeAssignPrimaryTokenPrivilege\r\n\t\t\tSeTcbPrivilege\r\n\t\t\tSeSecurityPrivilege\r\n\t\t\tSeTakeOwnershipPrivilege\r\n\t\t\tSeLoadDriverPrivilege\r\n\t\t\tSeBackupPrivilege\r\n\t\t\tSeRestorePrivilege\r\n\t\t\tSeDebugPrivilege\r\n\t\t\tSeAuditPrivilege\r\n\t\t\tSeSystemEnvironmentPrivilege\r\n\t\t\tSeImpersonatePrivilege\r\n\t\t\tSeDelegateSessionUserImpersonatePrivilege')
2025-10-08 18:05:22,294 - WARNING - Critical Event Log: ID 4624 - ('S-1-5-18', 'DESKTOP-F7BOMCG$', 'WORKGROUP', '0x3e7', 'S-1-5-18', 'SYSTEM', 'NT AUTHORITY', '0x3e7', '5', 'Advapi  ', 'Negotiate', '-', '{00000000-0000-0000-0000-000000000000}', '-', '-', '0', '0x464', 'C:\\Windows\\System32\\services.exe', '-', '-', '%%1833', '-', '-', '-', '-', '%%1843', '0x0', '%%1842')
2025-10-08 18:05:22,294 - WARNING - Critical Event Log: ID 4672 - ('S-1-5-18', 'SYSTEM', 'NT AUTHORITY', '0x3e7', 'SeAssignPrimaryTokenPrivilege\r\n\t\t\tSeTcbPrivilege\r\n\t\t\tSeSecurityPrivilege\r\n\t\t\tSeTakeOwnershipPrivilege\r\n\t\t\tSeLoadDriverPrivilege\r\n\t\t\tSeBackupPrivilege\r\n\t\t\tSeRestorePrivilege\r\n\t\t\tSeDebugPrivilege\r\n\t\t\tSeAuditPrivilege\r\n\t\t\tSeSystemEnvironmentPrivilege\r\n\t\t\tSeImpersonatePrivilege\r\n\t\t\tSeDelegateSessionUserImpersonatePrivilege')
2025-10-08 18:05:32,297 - ERROR - Event log monitoring error: (6, 'ReadEventLog', 'The handle is invalid.')
2025-10-08 18:05:42,298 - WARNING - Critical Event Log: ID 4672 - ('S-1-5-18', 'SYSTEM', 'NT AUTHORITY', '0x3e7', 'SeAssignPrimaryTokenPrivilege\r\n\t\t\tSeTcbPrivilege\r\n\t\t\tSeSecurityPrivilege\r\n\t\t\tSeTakeOwnershipPrivilege\r\n\t\t\tSeLoadDriverPrivilege\r\n\t\t\tSeBackupPrivilege\r\n\t\t\tSeRestorePrivilege\r\n\t\t\tSeDebugPrivilege\r\n\t\t\tSeAuditPrivilege\r\n\t\t\tSeSystemEnvironmentPrivilege\r\n\t\t\tSeImpersonatePrivilege\r\n\t\t\tSeDelegateSessionUserImpersonatePrivilege')
2025-10-08 18:05:42,298 - WARNING - Critical Event Log: ID 4624 - ('S-1-5-18', 'DESKTOP-F7BOMCG$', 'WORKGROUP', '0x3e7', 'S-1-5-18', 'SYSTEM', 'NT AUTHORITY', '0x3e7', '5', 'Advapi  ', 'Negotiate', '-', '{00000000-0000-0000-0000-000000000000}', '-', '-', '0', '0x464', 'C:\\Windows\\System32\\services.exe', '-', '-', '%%1833', '-', '-', '-', '-', '%%1843', '0x0', '%%1842')
2025-10-08 18:05:42,298 - WARNING - Critical Event Log: ID 4672 - ('S-1-5-18', 'SYSTEM', 'NT AUTHORITY', '0x3e7', 'SeAssignPrimaryTokenPrivilege\r\n\t\t\tSeTcbPrivilege\r\n\t\t\tSeSecurityPrivilege\r\n\t\t\tSeTakeOwnershipPrivilege\r\n\t\t\tSeLoadDriverPrivilege\r\n\t\t\tSeBackupPrivilege\r\n\t\t\tSeRestorePrivilege\r\n\t\t\tSeDebugPrivilege\r\n\t\t\tSeAuditPrivilege\r\n\t\t\tSeSystemEnvironmentPrivilege\r\n\t\t\tSeImpersonatePrivilege\r\n\t\t\tSeDelegateSessionUserImpersonatePrivilege')
2025-10-08 18:05:52,302 - WARNING - Critical Event Log: ID 4672 - ('S-1-5-18', 'SYSTEM', 'NT AUTHORITY', '0x3e7', 'SeAssignPrimaryTokenPrivilege\r\n\t\t\tSeTcbPrivilege\r\n\t\t\tSeSecurityPrivilege\r\n\t\t\tSeTakeOwnershipPrivilege\r\n\t\t\tSeLoadDriverPrivilege\r\n\t\t\tSeBackupPrivilege\r\n\t\t\tSeRestorePrivilege\r\n\t\t\tSeDebugPrivilege\r\n\t\t\tSeAuditPrivilege\r\n\t\t\tSeSystemEnvironmentPrivilege\r\n\t\t\tSeImpersonatePrivilege\r\n\t\t\tSeDelegateSessionUserImpersonatePrivilege')
2025-10-08 18:05:52,302 - WARNING - Critical Event Log: ID 4624 - ('S-1-5-18', 'DESKTOP-F7BOMCG$', 'WORKGROUP', '0x3e7', 'S-1-5-18', 'SYSTEM', 'NT AUTHORITY', '0x3e7', '5', 'Advapi  ', 'Negotiate', '-', '{00000000-0000-0000-0000-000000000000}', '-', '-', '0', '0x464', 'C:\\Windows\\System32\\services.exe', '-', '-', '%%1833', '-', '-', '-', '-', '%%1843', '0x0', '%%1842')
2025-10-08 18:05:52,304 - WARNING - Critical Event Log: ID 4672 - ('S-1-5-18', 'SYSTEM', 'NT AUTHORITY', '0x3e7', 'SeAssignPrimaryTokenPrivilege\r\n\t\t\tSeTcbPrivilege\r\n\t\t\tSeSecurityPrivilege\r\n\t\t\tSeTakeOwnershipPrivilege\r\n\t\t\tSeLoadDriverPrivilege\r\n\t\t\tSeBackupPrivilege\r\n\t\t\tSeRestorePrivilege\r\n\t\t\tSeDebugPrivilege\r\n\t\t\tSeAuditPrivilege\r\n\t\t\tSeSystemEnvironmentPrivilege\r\n\t\t\tSeImpersonatePrivilege\r\n\t\t\tSeDelegateSessionUserImpersonatePrivilege')
2025-10-08 18:06:02,305 - WARNING - Critical Event Log: ID 4672 - ('S-1-5-18', 'SYSTEM', 'NT AUTHORITY', '0x3e7', 'SeAssignPrimaryTokenPrivilege\r\n\t\t\tSeTcbPrivilege\r\n\t\t\tSeSecurityPrivilege\r\n\t\t\tSeTakeOwnershipPrivilege\r\n\t\t\tSeLoadDriverPrivilege\r\n\t\t\tSeBackupPrivilege\r\n\t\t\tSeRestorePrivilege\r\n\t\t\tSeDebugPrivilege\r\n\t\t\tSeAuditPrivilege\r\n\t\t\tSeSystemEnvironmentPrivilege\r\n\t\t\tSeImpersonatePrivilege\r\n\t\t\tSeDelegateSessionUserImpersonatePrivilege')
2025-10-08 18:06:02,305 - WARNING - Critical Event Log: ID 4624 - ('S-1-5-18', 'DESKTOP-F7BOMCG$', 'WORKGROUP', '0x3e7', 'S-1-5-18', 'SYSTEM', 'NT AUTHORITY', '0x3e7', '5', 'Advapi  ', 'Negotiate', '-', '{00000000-0000-0000-0000-000000000000}', '-', '-', '0', '0x464', 'C:\\Windows\\System32\\services.exe', '-', '-', '%%1833', '-', '-', '-', '-', '%%1843', '0x0', '%%1842')
2025-10-08 18:06:02,305 - WARNING - Critical Event Log: ID 4672 - ('S-1-5-18', 'SYSTEM', 'NT AUTHORITY', '0x3e7', 'SeAssignPrimaryTokenPrivilege\r\n\t\t\tSeTcbPrivilege\r\n\t\t\tSeSecurityPrivilege\r\n\t\t\tSeTakeOwnershipPrivilege\r\n\t\t\tSeLoadDriverPrivilege\r\n\t\t\tSeBackupPrivilege\r\n\t\t\tSeRestorePrivilege\r\n\t\t\tSeDebugPrivilege\r\n\t\t\tSeAuditPrivilege\r\n\t\t\tSeSystemEnvironmentPrivilege\r\n\t\t\tSeImpersonatePrivilege\r\n\t\t\tSeDelegateSessionUserImpersonatePrivilege')
2025-10-08 18:06:12,309 - ERROR - Event log monitoring error: (6, 'ReadEventLog', 'The handle is invalid.')
2025-10-08 18:06:18,197 - CRITICAL - File modified: C:\Windows\System32\winevt\Logs\Intel Graphics Software.evtx
2025-10-08 18:06:19,722 - CRITICAL - File modified: C:\Windows\System32\winevt\Logs\Microsoft-Windows-Audio%4Operational.evtx
2025-10-08 18:06:20,421 - CRITICAL - File modified: C:\Windows\System32\winevt\Logs\Microsoft-Windows-Kernel-PnP%4Device Management.evtx
2025-10-08 18:06:21,152 - CRITICAL - File modified: C:\Windows\System32\winevt\Logs\Microsoft-Windows-Known Folders API Service.evtx
2025-10-08 18:06:22,310 - ERROR - Event log monitoring error: (6, 'ReadEventLog', 'The handle is invalid.')
2025-10-08 18:06:32,312 - ERROR - Event log monitoring error: (6, 'ReadEventLog', 'The handle is invalid.')
2025-10-08 18:06:42,313 - ERROR - Event log monitoring error: (6, 'ReadEventLog', 'The handle is invalid.')
2025-10-08 18:06:52,314 - ERROR - Event log monitoring error: (6, 'ReadEventLog', 'The handle is invalid.')
2025-10-08 18:07:02,316 - WARNING - Critical Event Log: ID 4672 - ('S-1-5-18', 'SYSTEM', 'NT AUTHORITY', '0x3e7', 'SeAssignPrimaryTokenPrivilege\r\n\t\t\tSeTcbPrivilege\r\n\t\t\tSeSecurityPrivilege\r\n\t\t\tSeTakeOwnershipPrivilege\r\n\t\t\tSeLoadDriverPrivilege\r\n\t\t\tSeBackupPrivilege\r\n\t\t\tSeRestorePrivilege\r\n\t\t\tSeDebugPrivilege\r\n\t\t\tSeAuditPrivilege\r\n\t\t\tSeSystemEnvironmentPrivilege\r\n\t\t\tSeImpersonatePrivilege\r\n\t\t\tSeDelegateSessionUserImpersonatePrivilege')
2025-10-08 18:07:02,316 - WARNING - Critical Event Log: ID 4624 - ('S-1-5-18', 'DESKTOP-F7BOMCG$', 'WORKGROUP', '0x3e7', 'S-1-5-18', 'SYSTEM', 'NT AUTHORITY', '0x3e7', '5', 'Advapi  ', 'Negotiate', '-', '{00000000-0000-0000-0000-000000000000}', '-', '-', '0', '0x464', 'C:\\Windows\\System32\\services.exe', '-', '-', '%%1833', '-', '-', '-', '-', '%%1843', '0x0', '%%1842')
2025-10-08 18:07:02,316 - WARNING - Critical Event Log: ID 4672 - ('S-1-5-18', 'SYSTEM', 'NT AUTHORITY', '0x3e7', 'SeAssignPrimaryTokenPrivilege\r\n\t\t\tSeTcbPrivilege\r\n\t\t\tSeSecurityPrivilege\r\n\t\t\tSeTakeOwnershipPrivilege\r\n\t\t\tSeLoadDriverPrivilege\r\n\t\t\tSeBackupPrivilege\r\n\t\t\tSeRestorePrivilege\r\n\t\t\tSeDebugPrivilege\r\n\t\t\tSeAuditPrivilege\r\n\t\t\tSeSystemEnvironmentPrivilege\r\n\t\t\tSeImpersonatePrivilege\r\n\t\t\tSeDelegateSessionUserImpersonatePrivilege')
2025-10-08 18:07:12,318 - WARNING - Critical Event Log: ID 4672 - ('S-1-5-18', 'SYSTEM', 'NT AUTHORITY', '0x3e7', 'SeAssignPrimaryTokenPrivilege\r\n\t\t\tSeTcbPrivilege\r\n\t\t\tSeSecurityPrivilege\r\n\t\t\tSeTakeOwnershipPrivilege\r\n\t\t\tSeLoadDriverPrivilege\r\n\t\t\tSeBackupPrivilege\r\n\t\t\tSeRestorePrivilege\r\n\t\t\tSeDebugPrivilege\r\n\t\t\tSeAuditPrivilege\r\n\t\t\tSeSystemEnvironmentPrivilege\r\n\t\t\tSeImpersonatePrivilege\r\n\t\t\tSeDelegateSessionUserImpersonatePrivilege')
2025-10-08 18:07:12,318 - WARNING - Critical Event Log: ID 4624 - ('S-1-5-18', 'DESKTOP-F7BOMCG$', 'WORKGROUP', '0x3e7', 'S-1-5-18', 'SYSTEM', 'NT AUTHORITY', '0x3e7', '5', 'Advapi  ', 'Negotiate', '-', '{00000000-0000-0000-0000-000000000000}', '-', '-', '0', '0x464', 'C:\\Windows\\System32\\services.exe', '-', '-', '%%1833', '-', '-', '-', '-', '%%1843', '0x0', '%%1842')
2025-10-08 18:07:12,318 - WARNING - Critical Event Log: ID 4672 - ('S-1-5-18', 'SYSTEM', 'NT AUTHORITY', '0x3e7', 'SeAssignPrimaryTokenPrivilege\r\n\t\t\tSeTcbPrivilege\r\n\t\t\tSeSecurityPrivilege\r\n\t\t\tSeTakeOwnershipPrivilege\r\n\t\t\tSeLoadDriverPrivilege\r\n\t\t\tSeBackupPrivilege\r\n\t\t\tSeRestorePrivilege\r\n\t\t\tSeDebugPrivilege\r\n\t\t\tSeAuditPrivilege\r\n\t\t\tSeSystemEnvironmentPrivilege\r\n\t\t\tSeImpersonatePrivilege\r\n\t\t\tSeDelegateSessionUserImpersonatePrivilege')
2025-10-08 18:07:22,321 - ERROR - Event log monitoring error: (6, 'ReadEventLog', 'The handle is invalid.')
2025-10-08 18:07:32,325 - ERROR - Event log monitoring error: (6, 'ReadEventLog', 'The handle is invalid.')
2025-10-08 18:07:42,328 - ERROR - Event log monitoring error: (6, 'ReadEventLog', 'The handle is invalid.')
2025-10-08 18:07:52,329 - ERROR - Event log monitoring error: (6, 'ReadEventLog', 'The handle is invalid.')
2025-10-08 18:08:02,332 - ERROR - Event log monitoring error: (6, 'ReadEventLog', 'The handle is invalid.')
2025-10-08 18:08:12,333 - ERROR - Event log monitoring error: (6, 'ReadEventLog', 'The handle is invalid.')
2025-10-08 18:08:22,334 - ERROR - Event log monitoring error: (6, 'ReadEventLog', 'The handle is invalid.')
2025-10-08 18:08:32,335 - ERROR - Event log monitoring error: (6, 'ReadEventLog', 'The handle is invalid.')
2025-10-08 18:08:42,336 - ERROR - Event log monitoring error: (6, 'ReadEventLog', 'The handle is invalid.')
2025-10-08 18:08:52,337 - WARNING - Critical Event Log: ID 4672 - ('S-1-5-18', 'SYSTEM', 'NT AUTHORITY', '0x3e7', 'SeAssignPrimaryTokenPrivilege\r\n\t\t\tSeTcbPrivilege\r\n\t\t\tSeSecurityPrivilege\r\n\t\t\tSeTakeOwnershipPrivilege\r\n\t\t\tSeLoadDriverPrivilege\r\n\t\t\tSeBackupPrivilege\r\n\t\t\tSeRestorePrivilege\r\n\t\t\tSeDebugPrivilege\r\n\t\t\tSeAuditPrivilege\r\n\t\t\tSeSystemEnvironmentPrivilege\r\n\t\t\tSeImpersonatePrivilege\r\n\t\t\tSeDelegateSessionUserImpersonatePrivilege')
2025-10-08 18:08:52,337 - WARNING - Critical Event Log: ID 4624 - ('S-1-5-18', 'DESKTOP-F7BOMCG$', 'WORKGROUP', '0x3e7', 'S-1-5-18', 'SYSTEM', 'NT AUTHORITY', '0x3e7', '5', 'Advapi  ', 'Negotiate', '-', '{00000000-0000-0000-0000-000000000000}', '-', '-', '0', '0x464', 'C:\\Windows\\System32\\services.exe', '-', '-', '%%1833', '-', '-', '-', '-', '%%1843', '0x0', '%%1842')
2025-10-08 18:08:52,337 - WARNING - Critical Event Log: ID 4672 - ('S-1-5-18', 'SYSTEM', 'NT AUTHORITY', '0x3e7', 'SeAssignPrimaryTokenPrivilege\r\n\t\t\tSeTcbPrivilege\r\n\t\t\tSeSecurityPrivilege\r\n\t\t\tSeTakeOwnershipPrivilege\r\n\t\t\tSeLoadDriverPrivilege\r\n\t\t\tSeBackupPrivilege\r\n\t\t\tSeRestorePrivilege\r\n\t\t\tSeDebugPrivilege\r\n\t\t\tSeAuditPrivilege\r\n\t\t\tSeSystemEnvironmentPrivilege\r\n\t\t\tSeImpersonatePrivilege\r\n\t\t\tSeDelegateSessionUserImpersonatePrivilege')
2025-10-08 18:09:02,340 - WARNING - Critical Event Log: ID 4672 - ('S-1-5-18', 'SYSTEM', 'NT AUTHORITY', '0x3e7', 'SeAssignPrimaryTokenPrivilege\r\n\t\t\tSeTcbPrivilege\r\n\t\t\tSeSecurityPrivilege\r\n\t\t\tSeTakeOwnershipPrivilege\r\n\t\t\tSeLoadDriverPrivilege\r\n\t\t\tSeBackupPrivilege\r\n\t\t\tSeRestorePrivilege\r\n\t\t\tSeDebugPrivilege\r\n\t\t\tSeAuditPrivilege\r\n\t\t\tSeSystemEnvironmentPrivilege\r\n\t\t\tSeImpersonatePrivilege\r\n\t\t\tSeDelegateSessionUserImpersonatePrivilege')
2025-10-08 18:09:02,340 - WARNING - Critical Event Log: ID 4624 - ('S-1-5-18', 'DESKTOP-F7BOMCG$', 'WORKGROUP', '0x3e7', 'S-1-5-18', 'SYSTEM', 'NT AUTHORITY', '0x3e7', '5', 'Advapi  ', 'Negotiate', '-', '{00000000-0000-0000-0000-000000000000}', '-', '-', '0', '0x464', 'C:\\Windows\\System32\\services.exe', '-', '-', '%%1833', '-', '-', '-', '-', '%%1843', '0x0', '%%1842')
2025-10-08 18:09:02,340 - WARNING - Critical Event Log: ID 4672 - ('S-1-5-18', 'SYSTEM', 'NT AUTHORITY', '0x3e7', 'SeAssignPrimaryTokenPrivilege\r\n\t\t\tSeTcbPrivilege\r\n\t\t\tSeSecurityPrivilege\r\n\t\t\tSeTakeOwnershipPrivilege\r\n\t\t\tSeLoadDriverPrivilege\r\n\t\t\tSeBackupPrivilege\r\n\t\t\tSeRestorePrivilege\r\n\t\t\tSeDebugPrivilege\r\n\t\t\tSeAuditPrivilege\r\n\t\t\tSeSystemEnvironmentPrivilege\r\n\t\t\tSeImpersonatePrivilege\r\n\t\t\tSeDelegateSessionUserImpersonatePrivilege')
2025-10-08 18:09:09,195 - CRITICAL - File modified: C:\Windows\System32\winevt\Logs\System.evtx
2025-10-08 18:09:09,947 - CRITICAL - File modified: C:\Windows\System32\winevt\Logs\Security.evtx
2025-10-08 18:09:10,641 - CRITICAL - File modified: C:\Windows\System32\winevt\Logs\Microsoft-Windows-AppModel-Runtime%4Admin.evtx
2025-10-08 18:09:11,401 - CRITICAL - File modified: C:\Windows\System32\winevt\Logs\Microsoft-Windows-GroupPolicy%4Operational.evtx
2025-10-08 18:09:12,176 - CRITICAL - File modified: C:\Windows\System32\winevt\Logs\Microsoft-Windows-StateRepository%4Operational.evtx
2025-10-08 18:09:12,348 - WARNING - Critical Event Log: ID 4672 - ('S-1-5-18', 'SYSTEM', 'NT AUTHORITY', '0x3e7', 'SeAssignPrimaryTokenPrivilege\r\n\t\t\tSeTcbPrivilege\r\n\t\t\tSeSecurityPrivilege\r\n\t\t\tSeTakeOwnershipPrivilege\r\n\t\t\tSeLoadDriverPrivilege\r\n\t\t\tSeBackupPrivilege\r\n\t\t\tSeRestorePrivilege\r\n\t\t\tSeDebugPrivilege\r\n\t\t\tSeAuditPrivilege\r\n\t\t\tSeSystemEnvironmentPrivilege\r\n\t\t\tSeImpersonatePrivilege\r\n\t\t\tSeDelegateSessionUserImpersonatePrivilege')
2025-10-08 18:09:12,348 - WARNING - Critical Event Log: ID 4624 - ('S-1-5-18', 'DESKTOP-F7BOMCG$', 'WORKGROUP', '0x3e7', 'S-1-5-18', 'SYSTEM', 'NT AUTHORITY', '0x3e7', '5', 'Advapi  ', 'Negotiate', '-', '{00000000-0000-0000-0000-000000000000}', '-', '-', '0', '0x464', 'C:\\Windows\\System32\\services.exe', '-', '-', '%%1833', '-', '-', '-', '-', '%%1843', '0x0', '%%1842')
2025-10-08 18:09:12,350 - WARNING - Critical Event Log: ID 4672 - ('S-1-5-18', 'SYSTEM', 'NT AUTHORITY', '0x3e7', 'SeAssignPrimaryTokenPrivilege\r\n\t\t\tSeTcbPrivilege\r\n\t\t\tSeSecurityPrivilege\r\n\t\t\tSeTakeOwnershipPrivilege\r\n\t\t\tSeLoadDriverPrivilege\r\n\t\t\tSeBackupPrivilege\r\n\t\t\tSeRestorePrivilege\r\n\t\t\tSeDebugPrivilege\r\n\t\t\tSeAuditPrivilege\r\n\t\t\tSeSystemEnvironmentPrivilege\r\n\t\t\tSeImpersonatePrivilege\r\n\t\t\tSeDelegateSessionUserImpersonatePrivilege')
2025-10-08 18:09:12,350 - WARNING - Critical Event Log: ID 4624 - ('S-1-5-18', 'DESKTOP-F7BOMCG$', 'WORKGROUP', '0x3e7', 'S-1-5-18', 'SYSTEM', 'NT AUTHORITY', '0x3e7', '5', 'Advapi  ', 'Negotiate', '-', '{00000000-0000-0000-0000-000000000000}', '-', '-', '0', '0x464', 'C:\\Windows\\System32\\services.exe', '-', '-', '%%1833', '-', '-', '-', '-', '%%1843', '0x0', '%%1842')
2025-10-08 18:09:12,905 - CRITICAL - File modified: C:\Windows\System32\winevt\Logs\Microsoft-Windows-Windows Firewall With Advanced Security%4Firewall.evtx
2025-10-08 18:09:13,554 - CRITICAL - File modified: C:\Windows\System32\winevt\Logs\Microsoft-Windows-AppXDeploymentServer%4Operational.evtx
2025-10-08 18:09:14,345 - CRITICAL - File modified: C:\Windows\System32\winevt\Logs\Microsoft-Windows-WindowsUpdateClient%4Operational.evtx
2025-10-08 18:09:15,074 - CRITICAL - File modified: C:\Windows\System32\winevt\Logs\Microsoft-Windows-Shell-Core%4Operational.evtx
2025-10-08 18:09:15,806 - CRITICAL - File modified: C:\Windows\System32\winevt\Logs\Microsoft-Windows-Shell-Core%4AppDefaults.evtx
2025-10-08 18:09:16,501 - CRITICAL - File modified: C:\Windows\System32\winevt\Logs\Microsoft-Windows-PushNotification-Platform%4Operational.evtx
2025-10-08 18:09:17,195 - CRITICAL - File modified: C:\Windows\System32\winevt\Logs\Microsoft-Windows-AppxPackaging%4Operational.evtx
2025-10-08 18:09:17,848 - WARNING - New file created: C:\Windows\System32\config\systemprofile\AppData\Local\Microsoft\Office\OTele\officec2rclient.exe.db-wal
2025-10-08 18:09:17,848 - WARNING - New file created: C:\Windows\System32\config\systemprofile\AppData\Local\Microsoft\Office\OTele\officec2rclient.exe.db-shm
2025-10-08 18:09:17,849 - CRITICAL - File modified: C:\Windows\System32\Tasks\Microsoft\Windows\UpdateOrchestrator\Schedule Work
2025-10-08 18:09:18,510 - CRITICAL - File modified: C:\Windows\System32\config\systemprofile\AppData\Local\Microsoft\Office\OTele\officec2rclient.exe.db
2025-10-08 18:09:19,178 - WARNING - File deleted: C:\Windows\System32\config\systemprofile\AppData\Local\Microsoft\Office\OTele\officec2rclient.exe.db-shm
2025-10-08 18:09:19,178 - WARNING - File deleted: C:\Windows\System32\config\systemprofile\AppData\Local\Microsoft\Office\OTele\officec2rclient.exe.db-wal
2025-10-08 18:09:22,354 - WARNING - Critical Event Log: ID 4672 - ('S-1-5-18', 'SYSTEM', 'NT AUTHORITY', '0x3e7', 'SeAssignPrimaryTokenPrivilege\r\n\t\t\tSeTcbPrivilege\r\n\t\t\tSeSecurityPrivilege\r\n\t\t\tSeTakeOwnershipPrivilege\r\n\t\t\tSeLoadDriverPrivilege\r\n\t\t\tSeBackupPrivilege\r\n\t\t\tSeRestorePrivilege\r\n\t\t\tSeDebugPrivilege\r\n\t\t\tSeAuditPrivilege\r\n\t\t\tSeSystemEnvironmentPrivilege\r\n\t\t\tSeImpersonatePrivilege\r\n\t\t\tSeDelegateSessionUserImpersonatePrivilege')
2025-10-08 18:09:22,354 - WARNING - Critical Event Log: ID 4624 - ('S-1-5-18', 'DESKTOP-F7BOMCG$', 'WORKGROUP', '0x3e7', 'S-1-5-18', 'SYSTEM', 'NT AUTHORITY', '0x3e7', '5', 'Advapi  ', 'Negotiate', '-', '{00000000-0000-0000-0000-000000000000}', '-', '-', '0', '0x464', 'C:\\Windows\\System32\\services.exe', '-', '-', '%%1833', '-', '-', '-', '-', '%%1843', '0x0', '%%1842')
2025-10-08 18:09:22,354 - WARNING - Critical Event Log: ID 4672 - ('S-1-5-18', 'SYSTEM', 'NT AUTHORITY', '0x3e7', 'SeAssignPrimaryTokenPrivilege\r\n\t\t\tSeTcbPrivilege\r\n\t\t\tSeSecurityPrivilege\r\n\t\t\tSeTakeOwnershipPrivilege\r\n\t\t\tSeLoadDriverPrivilege\r\n\t\t\tSeBackupPrivilege\r\n\t\t\tSeRestorePrivilege\r\n\t\t\tSeDebugPrivilege\r\n\t\t\tSeAuditPrivilege\r\n\t\t\tSeSystemEnvironmentPrivilege\r\n\t\t\tSeImpersonatePrivilege\r\n\t\t\tSeDelegateSessionUserImpersonatePrivilege')
2025-10-08 18:09:22,354 - WARNING - Critical Event Log: ID 4624 - ('S-1-5-18', 'DESKTOP-F7BOMCG$', 'WORKGROUP', '0x3e7', 'S-1-5-18', 'SYSTEM', 'NT AUTHORITY', '0x3e7', '5', 'Advapi  ', 'Negotiate', '-', '{00000000-0000-0000-0000-000000000000}', '-', '-', '0', '0x464', 'C:\\Windows\\System32\\services.exe', '-', '-', '%%1833', '-', '-', '-', '-', '%%1843', '0x0', '%%1842')
2025-10-08 18:09:32,359 - WARNING - Critical Event Log: ID 4672 - ('S-1-5-18', 'SYSTEM', 'NT AUTHORITY', '0x3e7', 'SeAssignPrimaryTokenPrivilege\r\n\t\t\tSeTcbPrivilege\r\n\t\t\tSeSecurityPrivilege\r\n\t\t\tSeTakeOwnershipPrivilege\r\n\t\t\tSeLoadDriverPrivilege\r\n\t\t\tSeBackupPrivilege\r\n\t\t\tSeRestorePrivilege\r\n\t\t\tSeDebugPrivilege\r\n\t\t\tSeAuditPrivilege\r\n\t\t\tSeSystemEnvironmentPrivilege\r\n\t\t\tSeImpersonatePrivilege\r\n\t\t\tSeDelegateSessionUserImpersonatePrivilege')
2025-10-08 18:09:32,359 - WARNING - Critical Event Log: ID 4624 - ('S-1-5-18', 'DESKTOP-F7BOMCG$', 'WORKGROUP', '0x3e7', 'S-1-5-18', 'SYSTEM', 'NT AUTHORITY', '0x3e7', '5', 'Advapi  ', 'Negotiate', '-', '{00000000-0000-0000-0000-000000000000}', '-', '-', '0', '0x464', 'C:\\Windows\\System32\\services.exe', '-', '-', '%%1833', '-', '-', '-', '-', '%%1843', '0x0', '%%1842')
2025-10-08 18:09:32,359 - WARNING - Critical Event Log: ID 4672 - ('S-1-5-18', 'SYSTEM', 'NT AUTHORITY', '0x3e7', 'SeAssignPrimaryTokenPrivilege\r\n\t\t\tSeTcbPrivilege\r\n\t\t\tSeSecurityPrivilege\r\n\t\t\tSeTakeOwnershipPrivilege\r\n\t\t\tSeLoadDriverPrivilege\r\n\t\t\tSeBackupPrivilege\r\n\t\t\tSeRestorePrivilege\r\n\t\t\tSeDebugPrivilege\r\n\t\t\tSeAuditPrivilege\r\n\t\t\tSeSystemEnvironmentPrivilege\r\n\t\t\tSeImpersonatePrivilege\r\n\t\t\tSeDelegateSessionUserImpersonatePrivilege')
2025-10-08 18:09:32,359 - WARNING - Critical Event Log: ID 4624 - ('S-1-5-18', 'DESKTOP-F7BOMCG$', 'WORKGROUP', '0x3e7', 'S-1-5-18', 'SYSTEM', 'NT AUTHORITY', '0x3e7', '5', 'Advapi  ', 'Negotiate', '-', '{00000000-0000-0000-0000-000000000000}', '-', '-', '0', '0x464', 'C:\\Windows\\System32\\services.exe', '-', '-', '%%1833', '-', '-', '-', '-', '%%1843', '0x0', '%%1842')
2025-10-08 18:09:42,362 - ERROR - Event log monitoring error: (6, 'ReadEventLog', 'The handle is invalid.')
2025-10-08 18:09:52,363 - WARNING - Critical Event Log: ID 4672 - ('S-1-5-18', 'SYSTEM', 'NT AUTHORITY', '0x3e7', 'SeAssignPrimaryTokenPrivilege\r\n\t\t\tSeTcbPrivilege\r\n\t\t\tSeSecurityPrivilege\r\n\t\t\tSeTakeOwnershipPrivilege\r\n\t\t\tSeLoadDriverPrivilege\r\n\t\t\tSeBackupPrivilege\r\n\t\t\tSeRestorePrivilege\r\n\t\t\tSeDebugPrivilege\r\n\t\t\tSeAuditPrivilege\r\n\t\t\tSeSystemEnvironmentPrivilege\r\n\t\t\tSeImpersonatePrivilege\r\n\t\t\tSeDelegateSessionUserImpersonatePrivilege')
2025-10-08 18:09:52,363 - WARNING - Critical Event Log: ID 4624 - ('S-1-5-18', 'DESKTOP-F7BOMCG$', 'WORKGROUP', '0x3e7', 'S-1-5-18', 'SYSTEM', 'NT AUTHORITY', '0x3e7', '5', 'Advapi  ', 'Negotiate', '-', '{00000000-0000-0000-0000-000000000000}', '-', '-', '0', '0x464', 'C:\\Windows\\System32\\services.exe', '-', '-', '%%1833', '-', '-', '-', '-', '%%1843', '0x0', '%%1842')
2025-10-08 18:09:52,363 - WARNING - Critical Event Log: ID 4672 - ('S-1-5-18', 'SYSTEM', 'NT AUTHORITY', '0x3e7', 'SeAssignPrimaryTokenPrivilege\r\n\t\t\tSeTcbPrivilege\r\n\t\t\tSeSecurityPrivilege\r\n\t\t\tSeTakeOwnershipPrivilege\r\n\t\t\tSeLoadDriverPrivilege\r\n\t\t\tSeBackupPrivilege\r\n\t\t\tSeRestorePrivilege\r\n\t\t\tSeDebugPrivilege\r\n\t\t\tSeAuditPrivilege\r\n\t\t\tSeSystemEnvironmentPrivilege\r\n\t\t\tSeImpersonatePrivilege\r\n\t\t\tSeDelegateSessionUserImpersonatePrivilege')
2025-10-08 18:09:52,363 - WARNING - Critical Event Log: ID 4624 - ('S-1-5-18', 'DESKTOP-F7BOMCG$', 'WORKGROUP', '0x3e7', 'S-1-5-18', 'SYSTEM', 'NT AUTHORITY', '0x3e7', '5', 'Advapi  ', 'Negotiate', '-', '{00000000-0000-0000-0000-000000000000}', '-', '-', '0', '0x464', 'C:\\Windows\\System32\\services.exe', '-', '-', '%%1833', '-', '-', '-', '-', '%%1843', '0x0', '%%1842')
2025-10-08 18:10:02,367 - ERROR - Event log monitoring error: (6, 'ReadEventLog', 'The handle is invalid.')
2025-10-08 18:10:11,028 - CRITICAL - File modified: C:\Windows\System32\winevt\Logs\Security.evtx
2025-10-08 18:10:12,368 - WARNING - Critical Event Log: ID 4672 - ('S-1-5-18', 'SYSTEM', 'NT AUTHORITY', '0x3e7', 'SeAssignPrimaryTokenPrivilege\r\n\t\t\tSeTcbPrivilege\r\n\t\t\tSeSecurityPrivilege\r\n\t\t\tSeTakeOwnershipPrivilege\r\n\t\t\tSeLoadDriverPrivilege\r\n\t\t\tSeBackupPrivilege\r\n\t\t\tSeRestorePrivilege\r\n\t\t\tSeDebugPrivilege\r\n\t\t\tSeAuditPrivilege\r\n\t\t\tSeSystemEnvironmentPrivilege\r\n\t\t\tSeImpersonatePrivilege\r\n\t\t\tSeDelegateSessionUserImpersonatePrivilege')
2025-10-08 18:10:12,368 - WARNING - Critical Event Log: ID 4624 - ('S-1-5-18', 'DESKTOP-F7BOMCG$', 'WORKGROUP', '0x3e7', 'S-1-5-18', 'SYSTEM', 'NT AUTHORITY', '0x3e7', '5', 'Advapi  ', 'Negotiate', '-', '{00000000-0000-0000-0000-000000000000}', '-', '-', '0', '0x464', 'C:\\Windows\\System32\\services.exe', '-', '-', '%%1833', '-', '-', '-', '-', '%%1843', '0x0', '%%1842')
2025-10-08 18:10:12,368 - WARNING - Critical Event Log: ID 4672 - ('S-1-5-18', 'SYSTEM', 'NT AUTHORITY', '0x3e7', 'SeAssignPrimaryTokenPrivilege\r\n\t\t\tSeTcbPrivilege\r\n\t\t\tSeSecurityPrivilege\r\n\t\t\tSeTakeOwnershipPrivilege\r\n\t\t\tSeLoadDriverPrivilege\r\n\t\t\tSeBackupPrivilege\r\n\t\t\tSeRestorePrivilege\r\n\t\t\tSeDebugPrivilege\r\n\t\t\tSeAuditPrivilege\r\n\t\t\tSeSystemEnvironmentPrivilege\r\n\t\t\tSeImpersonatePrivilege\r\n\t\t\tSeDelegateSessionUserImpersonatePrivilege')
2025-10-08 18:10:12,368 - WARNING - Critical Event Log: ID 4624 - ('S-1-5-18', 'DESKTOP-F7BOMCG$', 'WORKGROUP', '0x3e7', 'S-1-5-18', 'SYSTEM', 'NT AUTHORITY', '0x3e7', '5', 'Advapi  ', 'Negotiate', '-', '{00000000-0000-0000-0000-000000000000}', '-', '-', '0', '0x464', 'C:\\Windows\\System32\\services.exe', '-', '-', '%%1833', '-', '-', '-', '-', '%%1843', '0x0', '%%1842')
2025-10-08 18:10:22,372 - WARNING - Critical Event Log: ID 4672 - ('S-1-5-18', 'SYSTEM', 'NT AUTHORITY', '0x3e7', 'SeAssignPrimaryTokenPrivilege\r\n\t\t\tSeTcbPrivilege\r\n\t\t\tSeSecurityPrivilege\r\n\t\t\tSeTakeOwnershipPrivilege\r\n\t\t\tSeLoadDriverPrivilege\r\n\t\t\tSeBackupPrivilege\r\n\t\t\tSeRestorePrivilege\r\n\t\t\tSeDebugPrivilege\r\n\t\t\tSeAuditPrivilege\r\n\t\t\tSeSystemEnvironmentPrivilege\r\n\t\t\tSeImpersonatePrivilege\r\n\t\t\tSeDelegateSessionUserImpersonatePrivilege')
2025-10-08 18:10:22,372 - WARNING - Critical Event Log: ID 4624 - ('S-1-5-18', 'DESKTOP-F7BOMCG$', 'WORKGROUP', '0x3e7', 'S-1-5-18', 'SYSTEM', 'NT AUTHORITY', '0x3e7', '5', 'Advapi  ', 'Negotiate', '-', '{00000000-0000-0000-0000-000000000000}', '-', '-', '0', '0x464', 'C:\\Windows\\System32\\services.exe', '-', '-', '%%1833', '-', '-', '-', '-', '%%1843', '0x0', '%%1842')
2025-10-08 18:10:22,372 - WARNING - Critical Event Log: ID 4672 - ('S-1-5-18', 'SYSTEM', 'NT AUTHORITY', '0x3e7', 'SeAssignPrimaryTokenPrivilege\r\n\t\t\tSeTcbPrivilege\r\n\t\t\tSeSecurityPrivilege\r\n\t\t\tSeTakeOwnershipPrivilege\r\n\t\t\tSeLoadDriverPrivilege\r\n\t\t\tSeBackupPrivilege\r\n\t\t\tSeRestorePrivilege\r\n\t\t\tSeDebugPrivilege\r\n\t\t\tSeAuditPrivilege\r\n\t\t\tSeSystemEnvironmentPrivilege\r\n\t\t\tSeImpersonatePrivilege\r\n\t\t\tSeDelegateSessionUserImpersonatePrivilege')
2025-10-08 18:10:22,372 - WARNING - Critical Event Log: ID 4624 - ('S-1-5-18', 'DESKTOP-F7BOMCG$', 'WORKGROUP', '0x3e7', 'S-1-5-18', 'SYSTEM', 'NT AUTHORITY', '0x3e7', '5', 'Advapi  ', 'Negotiate', '-', '{00000000-0000-0000-0000-000000000000}', '-', '-', '0', '0x464', 'C:\\Windows\\System32\\services.exe', '-', '-', '%%1833', '-', '-', '-', '-', '%%1843', '0x0', '%%1842')
2025-10-08 18:10:32,376 - WARNING - Critical Event Log: ID 4672 - ('S-1-5-18', 'SYSTEM', 'NT AUTHORITY', '0x3e7', 'SeAssignPrimaryTokenPrivilege\r\n\t\t\tSeTcbPrivilege\r\n\t\t\tSeSecurityPrivilege\r\n\t\t\tSeTakeOwnershipPrivilege\r\n\t\t\tSeLoadDriverPrivilege\r\n\t\t\tSeBackupPrivilege\r\n\t\t\tSeRestorePrivilege\r\n\t\t\tSeDebugPrivilege\r\n\t\t\tSeAuditPrivilege\r\n\t\t\tSeSystemEnvironmentPrivilege\r\n\t\t\tSeImpersonatePrivilege\r\n\t\t\tSeDelegateSessionUserImpersonatePrivilege')
2025-10-08 18:10:32,376 - WARNING - Critical Event Log: ID 4624 - ('S-1-5-18', 'DESKTOP-F7BOMCG$', 'WORKGROUP', '0x3e7', 'S-1-5-18', 'SYSTEM', 'NT AUTHORITY', '0x3e7', '5', 'Advapi  ', 'Negotiate', '-', '{00000000-0000-0000-0000-000000000000}', '-', '-', '0', '0x464', 'C:\\Windows\\System32\\services.exe', '-', '-', '%%1833', '-', '-', '-', '-', '%%1843', '0x0', '%%1842')
2025-10-08 18:10:32,376 - WARNING - Critical Event Log: ID 4672 - ('S-1-5-18', 'SYSTEM', 'NT AUTHORITY', '0x3e7', 'SeAssignPrimaryTokenPrivilege\r\n\t\t\tSeTcbPrivilege\r\n\t\t\tSeSecurityPrivilege\r\n\t\t\tSeTakeOwnershipPrivilege\r\n\t\t\tSeLoadDriverPrivilege\r\n\t\t\tSeBackupPrivilege\r\n\t\t\tSeRestorePrivilege\r\n\t\t\tSeDebugPrivilege\r\n\t\t\tSeAuditPrivilege\r\n\t\t\tSeSystemEnvironmentPrivilege\r\n\t\t\tSeImpersonatePrivilege\r\n\t\t\tSeDelegateSessionUserImpersonatePrivilege')
2025-10-08 18:10:32,376 - WARNING - Critical Event Log: ID 4624 - ('S-1-5-18', 'DESKTOP-F7BOMCG$', 'WORKGROUP', '0x3e7', 'S-1-5-18', 'SYSTEM', 'NT AUTHORITY', '0x3e7', '5', 'Advapi  ', 'Negotiate', '-', '{00000000-0000-0000-0000-000000000000}', '-', '-', '0', '0x464', 'C:\\Windows\\System32\\services.exe', '-', '-', '%%1833', '-', '-', '-', '-', '%%1843', '0x0', '%%1842')
2025-10-08 18:10:42,381 - WARNING - Critical Event Log: ID 4672 - ('S-1-5-18', 'SYSTEM', 'NT AUTHORITY', '0x3e7', 'SeAssignPrimaryTokenPrivilege\r\n\t\t\tSeTcbPrivilege\r\n\t\t\tSeSecurityPrivilege\r\n\t\t\tSeTakeOwnershipPrivilege\r\n\t\t\tSeLoadDriverPrivilege\r\n\t\t\tSeBackupPrivilege\r\n\t\t\tSeRestorePrivilege\r\n\t\t\tSeDebugPrivilege\r\n\t\t\tSeAuditPrivilege\r\n\t\t\tSeSystemEnvironmentPrivilege\r\n\t\t\tSeImpersonatePrivilege\r\n\t\t\tSeDelegateSessionUserImpersonatePrivilege')
2025-10-08 18:10:42,381 - WARNING - Critical Event Log: ID 4624 - ('S-1-5-18', 'DESKTOP-F7BOMCG$', 'WORKGROUP', '0x3e7', 'S-1-5-18', 'SYSTEM', 'NT AUTHORITY', '0x3e7', '5', 'Advapi  ', 'Negotiate', '-', '{00000000-0000-0000-0000-000000000000}', '-', '-', '0', '0x464', 'C:\\Windows\\System32\\services.exe', '-', '-', '%%1833', '-', '-', '-', '-', '%%1843', '0x0', '%%1842')
2025-10-08 18:10:42,381 - WARNING - Critical Event Log: ID 4672 - ('S-1-5-18', 'SYSTEM', 'NT AUTHORITY', '0x3e7', 'SeAssignPrimaryTokenPrivilege\r\n\t\t\tSeTcbPrivilege\r\n\t\t\tSeSecurityPrivilege\r\n\t\t\tSeTakeOwnershipPrivilege\r\n\t\t\tSeLoadDriverPrivilege\r\n\t\t\tSeBackupPrivilege\r\n\t\t\tSeRestorePrivilege\r\n\t\t\tSeDebugPrivilege\r\n\t\t\tSeAuditPrivilege\r\n\t\t\tSeSystemEnvironmentPrivilege\r\n\t\t\tSeImpersonatePrivilege\r\n\t\t\tSeDelegateSessionUserImpersonatePrivilege')
2025-10-08 18:10:42,381 - WARNING - Critical Event Log: ID 4624 - ('S-1-5-18', 'DESKTOP-F7BOMCG$', 'WORKGROUP', '0x3e7', 'S-1-5-18', 'SYSTEM', 'NT AUTHORITY', '0x3e7', '5', 'Advapi  ', 'Negotiate', '-', '{00000000-0000-0000-0000-000000000000}', '-', '-', '0', '0x464', 'C:\\Windows\\System32\\services.exe', '-', '-', '%%1833', '-', '-', '-', '-', '%%1843', '0x0', '%%1842')
2025-10-08 18:10:52,384 - WARNING - Critical Event Log: ID 4672 - ('S-1-5-18', 'SYSTEM', 'NT AUTHORITY', '0x3e7', 'SeAssignPrimaryTokenPrivilege\r\n\t\t\tSeTcbPrivilege\r\n\t\t\tSeSecurityPrivilege\r\n\t\t\tSeTakeOwnershipPrivilege\r\n\t\t\tSeLoadDriverPrivilege\r\n\t\t\tSeBackupPrivilege\r\n\t\t\tSeRestorePrivilege\r\n\t\t\tSeDebugPrivilege\r\n\t\t\tSeAuditPrivilege\r\n\t\t\tSeSystemEnvironmentPrivilege\r\n\t\t\tSeImpersonatePrivilege\r\n\t\t\tSeDelegateSessionUserImpersonatePrivilege')
2025-10-08 18:10:52,384 - WARNING - Critical Event Log: ID 4624 - ('S-1-5-18', 'DESKTOP-F7BOMCG$', 'WORKGROUP', '0x3e7', 'S-1-5-18', 'SYSTEM', 'NT AUTHORITY', '0x3e7', '5', 'Advapi  ', 'Negotiate', '-', '{00000000-0000-0000-0000-000000000000}', '-', '-', '0', '0x464', 'C:\\Windows\\System32\\services.exe', '-', '-', '%%1833', '-', '-', '-', '-', '%%1843', '0x0', '%%1842')
2025-10-08 18:10:52,384 - WARNING - Critical Event Log: ID 4672 - ('S-1-5-18', 'SYSTEM', 'NT AUTHORITY', '0x3e7', 'SeAssignPrimaryTokenPrivilege\r\n\t\t\tSeTcbPrivilege\r\n\t\t\tSeSecurityPrivilege\r\n\t\t\tSeTakeOwnershipPrivilege\r\n\t\t\tSeLoadDriverPrivilege\r\n\t\t\tSeBackupPrivilege\r\n\t\t\tSeRestorePrivilege\r\n\t\t\tSeDebugPrivilege\r\n\t\t\tSeAuditPrivilege\r\n\t\t\tSeSystemEnvironmentPrivilege\r\n\t\t\tSeImpersonatePrivilege\r\n\t\t\tSeDelegateSessionUserImpersonatePrivilege')
2025-10-08 18:10:52,384 - WARNING - Critical Event Log: ID 4624 - ('S-1-5-18', 'DESKTOP-F7BOMCG$', 'WORKGROUP', '0x3e7', 'S-1-5-18', 'SYSTEM', 'NT AUTHORITY', '0x3e7', '5', 'Advapi  ', 'Negotiate', '-', '{00000000-0000-0000-0000-000000000000}', '-', '-', '0', '0x464', 'C:\\Windows\\System32\\services.exe', '-', '-', '%%1833', '-', '-', '-', '-', '%%1843', '0x0', '%%1842')
2025-10-08 18:11:02,388 - WARNING - Critical Event Log: ID 4672 - ('S-1-5-18', 'SYSTEM', 'NT AUTHORITY', '0x3e7', 'SeAssignPrimaryTokenPrivilege\r\n\t\t\tSeTcbPrivilege\r\n\t\t\tSeSecurityPrivilege\r\n\t\t\tSeTakeOwnershipPrivilege\r\n\t\t\tSeLoadDriverPrivilege\r\n\t\t\tSeBackupPrivilege\r\n\t\t\tSeRestorePrivilege\r\n\t\t\tSeDebugPrivilege\r\n\t\t\tSeAuditPrivilege\r\n\t\t\tSeSystemEnvironmentPrivilege\r\n\t\t\tSeImpersonatePrivilege\r\n\t\t\tSeDelegateSessionUserImpersonatePrivilege')
2025-10-08 18:11:02,388 - WARNING - Critical Event Log: ID 4624 - ('S-1-5-18', 'DESKTOP-F7BOMCG$', 'WORKGROUP', '0x3e7', 'S-1-5-18', 'SYSTEM', 'NT AUTHORITY', '0x3e7', '5', 'Advapi  ', 'Negotiate', '-', '{00000000-0000-0000-0000-000000000000}', '-', '-', '0', '0x464', 'C:\\Windows\\System32\\services.exe', '-', '-', '%%1833', '-', '-', '-', '-', '%%1843', '0x0', '%%1842')
2025-10-08 18:11:02,388 - WARNING - Critical Event Log: ID 4672 - ('S-1-5-18', 'SYSTEM', 'NT AUTHORITY', '0x3e7', 'SeAssignPrimaryTokenPrivilege\r\n\t\t\tSeTcbPrivilege\r\n\t\t\tSeSecurityPrivilege\r\n\t\t\tSeTakeOwnershipPrivilege\r\n\t\t\tSeLoadDriverPrivilege\r\n\t\t\tSeBackupPrivilege\r\n\t\t\tSeRestorePrivilege\r\n\t\t\tSeDebugPrivilege\r\n\t\t\tSeAuditPrivilege\r\n\t\t\tSeSystemEnvironmentPrivilege\r\n\t\t\tSeImpersonatePrivilege\r\n\t\t\tSeDelegateSessionUserImpersonatePrivilege')
2025-10-08 18:11:02,388 - WARNING - Critical Event Log: ID 4624 - ('S-1-5-18', 'DESKTOP-F7BOMCG$', 'WORKGROUP', '0x3e7', 'S-1-5-18', 'SYSTEM', 'NT AUTHORITY', '0x3e7', '5', 'Advapi  ', 'Negotiate', '-', '{00000000-0000-0000-0000-000000000000}', '-', '-', '0', '0x464', 'C:\\Windows\\System32\\services.exe', '-', '-', '%%1833', '-', '-', '-', '-', '%%1843', '0x0', '%%1842')
2025-10-08 18:11:12,392 - ERROR - Event log monitoring error: (6, 'ReadEventLog', 'The handle is invalid.')
2025-10-08 18:11:22,393 - WARNING - Critical Event Log: ID 4672 - ('S-1-5-18', 'SYSTEM', 'NT AUTHORITY', '0x3e7', 'SeAssignPrimaryTokenPrivilege\r\n\t\t\tSeTcbPrivilege\r\n\t\t\tSeSecurityPrivilege\r\n\t\t\tSeTakeOwnershipPrivilege\r\n\t\t\tSeLoadDriverPrivilege\r\n\t\t\tSeBackupPrivilege\r\n\t\t\tSeRestorePrivilege\r\n\t\t\tSeDebugPrivilege\r\n\t\t\tSeAuditPrivilege\r\n\t\t\tSeSystemEnvironmentPrivilege\r\n\t\t\tSeImpersonatePrivilege\r\n\t\t\tSeDelegateSessionUserImpersonatePrivilege')
2025-10-08 18:11:22,393 - WARNING - Critical Event Log: ID 4624 - ('S-1-5-18', 'DESKTOP-F7BOMCG$', 'WORKGROUP', '0x3e7', 'S-1-5-18', 'SYSTEM', 'NT AUTHORITY', '0x3e7', '5', 'Advapi  ', 'Negotiate', '-', '{00000000-0000-0000-0000-000000000000}', '-', '-', '0', '0x464', 'C:\\Windows\\System32\\services.exe', '-', '-', '%%1833', '-', '-', '-', '-', '%%1843', '0x0', '%%1842')
2025-10-08 18:11:22,393 - WARNING - Critical Event Log: ID 4672 - ('S-1-5-18', 'SYSTEM', 'NT AUTHORITY', '0x3e7', 'SeAssignPrimaryTokenPrivilege\r\n\t\t\tSeTcbPrivilege\r\n\t\t\tSeSecurityPrivilege\r\n\t\t\tSeTakeOwnershipPrivilege\r\n\t\t\tSeLoadDriverPrivilege\r\n\t\t\tSeBackupPrivilege\r\n\t\t\tSeRestorePrivilege\r\n\t\t\tSeDebugPrivilege\r\n\t\t\tSeAuditPrivilege\r\n\t\t\tSeSystemEnvironmentPrivilege\r\n\t\t\tSeImpersonatePrivilege\r\n\t\t\tSeDelegateSessionUserImpersonatePrivilege')
2025-10-08 18:11:22,393 - WARNING - Critical Event Log: ID 4624 - ('S-1-5-18', 'DESKTOP-F7BOMCG$', 'WORKGROUP', '0x3e7', 'S-1-5-18', 'SYSTEM', 'NT AUTHORITY', '0x3e7', '5', 'Advapi  ', 'Negotiate', '-', '{00000000-0000-0000-0000-000000000000}', '-', '-', '0', '0x464', 'C:\\Windows\\System32\\services.exe', '-', '-', '%%1833', '-', '-', '-', '-', '%%1843', '0x0', '%%1842')
2025-10-08 18:11:32,397 - WARNING - Critical Event Log: ID 4672 - ('S-1-5-18', 'SYSTEM', 'NT AUTHORITY', '0x3e7', 'SeAssignPrimaryTokenPrivilege\r\n\t\t\tSeTcbPrivilege\r\n\t\t\tSeSecurityPrivilege\r\n\t\t\tSeTakeOwnershipPrivilege\r\n\t\t\tSeLoadDriverPrivilege\r\n\t\t\tSeBackupPrivilege\r\n\t\t\tSeRestorePrivilege\r\n\t\t\tSeDebugPrivilege\r\n\t\t\tSeAuditPrivilege\r\n\t\t\tSeSystemEnvironmentPrivilege\r\n\t\t\tSeImpersonatePrivilege\r\n\t\t\tSeDelegateSessionUserImpersonatePrivilege')
2025-10-08 18:11:32,397 - WARNING - Critical Event Log: ID 4624 - ('S-1-5-18', 'DESKTOP-F7BOMCG$', 'WORKGROUP', '0x3e7', 'S-1-5-18', 'SYSTEM', 'NT AUTHORITY', '0x3e7', '5', 'Advapi  ', 'Negotiate', '-', '{00000000-0000-0000-0000-000000000000}', '-', '-', '0', '0x464', 'C:\\Windows\\System32\\services.exe', '-', '-', '%%1833', '-', '-', '-', '-', '%%1843', '0x0', '%%1842')
2025-10-08 18:11:32,397 - WARNING - Critical Event Log: ID 4672 - ('S-1-5-18', 'SYSTEM', 'NT AUTHORITY', '0x3e7', 'SeAssignPrimaryTokenPrivilege\r\n\t\t\tSeTcbPrivilege\r\n\t\t\tSeSecurityPrivilege\r\n\t\t\tSeTakeOwnershipPrivilege\r\n\t\t\tSeLoadDriverPrivilege\r\n\t\t\tSeBackupPrivilege\r\n\t\t\tSeRestorePrivilege\r\n\t\t\tSeDebugPrivilege\r\n\t\t\tSeAuditPrivilege\r\n\t\t\tSeSystemEnvironmentPrivilege\r\n\t\t\tSeImpersonatePrivilege\r\n\t\t\tSeDelegateSessionUserImpersonatePrivilege')
2025-10-08 18:11:32,397 - WARNING - Critical Event Log: ID 4624 - ('S-1-5-18', 'DESKTOP-F7BOMCG$', 'WORKGROUP', '0x3e7', 'S-1-5-18', 'SYSTEM', 'NT AUTHORITY', '0x3e7', '5', 'Advapi  ', 'Negotiate', '-', '{00000000-0000-0000-0000-000000000000}', '-', '-', '0', '0x464', 'C:\\Windows\\System32\\services.exe', '-', '-', '%%1833', '-', '-', '-', '-', '%%1843', '0x0', '%%1842')
2025-10-08 18:11:39,224 - CRITICAL - File modified: C:\Windows\System32\winevt\Logs\Application.evtx
2025-10-08 18:11:39,910 - CRITICAL - File modified: C:\Windows\System32\winevt\Logs\Intel Graphics Software.evtx
2025-10-08 18:11:40,691 - CRITICAL - File modified: C:\Windows\System32\winevt\Logs\Microsoft-Windows-CodeIntegrity%4Operational.evtx
2025-10-08 18:11:41,487 - CRITICAL - File modified: C:\Windows\System32\winevt\Logs\Microsoft-Windows-Kernel-PnP%4Device Management.evtx
2025-10-08 18:11:42,218 - CRITICAL - File modified: C:\Windows\System32\winevt\Logs\Microsoft-Windows-Audio%4Operational.evtx
2025-10-08 18:11:42,402 - WARNING - Critical Event Log: ID 4672 - ('S-1-5-18', 'SYSTEM', 'NT AUTHORITY', '0x3e7', 'SeAssignPrimaryTokenPrivilege\r\n\t\t\tSeTcbPrivilege\r\n\t\t\tSeSecurityPrivilege\r\n\t\t\tSeTakeOwnershipPrivilege\r\n\t\t\tSeLoadDriverPrivilege\r\n\t\t\tSeBackupPrivilege\r\n\t\t\tSeRestorePrivilege\r\n\t\t\tSeDebugPrivilege\r\n\t\t\tSeAuditPrivilege\r\n\t\t\tSeSystemEnvironmentPrivilege\r\n\t\t\tSeImpersonatePrivilege\r\n\t\t\tSeDelegateSessionUserImpersonatePrivilege')
2025-10-08 18:11:42,402 - WARNING - Critical Event Log: ID 4624 - ('S-1-5-18', 'DESKTOP-F7BOMCG$', 'WORKGROUP', '0x3e7', 'S-1-5-18', 'SYSTEM', 'NT AUTHORITY', '0x3e7', '5', 'Advapi  ', 'Negotiate', '-', '{00000000-0000-0000-0000-000000000000}', '-', '-', '0', '0x464', 'C:\\Windows\\System32\\services.exe', '-', '-', '%%1833', '-', '-', '-', '-', '%%1843', '0x0', '%%1842')
2025-10-08 18:11:42,402 - WARNING - Critical Event Log: ID 4672 - ('S-1-5-18', 'SYSTEM', 'NT AUTHORITY', '0x3e7', 'SeAssignPrimaryTokenPrivilege\r\n\t\t\tSeTcbPrivilege\r\n\t\t\tSeSecurityPrivilege\r\n\t\t\tSeTakeOwnershipPrivilege\r\n\t\t\tSeLoadDriverPrivilege\r\n\t\t\tSeBackupPrivilege\r\n\t\t\tSeRestorePrivilege\r\n\t\t\tSeDebugPrivilege\r\n\t\t\tSeAuditPrivilege\r\n\t\t\tSeSystemEnvironmentPrivilege\r\n\t\t\tSeImpersonatePrivilege\r\n\t\t\tSeDelegateSessionUserImpersonatePrivilege')
2025-10-08 18:11:42,402 - WARNING - Critical Event Log: ID 4624 - ('S-1-5-18', 'DESKTOP-F7BOMCG$', 'WORKGROUP', '0x3e7', 'S-1-5-18', 'SYSTEM', 'NT AUTHORITY', '0x3e7', '5', 'Advapi  ', 'Negotiate', '-', '{00000000-0000-0000-0000-000000000000}', '-', '-', '0', '0x464', 'C:\\Windows\\System32\\services.exe', '-', '-', '%%1833', '-', '-', '-', '-', '%%1843', '0x0', '%%1842')
2025-10-08 18:11:42,919 - CRITICAL - File modified: C:\Windows\System32\winevt\Logs\Microsoft-Windows-LiveId%4Operational.evtx
2025-10-08 18:11:43,729 - CRITICAL - File modified: C:\Windows\System32\winevt\Logs\Microsoft-Windows-WMI-Activity%4Operational.evtx
2025-10-08 18:11:44,445 - CRITICAL - File modified: C:\Windows\System32\winevt\Logs\Microsoft-Windows-Known Folders API Service.evtx
2025-10-08 18:11:45,209 - CRITICAL - File modified: C:\Windows\System32\winevt\Logs\Microsoft-Windows-Diagnosis-PCW%4Operational.evtx
2025-10-08 18:11:45,910 - CRITICAL - File modified: C:\Windows\System32\winevt\Logs\Microsoft-Windows-AppModel-Runtime%4Admin.evtx
2025-10-08 18:11:52,405 - WARNING - Critical Event Log: ID 4672 - ('S-1-5-18', 'SYSTEM', 'NT AUTHORITY', '0x3e7', 'SeAssignPrimaryTokenPrivilege\r\n\t\t\tSeTcbPrivilege\r\n\t\t\tSeSecurityPrivilege\r\n\t\t\tSeTakeOwnershipPrivilege\r\n\t\t\tSeLoadDriverPrivilege\r\n\t\t\tSeBackupPrivilege\r\n\t\t\tSeRestorePrivilege\r\n\t\t\tSeDebugPrivilege\r\n\t\t\tSeAuditPrivilege\r\n\t\t\tSeSystemEnvironmentPrivilege\r\n\t\t\tSeImpersonatePrivilege\r\n\t\t\tSeDelegateSessionUserImpersonatePrivilege')
2025-10-08 18:11:52,405 - WARNING - Critical Event Log: ID 4624 - ('S-1-5-18', 'DESKTOP-F7BOMCG$', 'WORKGROUP', '0x3e7', 'S-1-5-18', 'SYSTEM', 'NT AUTHORITY', '0x3e7', '5', 'Advapi  ', 'Negotiate', '-', '{00000000-0000-0000-0000-000000000000}', '-', '-', '0', '0x464', 'C:\\Windows\\System32\\services.exe', '-', '-', '%%1833', '-', '-', '-', '-', '%%1843', '0x0', '%%1842')
2025-10-08 18:11:52,405 - WARNING - Critical Event Log: ID 4672 - ('S-1-5-18', 'SYSTEM', 'NT AUTHORITY', '0x3e7', 'SeAssignPrimaryTokenPrivilege\r\n\t\t\tSeTcbPrivilege\r\n\t\t\tSeSecurityPrivilege\r\n\t\t\tSeTakeOwnershipPrivilege\r\n\t\t\tSeLoadDriverPrivilege\r\n\t\t\tSeBackupPrivilege\r\n\t\t\tSeRestorePrivilege\r\n\t\t\tSeDebugPrivilege\r\n\t\t\tSeAuditPrivilege\r\n\t\t\tSeSystemEnvironmentPrivilege\r\n\t\t\tSeImpersonatePrivilege\r\n\t\t\tSeDelegateSessionUserImpersonatePrivilege')
2025-10-08 18:11:52,405 - WARNING - Critical Event Log: ID 4624 - ('S-1-5-18', 'DESKTOP-F7BOMCG$', 'WORKGROUP', '0x3e7', 'S-1-5-18', 'SYSTEM', 'NT AUTHORITY', '0x3e7', '5', 'Advapi  ', 'Negotiate', '-', '{00000000-0000-0000-0000-000000000000}', '-', '-', '0', '0x464', 'C:\\Windows\\System32\\services.exe', '-', '-', '%%1833', '-', '-', '-', '-', '%%1843', '0x0', '%%1842')
2025-10-08 18:12:02,409 - ERROR - Event log monitoring error: (6, 'ReadEventLog', 'The handle is invalid.')
2025-10-08 18:12:12,412 - WARNING - Critical Event Log: ID 4672 - ('S-1-5-18', 'SYSTEM', 'NT AUTHORITY', '0x3e7', 'SeAssignPrimaryTokenPrivilege\r\n\t\t\tSeTcbPrivilege\r\n\t\t\tSeSecurityPrivilege\r\n\t\t\tSeTakeOwnershipPrivilege\r\n\t\t\tSeLoadDriverPrivilege\r\n\t\t\tSeBackupPrivilege\r\n\t\t\tSeRestorePrivilege\r\n\t\t\tSeDebugPrivilege\r\n\t\t\tSeAuditPrivilege\r\n\t\t\tSeSystemEnvironmentPrivilege\r\n\t\t\tSeImpersonatePrivilege\r\n\t\t\tSeDelegateSessionUserImpersonatePrivilege')
2025-10-08 18:12:12,412 - WARNING - Critical Event Log: ID 4624 - ('S-1-5-18', 'DESKTOP-F7BOMCG$', 'WORKGROUP', '0x3e7', 'S-1-5-18', 'SYSTEM', 'NT AUTHORITY', '0x3e7', '5', 'Advapi  ', 'Negotiate', '-', '{00000000-0000-0000-0000-000000000000}', '-', '-', '0', '0x464', 'C:\\Windows\\System32\\services.exe', '-', '-', '%%1833', '-', '-', '-', '-', '%%1843', '0x0', '%%1842')
2025-10-08 18:12:12,412 - WARNING - Critical Event Log: ID 4672 - ('S-1-5-18', 'SYSTEM', 'NT AUTHORITY', '0x3e7', 'SeAssignPrimaryTokenPrivilege\r\n\t\t\tSeTcbPrivilege\r\n\t\t\tSeSecurityPrivilege\r\n\t\t\tSeTakeOwnershipPrivilege\r\n\t\t\tSeLoadDriverPrivilege\r\n\t\t\tSeBackupPrivilege\r\n\t\t\tSeRestorePrivilege\r\n\t\t\tSeDebugPrivilege\r\n\t\t\tSeAuditPrivilege\r\n\t\t\tSeSystemEnvironmentPrivilege\r\n\t\t\tSeImpersonatePrivilege\r\n\t\t\tSeDelegateSessionUserImpersonatePrivilege')
2025-10-08 18:12:12,412 - WARNING - Critical Event Log: ID 4624 - ('S-1-5-18', 'DESKTOP-F7BOMCG$', 'WORKGROUP', '0x3e7', 'S-1-5-18', 'SYSTEM', 'NT AUTHORITY', '0x3e7', '5', 'Advapi  ', 'Negotiate', '-', '{00000000-0000-0000-0000-000000000000}', '-', '-', '0', '0x464', 'C:\\Windows\\System32\\services.exe', '-', '-', '%%1833', '-', '-', '-', '-', '%%1843', '0x0', '%%1842')
2025-10-08 18:12:22,418 - WARNING - Critical Event Log: ID 4672 - ('S-1-5-18', 'SYSTEM', 'NT AUTHORITY', '0x3e7', 'SeAssignPrimaryTokenPrivilege\r\n\t\t\tSeTcbPrivilege\r\n\t\t\tSeSecurityPrivilege\r\n\t\t\tSeTakeOwnershipPrivilege\r\n\t\t\tSeLoadDriverPrivilege\r\n\t\t\tSeBackupPrivilege\r\n\t\t\tSeRestorePrivilege\r\n\t\t\tSeDebugPrivilege\r\n\t\t\tSeAuditPrivilege\r\n\t\t\tSeSystemEnvironmentPrivilege\r\n\t\t\tSeImpersonatePrivilege\r\n\t\t\tSeDelegateSessionUserImpersonatePrivilege')
2025-10-08 18:12:22,418 - WARNING - Critical Event Log: ID 4624 - ('S-1-5-18', 'DESKTOP-F7BOMCG$', 'WORKGROUP', '0x3e7', 'S-1-5-18', 'SYSTEM', 'NT AUTHORITY', '0x3e7', '5', 'Advapi  ', 'Negotiate', '-', '{00000000-0000-0000-0000-000000000000}', '-', '-', '0', '0x464', 'C:\\Windows\\System32\\services.exe', '-', '-', '%%1833', '-', '-', '-', '-', '%%1843', '0x0', '%%1842')
2025-10-08 18:12:22,418 - WARNING - Critical Event Log: ID 4672 - ('S-1-5-18', 'SYSTEM', 'NT AUTHORITY', '0x3e7', 'SeAssignPrimaryTokenPrivilege\r\n\t\t\tSeTcbPrivilege\r\n\t\t\tSeSecurityPrivilege\r\n\t\t\tSeTakeOwnershipPrivilege\r\n\t\t\tSeLoadDriverPrivilege\r\n\t\t\tSeBackupPrivilege\r\n\t\t\tSeRestorePrivilege\r\n\t\t\tSeDebugPrivilege\r\n\t\t\tSeAuditPrivilege\r\n\t\t\tSeSystemEnvironmentPrivilege\r\n\t\t\tSeImpersonatePrivilege\r\n\t\t\tSeDelegateSessionUserImpersonatePrivilege')
2025-10-08 18:12:22,418 - WARNING - Critical Event Log: ID 4624 - ('S-1-5-18', 'DESKTOP-F7BOMCG$', 'WORKGROUP', '0x3e7', 'S-1-5-18', 'SYSTEM', 'NT AUTHORITY', '0x3e7', '5', 'Advapi  ', 'Negotiate', '-', '{00000000-0000-0000-0000-000000000000}', '-', '-', '0', '0x464', 'C:\\Windows\\System32\\services.exe', '-', '-', '%%1833', '-', '-', '-', '-', '%%1843', '0x0', '%%1842')
2025-10-08 18:12:23,144 - CRITICAL - File modified: C:\Windows\System32\winevt\Logs\Microsoft-Client-Licensing-Platform%4Admin.evtx
2025-10-08 18:12:32,422 - WARNING - Critical Event Log: ID 4672 - ('S-1-5-18', 'SYSTEM', 'NT AUTHORITY', '0x3e7', 'SeAssignPrimaryTokenPrivilege\r\n\t\t\tSeTcbPrivilege\r\n\t\t\tSeSecurityPrivilege\r\n\t\t\tSeTakeOwnershipPrivilege\r\n\t\t\tSeLoadDriverPrivilege\r\n\t\t\tSeBackupPrivilege\r\n\t\t\tSeRestorePrivilege\r\n\t\t\tSeDebugPrivilege\r\n\t\t\tSeAuditPrivilege\r\n\t\t\tSeSystemEnvironmentPrivilege\r\n\t\t\tSeImpersonatePrivilege\r\n\t\t\tSeDelegateSessionUserImpersonatePrivilege')
2025-10-08 18:12:32,422 - WARNING - Critical Event Log: ID 4624 - ('S-1-5-18', 'DESKTOP-F7BOMCG$', 'WORKGROUP', '0x3e7', 'S-1-5-18', 'SYSTEM', 'NT AUTHORITY', '0x3e7', '5', 'Advapi  ', 'Negotiate', '-', '{00000000-0000-0000-0000-000000000000}', '-', '-', '0', '0x464', 'C:\\Windows\\System32\\services.exe', '-', '-', '%%1833', '-', '-', '-', '-', '%%1843', '0x0', '%%1842')
2025-10-08 18:12:32,426 - WARNING - Critical Event Log: ID 4672 - ('S-1-5-18', 'SYSTEM', 'NT AUTHORITY', '0x3e7', 'SeAssignPrimaryTokenPrivilege\r\n\t\t\tSeTcbPrivilege\r\n\t\t\tSeSecurityPrivilege\r\n\t\t\tSeTakeOwnershipPrivilege\r\n\t\t\tSeLoadDriverPrivilege\r\n\t\t\tSeBackupPrivilege\r\n\t\t\tSeRestorePrivilege\r\n\t\t\tSeDebugPrivilege\r\n\t\t\tSeAuditPrivilege\r\n\t\t\tSeSystemEnvironmentPrivilege\r\n\t\t\tSeImpersonatePrivilege\r\n\t\t\tSeDelegateSessionUserImpersonatePrivilege')
2025-10-08 18:12:32,426 - WARNING - Critical Event Log: ID 4624 - ('S-1-5-18', 'DESKTOP-F7BOMCG$', 'WORKGROUP', '0x3e7', 'S-1-5-18', 'SYSTEM', 'NT AUTHORITY', '0x3e7', '5', 'Advapi  ', 'Negotiate', '-', '{00000000-0000-0000-0000-000000000000}', '-', '-', '0', '0x464', 'C:\\Windows\\System32\\services.exe', '-', '-', '%%1833', '-', '-', '-', '-', '%%1843', '0x0', '%%1842')
2025-10-08 18:12:42,428 - WARNING - Critical Event Log: ID 4672 - ('S-1-5-18', 'SYSTEM', 'NT AUTHORITY', '0x3e7', 'SeAssignPrimaryTokenPrivilege\r\n\t\t\tSeTcbPrivilege\r\n\t\t\tSeSecurityPrivilege\r\n\t\t\tSeTakeOwnershipPrivilege\r\n\t\t\tSeLoadDriverPrivilege\r\n\t\t\tSeBackupPrivilege\r\n\t\t\tSeRestorePrivilege\r\n\t\t\tSeDebugPrivilege\r\n\t\t\tSeAuditPrivilege\r\n\t\t\tSeSystemEnvironmentPrivilege\r\n\t\t\tSeImpersonatePrivilege\r\n\t\t\tSeDelegateSessionUserImpersonatePrivilege')
2025-10-08 18:12:42,428 - WARNING - Critical Event Log: ID 4624 - ('S-1-5-18', 'DESKTOP-F7BOMCG$', 'WORKGROUP', '0x3e7', 'S-1-5-18', 'SYSTEM', 'NT AUTHORITY', '0x3e7', '5', 'Advapi  ', 'Negotiate', '-', '{00000000-0000-0000-0000-000000000000}', '-', '-', '0', '0x464', 'C:\\Windows\\System32\\services.exe', '-', '-', '%%1833', '-', '-', '-', '-', '%%1843', '0x0', '%%1842')
2025-10-08 18:12:42,428 - WARNING - Critical Event Log: ID 4672 - ('S-1-5-18', 'SYSTEM', 'NT AUTHORITY', '0x3e7', 'SeAssignPrimaryTokenPrivilege\r\n\t\t\tSeTcbPrivilege\r\n\t\t\tSeSecurityPrivilege\r\n\t\t\tSeTakeOwnershipPrivilege\r\n\t\t\tSeLoadDriverPrivilege\r\n\t\t\tSeBackupPrivilege\r\n\t\t\tSeRestorePrivilege\r\n\t\t\tSeDebugPrivilege\r\n\t\t\tSeAuditPrivilege\r\n\t\t\tSeSystemEnvironmentPrivilege\r\n\t\t\tSeImpersonatePrivilege\r\n\t\t\tSeDelegateSessionUserImpersonatePrivilege')
2025-10-08 18:12:42,428 - WARNING - Critical Event Log: ID 4624 - ('S-1-5-18', 'DESKTOP-F7BOMCG$', 'WORKGROUP', '0x3e7', 'S-1-5-18', 'SYSTEM', 'NT AUTHORITY', '0x3e7', '5', 'Advapi  ', 'Negotiate', '-', '{00000000-0000-0000-0000-000000000000}', '-', '-', '0', '0x464', 'C:\\Windows\\System32\\services.exe', '-', '-', '%%1833', '-', '-', '-', '-', '%%1843', '0x0', '%%1842')
2025-10-08 18:12:52,431 - ERROR - Event log monitoring error: (6, 'ReadEventLog', 'The handle is invalid.')
2025-10-08 18:13:02,432 - WARNING - Critical Event Log: ID 4672 - ('S-1-5-18', 'SYSTEM', 'NT AUTHORITY', '0x3e7', 'SeAssignPrimaryTokenPrivilege\r\n\t\t\tSeTcbPrivilege\r\n\t\t\tSeSecurityPrivilege\r\n\t\t\tSeTakeOwnershipPrivilege\r\n\t\t\tSeLoadDriverPrivilege\r\n\t\t\tSeBackupPrivilege\r\n\t\t\tSeRestorePrivilege\r\n\t\t\tSeDebugPrivilege\r\n\t\t\tSeAuditPrivilege\r\n\t\t\tSeSystemEnvironmentPrivilege\r\n\t\t\tSeImpersonatePrivilege\r\n\t\t\tSeDelegateSessionUserImpersonatePrivilege')
2025-10-08 18:13:02,432 - WARNING - Critical Event Log: ID 4624 - ('S-1-5-18', 'DESKTOP-F7BOMCG$', 'WORKGROUP', '0x3e7', 'S-1-5-18', 'SYSTEM', 'NT AUTHORITY', '0x3e7', '5', 'Advapi  ', 'Negotiate', '-', '{00000000-0000-0000-0000-000000000000}', '-', '-', '0', '0x464', 'C:\\Windows\\System32\\services.exe', '-', '-', '%%1833', '-', '-', '-', '-', '%%1843', '0x0', '%%1842')
2025-10-08 18:13:02,432 - WARNING - Critical Event Log: ID 4672 - ('S-1-5-18', 'SYSTEM', 'NT AUTHORITY', '0x3e7', 'SeAssignPrimaryTokenPrivilege\r\n\t\t\tSeTcbPrivilege\r\n\t\t\tSeSecurityPrivilege\r\n\t\t\tSeTakeOwnershipPrivilege\r\n\t\t\tSeLoadDriverPrivilege\r\n\t\t\tSeBackupPrivilege\r\n\t\t\tSeRestorePrivilege\r\n\t\t\tSeDebugPrivilege\r\n\t\t\tSeAuditPrivilege\r\n\t\t\tSeSystemEnvironmentPrivilege\r\n\t\t\tSeImpersonatePrivilege\r\n\t\t\tSeDelegateSessionUserImpersonatePrivilege')
2025-10-08 18:13:02,432 - WARNING - Critical Event Log: ID 4624 - ('S-1-5-18', 'DESKTOP-F7BOMCG$', 'WORKGROUP', '0x3e7', 'S-1-5-18', 'SYSTEM', 'NT AUTHORITY', '0x3e7', '5', 'Advapi  ', 'Negotiate', '-', '{00000000-0000-0000-0000-000000000000}', '-', '-', '0', '0x464', 'C:\\Windows\\System32\\services.exe', '-', '-', '%%1833', '-', '-', '-', '-', '%%1843', '0x0', '%%1842')
2025-10-08 18:13:12,436 - ERROR - Event log monitoring error: (6, 'ReadEventLog', 'The handle is invalid.')
2025-10-08 18:13:22,438 - WARNING - Critical Event Log: ID 4672 - ('S-1-5-18', 'SYSTEM', 'NT AUTHORITY', '0x3e7', 'SeAssignPrimaryTokenPrivilege\r\n\t\t\tSeTcbPrivilege\r\n\t\t\tSeSecurityPrivilege\r\n\t\t\tSeTakeOwnershipPrivilege\r\n\t\t\tSeLoadDriverPrivilege\r\n\t\t\tSeBackupPrivilege\r\n\t\t\tSeRestorePrivilege\r\n\t\t\tSeDebugPrivilege\r\n\t\t\tSeAuditPrivilege\r\n\t\t\tSeSystemEnvironmentPrivilege\r\n\t\t\tSeImpersonatePrivilege\r\n\t\t\tSeDelegateSessionUserImpersonatePrivilege')
2025-10-08 18:13:22,438 - WARNING - Critical Event Log: ID 4624 - ('S-1-5-18', 'DESKTOP-F7BOMCG$', 'WORKGROUP', '0x3e7', 'S-1-5-18', 'SYSTEM', 'NT AUTHORITY', '0x3e7', '5', 'Advapi  ', 'Negotiate', '-', '{00000000-0000-0000-0000-000000000000}', '-', '-', '0', '0x464', 'C:\\Windows\\System32\\services.exe', '-', '-', '%%1833', '-', '-', '-', '-', '%%1843', '0x0', '%%1842')
2025-10-08 18:13:22,438 - WARNING - Critical Event Log: ID 4672 - ('S-1-5-18', 'SYSTEM', 'NT AUTHORITY', '0x3e7', 'SeAssignPrimaryTokenPrivilege\r\n\t\t\tSeTcbPrivilege\r\n\t\t\tSeSecurityPrivilege\r\n\t\t\tSeTakeOwnershipPrivilege\r\n\t\t\tSeLoadDriverPrivilege\r\n\t\t\tSeBackupPrivilege\r\n\t\t\tSeRestorePrivilege\r\n\t\t\tSeDebugPrivilege\r\n\t\t\tSeAuditPrivilege\r\n\t\t\tSeSystemEnvironmentPrivilege\r\n\t\t\tSeImpersonatePrivilege\r\n\t\t\tSeDelegateSessionUserImpersonatePrivilege')
2025-10-08 18:13:22,438 - WARNING - Critical Event Log: ID 4624 - ('S-1-5-18', 'DESKTOP-F7BOMCG$', 'WORKGROUP', '0x3e7', 'S-1-5-18', 'SYSTEM', 'NT AUTHORITY', '0x3e7', '5', 'Advapi  ', 'Negotiate', '-', '{00000000-0000-0000-0000-000000000000}', '-', '-', '0', '0x464', 'C:\\Windows\\System32\\services.exe', '-', '-', '%%1833', '-', '-', '-', '-', '%%1843', '0x0', '%%1842')
2025-10-08 18:13:32,442 - WARNING - Critical Event Log: ID 4672 - ('S-1-5-18', 'SYSTEM', 'NT AUTHORITY', '0x3e7', 'SeAssignPrimaryTokenPrivilege\r\n\t\t\tSeTcbPrivilege\r\n\t\t\tSeSecurityPrivilege\r\n\t\t\tSeTakeOwnershipPrivilege\r\n\t\t\tSeLoadDriverPrivilege\r\n\t\t\tSeBackupPrivilege\r\n\t\t\tSeRestorePrivilege\r\n\t\t\tSeDebugPrivilege\r\n\t\t\tSeAuditPrivilege\r\n\t\t\tSeSystemEnvironmentPrivilege\r\n\t\t\tSeImpersonatePrivilege\r\n\t\t\tSeDelegateSessionUserImpersonatePrivilege')
2025-10-08 18:13:32,442 - WARNING - Critical Event Log: ID 4624 - ('S-1-5-18', 'DESKTOP-F7BOMCG$', 'WORKGROUP', '0x3e7', 'S-1-5-18', 'SYSTEM', 'NT AUTHORITY', '0x3e7', '5', 'Advapi  ', 'Negotiate', '-', '{00000000-0000-0000-0000-000000000000}', '-', '-', '0', '0x464', 'C:\\Windows\\System32\\services.exe', '-', '-', '%%1833', '-', '-', '-', '-', '%%1843', '0x0', '%%1842')
2025-10-08 18:13:32,442 - WARNING - Critical Event Log: ID 4672 - ('S-1-5-18', 'SYSTEM', 'NT AUTHORITY', '0x3e7', 'SeAssignPrimaryTokenPrivilege\r\n\t\t\tSeTcbPrivilege\r\n\t\t\tSeSecurityPrivilege\r\n\t\t\tSeTakeOwnershipPrivilege\r\n\t\t\tSeLoadDriverPrivilege\r\n\t\t\tSeBackupPrivilege\r\n\t\t\tSeRestorePrivilege\r\n\t\t\tSeDebugPrivilege\r\n\t\t\tSeAuditPrivilege\r\n\t\t\tSeSystemEnvironmentPrivilege\r\n\t\t\tSeImpersonatePrivilege\r\n\t\t\tSeDelegateSessionUserImpersonatePrivilege')
2025-10-08 18:13:32,442 - WARNING - Critical Event Log: ID 4624 - ('S-1-5-18', 'DESKTOP-F7BOMCG$', 'WORKGROUP', '0x3e7', 'S-1-5-18', 'SYSTEM', 'NT AUTHORITY', '0x3e7', '5', 'Advapi  ', 'Negotiate', '-', '{00000000-0000-0000-0000-000000000000}', '-', '-', '0', '0x464', 'C:\\Windows\\System32\\services.exe', '-', '-', '%%1833', '-', '-', '-', '-', '%%1843', '0x0', '%%1842')
2025-10-08 18:13:42,445 - WARNING - Critical Event Log: ID 4672 - ('S-1-5-18', 'SYSTEM', 'NT AUTHORITY', '0x3e7', 'SeAssignPrimaryTokenPrivilege\r\n\t\t\tSeTcbPrivilege\r\n\t\t\tSeSecurityPrivilege\r\n\t\t\tSeTakeOwnershipPrivilege\r\n\t\t\tSeLoadDriverPrivilege\r\n\t\t\tSeBackupPrivilege\r\n\t\t\tSeRestorePrivilege\r\n\t\t\tSeDebugPrivilege\r\n\t\t\tSeAuditPrivilege\r\n\t\t\tSeSystemEnvironmentPrivilege\r\n\t\t\tSeImpersonatePrivilege\r\n\t\t\tSeDelegateSessionUserImpersonatePrivilege')
2025-10-08 18:13:42,445 - WARNING - Critical Event Log: ID 4624 - ('S-1-5-18', 'DESKTOP-F7BOMCG$', 'WORKGROUP', '0x3e7', 'S-1-5-18', 'SYSTEM', 'NT AUTHORITY', '0x3e7', '5', 'Advapi  ', 'Negotiate', '-', '{00000000-0000-0000-0000-000000000000}', '-', '-', '0', '0x464', 'C:\\Windows\\System32\\services.exe', '-', '-', '%%1833', '-', '-', '-', '-', '%%1843', '0x0', '%%1842')
2025-10-08 18:13:42,448 - WARNING - Critical Event Log: ID 4672 - ('S-1-5-18', 'SYSTEM', 'NT AUTHORITY', '0x3e7', 'SeAssignPrimaryTokenPrivilege\r\n\t\t\tSeTcbPrivilege\r\n\t\t\tSeSecurityPrivilege\r\n\t\t\tSeTakeOwnershipPrivilege\r\n\t\t\tSeLoadDriverPrivilege\r\n\t\t\tSeBackupPrivilege\r\n\t\t\tSeRestorePrivilege\r\n\t\t\tSeDebugPrivilege\r\n\t\t\tSeAuditPrivilege\r\n\t\t\tSeSystemEnvironmentPrivilege\r\n\t\t\tSeImpersonatePrivilege\r\n\t\t\tSeDelegateSessionUserImpersonatePrivilege')
2025-10-08 18:13:42,448 - WARNING - Critical Event Log: ID 4624 - ('S-1-5-18', 'DESKTOP-F7BOMCG$', 'WORKGROUP', '0x3e7', 'S-1-5-18', 'SYSTEM', 'NT AUTHORITY', '0x3e7', '5', 'Advapi  ', 'Negotiate', '-', '{00000000-0000-0000-0000-000000000000}', '-', '-', '0', '0x464', 'C:\\Windows\\System32\\services.exe', '-', '-', '%%1833', '-', '-', '-', '-', '%%1843', '0x0', '%%1842')
2025-10-08 18:13:52,449 - ERROR - Event log monitoring error: (6, 'ReadEventLog', 'The handle is invalid.')
2025-10-08 18:14:02,450 - WARNING - Critical Event Log: ID 4672 - ('S-1-5-18', 'SYSTEM', 'NT AUTHORITY', '0x3e7', 'SeAssignPrimaryTokenPrivilege\r\n\t\t\tSeTcbPrivilege\r\n\t\t\tSeSecurityPrivilege\r\n\t\t\tSeTakeOwnershipPrivilege\r\n\t\t\tSeLoadDriverPrivilege\r\n\t\t\tSeBackupPrivilege\r\n\t\t\tSeRestorePrivilege\r\n\t\t\tSeDebugPrivilege\r\n\t\t\tSeAuditPrivilege\r\n\t\t\tSeSystemEnvironmentPrivilege\r\n\t\t\tSeImpersonatePrivilege\r\n\t\t\tSeDelegateSessionUserImpersonatePrivilege')
2025-10-08 18:14:02,450 - WARNING - Critical Event Log: ID 4624 - ('S-1-5-18', 'DESKTOP-F7BOMCG$', 'WORKGROUP', '0x3e7', 'S-1-5-18', 'SYSTEM', 'NT AUTHORITY', '0x3e7', '5', 'Advapi  ', 'Negotiate', '-', '{00000000-0000-0000-0000-000000000000}', '-', '-', '0', '0x464', 'C:\\Windows\\System32\\services.exe', '-', '-', '%%1833', '-', '-', '-', '-', '%%1843', '0x0', '%%1842')
2025-10-08 18:14:02,450 - WARNING - Critical Event Log: ID 4672 - ('S-1-5-18', 'SYSTEM', 'NT AUTHORITY', '0x3e7', 'SeAssignPrimaryTokenPrivilege\r\n\t\t\tSeTcbPrivilege\r\n\t\t\tSeSecurityPrivilege\r\n\t\t\tSeTakeOwnershipPrivilege\r\n\t\t\tSeLoadDriverPrivilege\r\n\t\t\tSeBackupPrivilege\r\n\t\t\tSeRestorePrivilege\r\n\t\t\tSeDebugPrivilege\r\n\t\t\tSeAuditPrivilege\r\n\t\t\tSeSystemEnvironmentPrivilege\r\n\t\t\tSeImpersonatePrivilege\r\n\t\t\tSeDelegateSessionUserImpersonatePrivilege')
2025-10-08 18:14:02,450 - WARNING - Critical Event Log: ID 4624 - ('S-1-5-18', 'DESKTOP-F7BOMCG$', 'WORKGROUP', '0x3e7', 'S-1-5-18', 'SYSTEM', 'NT AUTHORITY', '0x3e7', '5', 'Advapi  ', 'Negotiate', '-', '{00000000-0000-0000-0000-000000000000}', '-', '-', '0', '0x464', 'C:\\Windows\\System32\\services.exe', '-', '-', '%%1833', '-', '-', '-', '-', '%%1843', '0x0', '%%1842')
2025-10-08 18:14:12,454 - ERROR - Event log monitoring error: (6, 'ReadEventLog', 'The handle is invalid.')
2025-10-08 18:14:22,456 - ERROR - Event log monitoring error: (6, 'ReadEventLog', 'The handle is invalid.')
2025-10-08 18:14:23,630 - CRITICAL - File modified: C:\Windows\System32\winevt\Logs\Microsoft-Windows-WMI-Activity%4Operational.evtx
2025-10-08 18:14:24,295 - CRITICAL - File modified: C:\Windows\System32\winevt\Logs\Microsoft-Windows-StorageManagement%4Operational.evtx
2025-10-08 18:14:32,457 - WARNING - Critical Event Log: ID 4672 - ('S-1-5-18', 'SYSTEM', 'NT AUTHORITY', '0x3e7', 'SeAssignPrimaryTokenPrivilege\r\n\t\t\tSeTcbPrivilege\r\n\t\t\tSeSecurityPrivilege\r\n\t\t\tSeTakeOwnershipPrivilege\r\n\t\t\tSeLoadDriverPrivilege\r\n\t\t\tSeBackupPrivilege\r\n\t\t\tSeRestorePrivilege\r\n\t\t\tSeDebugPrivilege\r\n\t\t\tSeAuditPrivilege\r\n\t\t\tSeSystemEnvironmentPrivilege\r\n\t\t\tSeImpersonatePrivilege\r\n\t\t\tSeDelegateSessionUserImpersonatePrivilege')
2025-10-08 18:14:32,457 - WARNING - Critical Event Log: ID 4624 - ('S-1-5-18', 'DESKTOP-F7BOMCG$', 'WORKGROUP', '0x3e7', 'S-1-5-18', 'SYSTEM', 'NT AUTHORITY', '0x3e7', '5', 'Advapi  ', 'Negotiate', '-', '{00000000-0000-0000-0000-000000000000}', '-', '-', '0', '0x464', 'C:\\Windows\\System32\\services.exe', '-', '-', '%%1833', '-', '-', '-', '-', '%%1843', '0x0', '%%1842')
2025-10-08 18:14:32,457 - WARNING - Critical Event Log: ID 4672 - ('S-1-5-18', 'SYSTEM', 'NT AUTHORITY', '0x3e7', 'SeAssignPrimaryTokenPrivilege\r\n\t\t\tSeTcbPrivilege\r\n\t\t\tSeSecurityPrivilege\r\n\t\t\tSeTakeOwnershipPrivilege\r\n\t\t\tSeLoadDriverPrivilege\r\n\t\t\tSeBackupPrivilege\r\n\t\t\tSeRestorePrivilege\r\n\t\t\tSeDebugPrivilege\r\n\t\t\tSeAuditPrivilege\r\n\t\t\tSeSystemEnvironmentPrivilege\r\n\t\t\tSeImpersonatePrivilege\r\n\t\t\tSeDelegateSessionUserImpersonatePrivilege')
2025-10-08 18:14:32,457 - WARNING - Critical Event Log: ID 4624 - ('S-1-5-18', 'DESKTOP-F7BOMCG$', 'WORKGROUP', '0x3e7', 'S-1-5-18', 'SYSTEM', 'NT AUTHORITY', '0x3e7', '5', 'Advapi  ', 'Negotiate', '-', '{00000000-0000-0000-0000-000000000000}', '-', '-', '0', '0x464', 'C:\\Windows\\System32\\services.exe', '-', '-', '%%1833', '-', '-', '-', '-', '%%1843', '0x0', '%%1842')
2025-10-08 18:14:42,461 - WARNING - Critical Event Log: ID 4672 - ('S-1-5-18', 'SYSTEM', 'NT AUTHORITY', '0x3e7', 'SeAssignPrimaryTokenPrivilege\r\n\t\t\tSeTcbPrivilege\r\n\t\t\tSeSecurityPrivilege\r\n\t\t\tSeTakeOwnershipPrivilege\r\n\t\t\tSeLoadDriverPrivilege\r\n\t\t\tSeBackupPrivilege\r\n\t\t\tSeRestorePrivilege\r\n\t\t\tSeDebugPrivilege\r\n\t\t\tSeAuditPrivilege\r\n\t\t\tSeSystemEnvironmentPrivilege\r\n\t\t\tSeImpersonatePrivilege\r\n\t\t\tSeDelegateSessionUserImpersonatePrivilege')
2025-10-08 18:14:42,461 - WARNING - Critical Event Log: ID 4624 - ('S-1-5-18', 'DESKTOP-F7BOMCG$', 'WORKGROUP', '0x3e7', 'S-1-5-18', 'SYSTEM', 'NT AUTHORITY', '0x3e7', '5', 'Advapi  ', 'Negotiate', '-', '{00000000-0000-0000-0000-000000000000}', '-', '-', '0', '0x464', 'C:\\Windows\\System32\\services.exe', '-', '-', '%%1833', '-', '-', '-', '-', '%%1843', '0x0', '%%1842')
2025-10-08 18:14:42,461 - WARNING - Critical Event Log: ID 4672 - ('S-1-5-18', 'SYSTEM', 'NT AUTHORITY', '0x3e7', 'SeAssignPrimaryTokenPrivilege\r\n\t\t\tSeTcbPrivilege\r\n\t\t\tSeSecurityPrivilege\r\n\t\t\tSeTakeOwnershipPrivilege\r\n\t\t\tSeLoadDriverPrivilege\r\n\t\t\tSeBackupPrivilege\r\n\t\t\tSeRestorePrivilege\r\n\t\t\tSeDebugPrivilege\r\n\t\t\tSeAuditPrivilege\r\n\t\t\tSeSystemEnvironmentPrivilege\r\n\t\t\tSeImpersonatePrivilege\r\n\t\t\tSeDelegateSessionUserImpersonatePrivilege')
2025-10-08 18:14:42,461 - WARNING - Critical Event Log: ID 4624 - ('S-1-5-18', 'DESKTOP-F7BOMCG$', 'WORKGROUP', '0x3e7', 'S-1-5-18', 'SYSTEM', 'NT AUTHORITY', '0x3e7', '5', 'Advapi  ', 'Negotiate', '-', '{00000000-0000-0000-0000-000000000000}', '-', '-', '0', '0x464', 'C:\\Windows\\System32\\services.exe', '-', '-', '%%1833', '-', '-', '-', '-', '%%1843', '0x0', '%%1842')
2025-10-08 18:14:52,464 - WARNING - Critical Event Log: ID 4672 - ('S-1-5-18', 'SYSTEM', 'NT AUTHORITY', '0x3e7', 'SeAssignPrimaryTokenPrivilege\r\n\t\t\tSeTcbPrivilege\r\n\t\t\tSeSecurityPrivilege\r\n\t\t\tSeTakeOwnershipPrivilege\r\n\t\t\tSeLoadDriverPrivilege\r\n\t\t\tSeBackupPrivilege\r\n\t\t\tSeRestorePrivilege\r\n\t\t\tSeDebugPrivilege\r\n\t\t\tSeAuditPrivilege\r\n\t\t\tSeSystemEnvironmentPrivilege\r\n\t\t\tSeImpersonatePrivilege\r\n\t\t\tSeDelegateSessionUserImpersonatePrivilege')
2025-10-08 18:14:52,464 - WARNING - Critical Event Log: ID 4624 - ('S-1-5-18', 'DESKTOP-F7BOMCG$', 'WORKGROUP', '0x3e7', 'S-1-5-18', 'SYSTEM', 'NT AUTHORITY', '0x3e7', '5', 'Advapi  ', 'Negotiate', '-', '{00000000-0000-0000-0000-000000000000}', '-', '-', '0', '0x464', 'C:\\Windows\\System32\\services.exe', '-', '-', '%%1833', '-', '-', '-', '-', '%%1843', '0x0', '%%1842')
2025-10-08 18:14:52,464 - WARNING - Critical Event Log: ID 4672 - ('S-1-5-18', 'SYSTEM', 'NT AUTHORITY', '0x3e7', 'SeAssignPrimaryTokenPrivilege\r\n\t\t\tSeTcbPrivilege\r\n\t\t\tSeSecurityPrivilege\r\n\t\t\tSeTakeOwnershipPrivilege\r\n\t\t\tSeLoadDriverPrivilege\r\n\t\t\tSeBackupPrivilege\r\n\t\t\tSeRestorePrivilege\r\n\t\t\tSeDebugPrivilege\r\n\t\t\tSeAuditPrivilege\r\n\t\t\tSeSystemEnvironmentPrivilege\r\n\t\t\tSeImpersonatePrivilege\r\n\t\t\tSeDelegateSessionUserImpersonatePrivilege')
2025-10-08 18:14:52,464 - WARNING - Critical Event Log: ID 4624 - ('S-1-5-18', 'DESKTOP-F7BOMCG$', 'WORKGROUP', '0x3e7', 'S-1-5-18', 'SYSTEM', 'NT AUTHORITY', '0x3e7', '5', 'Advapi  ', 'Negotiate', '-', '{00000000-0000-0000-0000-000000000000}', '-', '-', '0', '0x464', 'C:\\Windows\\System32\\services.exe', '-', '-', '%%1833', '-', '-', '-', '-', '%%1843', '0x0', '%%1842')
2025-10-08 18:15:02,468 - WARNING - Critical Event Log: ID 4672 - ('S-1-5-18', 'SYSTEM', 'NT AUTHORITY', '0x3e7', 'SeAssignPrimaryTokenPrivilege\r\n\t\t\tSeTcbPrivilege\r\n\t\t\tSeSecurityPrivilege\r\n\t\t\tSeTakeOwnershipPrivilege\r\n\t\t\tSeLoadDriverPrivilege\r\n\t\t\tSeBackupPrivilege\r\n\t\t\tSeRestorePrivilege\r\n\t\t\tSeDebugPrivilege\r\n\t\t\tSeAuditPrivilege\r\n\t\t\tSeSystemEnvironmentPrivilege\r\n\t\t\tSeImpersonatePrivilege\r\n\t\t\tSeDelegateSessionUserImpersonatePrivilege')
2025-10-08 18:15:02,468 - WARNING - Critical Event Log: ID 4624 - ('S-1-5-18', 'DESKTOP-F7BOMCG$', 'WORKGROUP', '0x3e7', 'S-1-5-18', 'SYSTEM', 'NT AUTHORITY', '0x3e7', '5', 'Advapi  ', 'Negotiate', '-', '{00000000-0000-0000-0000-000000000000}', '-', '-', '0', '0x464', 'C:\\Windows\\System32\\services.exe', '-', '-', '%%1833', '-', '-', '-', '-', '%%1843', '0x0', '%%1842')
2025-10-08 18:15:02,468 - WARNING - Critical Event Log: ID 4672 - ('S-1-5-18', 'SYSTEM', 'NT AUTHORITY', '0x3e7', 'SeAssignPrimaryTokenPrivilege\r\n\t\t\tSeTcbPrivilege\r\n\t\t\tSeSecurityPrivilege\r\n\t\t\tSeTakeOwnershipPrivilege\r\n\t\t\tSeLoadDriverPrivilege\r\n\t\t\tSeBackupPrivilege\r\n\t\t\tSeRestorePrivilege\r\n\t\t\tSeDebugPrivilege\r\n\t\t\tSeAuditPrivilege\r\n\t\t\tSeSystemEnvironmentPrivilege\r\n\t\t\tSeImpersonatePrivilege\r\n\t\t\tSeDelegateSessionUserImpersonatePrivilege')
2025-10-08 18:15:02,468 - WARNING - Critical Event Log: ID 4624 - ('S-1-5-18', 'DESKTOP-F7BOMCG$', 'WORKGROUP', '0x3e7', 'S-1-5-18', 'SYSTEM', 'NT AUTHORITY', '0x3e7', '5', 'Advapi  ', 'Negotiate', '-', '{00000000-0000-0000-0000-000000000000}', '-', '-', '0', '0x464', 'C:\\Windows\\System32\\services.exe', '-', '-', '%%1833', '-', '-', '-', '-', '%%1843', '0x0', '%%1842')
2025-10-08 18:15:04,398 - CRITICAL - File modified: C:\Windows\System32\winevt\Logs\Microsoft-Windows-Diagnosis-PCW%4Operational.evtx
2025-10-08 18:15:12,471 - WARNING - Critical Event Log: ID 4672 - ('S-1-5-18', 'SYSTEM', 'NT AUTHORITY', '0x3e7', 'SeAssignPrimaryTokenPrivilege\r\n\t\t\tSeTcbPrivilege\r\n\t\t\tSeSecurityPrivilege\r\n\t\t\tSeTakeOwnershipPrivilege\r\n\t\t\tSeLoadDriverPrivilege\r\n\t\t\tSeBackupPrivilege\r\n\t\t\tSeRestorePrivilege\r\n\t\t\tSeDebugPrivilege\r\n\t\t\tSeAuditPrivilege\r\n\t\t\tSeSystemEnvironmentPrivilege\r\n\t\t\tSeImpersonatePrivilege\r\n\t\t\tSeDelegateSessionUserImpersonatePrivilege')
2025-10-08 18:15:12,471 - WARNING - Critical Event Log: ID 4624 - ('S-1-5-18', 'DESKTOP-F7BOMCG$', 'WORKGROUP', '0x3e7', 'S-1-5-18', 'SYSTEM', 'NT AUTHORITY', '0x3e7', '5', 'Advapi  ', 'Negotiate', '-', '{00000000-0000-0000-0000-000000000000}', '-', '-', '0', '0x464', 'C:\\Windows\\System32\\services.exe', '-', '-', '%%1833', '-', '-', '-', '-', '%%1843', '0x0', '%%1842')
2025-10-08 18:15:12,471 - WARNING - Critical Event Log: ID 4672 - ('S-1-5-18', 'SYSTEM', 'NT AUTHORITY', '0x3e7', 'SeAssignPrimaryTokenPrivilege\r\n\t\t\tSeTcbPrivilege\r\n\t\t\tSeSecurityPrivilege\r\n\t\t\tSeTakeOwnershipPrivilege\r\n\t\t\tSeLoadDriverPrivilege\r\n\t\t\tSeBackupPrivilege\r\n\t\t\tSeRestorePrivilege\r\n\t\t\tSeDebugPrivilege\r\n\t\t\tSeAuditPrivilege\r\n\t\t\tSeSystemEnvironmentPrivilege\r\n\t\t\tSeImpersonatePrivilege\r\n\t\t\tSeDelegateSessionUserImpersonatePrivilege')
2025-10-08 18:15:12,471 - WARNING - Critical Event Log: ID 4624 - ('S-1-5-18', 'DESKTOP-F7BOMCG$', 'WORKGROUP', '0x3e7', 'S-1-5-18', 'SYSTEM', 'NT AUTHORITY', '0x3e7', '5', 'Advapi  ', 'Negotiate', '-', '{00000000-0000-0000-0000-000000000000}', '-', '-', '0', '0x464', 'C:\\Windows\\System32\\services.exe', '-', '-', '%%1833', '-', '-', '-', '-', '%%1843', '0x0', '%%1842')
2025-10-08 18:15:22,476 - ERROR - Event log monitoring error: (6, 'ReadEventLog', 'The handle is invalid.')
2025-10-08 18:15:32,478 - WARNING - Critical Event Log: ID 4672 - ('S-1-5-18', 'SYSTEM', 'NT AUTHORITY', '0x3e7', 'SeAssignPrimaryTokenPrivilege\r\n\t\t\tSeTcbPrivilege\r\n\t\t\tSeSecurityPrivilege\r\n\t\t\tSeTakeOwnershipPrivilege\r\n\t\t\tSeLoadDriverPrivilege\r\n\t\t\tSeBackupPrivilege\r\n\t\t\tSeRestorePrivilege\r\n\t\t\tSeDebugPrivilege\r\n\t\t\tSeAuditPrivilege\r\n\t\t\tSeSystemEnvironmentPrivilege\r\n\t\t\tSeImpersonatePrivilege\r\n\t\t\tSeDelegateSessionUserImpersonatePrivilege')
2025-10-08 18:15:32,478 - WARNING - Critical Event Log: ID 4624 - ('S-1-5-18', 'DESKTOP-F7BOMCG$', 'WORKGROUP', '0x3e7', 'S-1-5-18', 'SYSTEM', 'NT AUTHORITY', '0x3e7', '5', 'Advapi  ', 'Negotiate', '-', '{00000000-0000-0000-0000-000000000000}', '-', '-', '0', '0x464', 'C:\\Windows\\System32\\services.exe', '-', '-', '%%1833', '-', '-', '-', '-', '%%1843', '0x0', '%%1842')
2025-10-08 18:15:32,478 - WARNING - Critical Event Log: ID 4672 - ('S-1-5-18', 'SYSTEM', 'NT AUTHORITY', '0x3e7', 'SeAssignPrimaryTokenPrivilege\r\n\t\t\tSeTcbPrivilege\r\n\t\t\tSeSecurityPrivilege\r\n\t\t\tSeTakeOwnershipPrivilege\r\n\t\t\tSeLoadDriverPrivilege\r\n\t\t\tSeBackupPrivilege\r\n\t\t\tSeRestorePrivilege\r\n\t\t\tSeDebugPrivilege\r\n\t\t\tSeAuditPrivilege\r\n\t\t\tSeSystemEnvironmentPrivilege\r\n\t\t\tSeImpersonatePrivilege\r\n\t\t\tSeDelegateSessionUserImpersonatePrivilege')
2025-10-08 18:15:32,478 - WARNING - Critical Event Log: ID 4624 - ('S-1-5-18', 'DESKTOP-F7BOMCG$', 'WORKGROUP', '0x3e7', 'S-1-5-18', 'SYSTEM', 'NT AUTHORITY', '0x3e7', '5', 'Advapi  ', 'Negotiate', '-', '{00000000-0000-0000-0000-000000000000}', '-', '-', '0', '0x464', 'C:\\Windows\\System32\\services.exe', '-', '-', '%%1833', '-', '-', '-', '-', '%%1843', '0x0', '%%1842')
2025-10-08 18:15:42,483 - WARNING - Critical Event Log: ID 4672 - ('S-1-5-18', 'SYSTEM', 'NT AUTHORITY', '0x3e7', 'SeAssignPrimaryTokenPrivilege\r\n\t\t\tSeTcbPrivilege\r\n\t\t\tSeSecurityPrivilege\r\n\t\t\tSeTakeOwnershipPrivilege\r\n\t\t\tSeLoadDriverPrivilege\r\n\t\t\tSeBackupPrivilege\r\n\t\t\tSeRestorePrivilege\r\n\t\t\tSeDebugPrivilege\r\n\t\t\tSeAuditPrivilege\r\n\t\t\tSeSystemEnvironmentPrivilege\r\n\t\t\tSeImpersonatePrivilege\r\n\t\t\tSeDelegateSessionUserImpersonatePrivilege')
2025-10-08 18:15:42,483 - WARNING - Critical Event Log: ID 4624 - ('S-1-5-18', 'DESKTOP-F7BOMCG$', 'WORKGROUP', '0x3e7', 'S-1-5-18', 'SYSTEM', 'NT AUTHORITY', '0x3e7', '5', 'Advapi  ', 'Negotiate', '-', '{00000000-0000-0000-0000-000000000000}', '-', '-', '0', '0x464', 'C:\\Windows\\System32\\services.exe', '-', '-', '%%1833', '-', '-', '-', '-', '%%1843', '0x0', '%%1842')
2025-10-08 18:15:42,483 - WARNING - Critical Event Log: ID 4672 - ('S-1-5-18', 'SYSTEM', 'NT AUTHORITY', '0x3e7', 'SeAssignPrimaryTokenPrivilege\r\n\t\t\tSeTcbPrivilege\r\n\t\t\tSeSecurityPrivilege\r\n\t\t\tSeTakeOwnershipPrivilege\r\n\t\t\tSeLoadDriverPrivilege\r\n\t\t\tSeBackupPrivilege\r\n\t\t\tSeRestorePrivilege\r\n\t\t\tSeDebugPrivilege\r\n\t\t\tSeAuditPrivilege\r\n\t\t\tSeSystemEnvironmentPrivilege\r\n\t\t\tSeImpersonatePrivilege\r\n\t\t\tSeDelegateSessionUserImpersonatePrivilege')
2025-10-08 18:15:42,485 - WARNING - Critical Event Log: ID 4624 - ('S-1-5-18', 'DESKTOP-F7BOMCG$', 'WORKGROUP', '0x3e7', 'S-1-5-18', 'SYSTEM', 'NT AUTHORITY', '0x3e7', '5', 'Advapi  ', 'Negotiate', '-', '{00000000-0000-0000-0000-000000000000}', '-', '-', '0', '0x464', 'C:\\Windows\\System32\\services.exe', '-', '-', '%%1833', '-', '-', '-', '-', '%%1843', '0x0', '%%1842')
2025-10-08 18:15:52,486 - ERROR - Event log monitoring error: (6, 'ReadEventLog', 'The handle is invalid.')
2025-10-08 18:16:02,488 - ERROR - Event log monitoring error: (6, 'ReadEventLog', 'The handle is invalid.')
2025-10-08 18:16:12,490 - WARNING - Critical Event Log: ID 4672 - ('S-1-5-18', 'SYSTEM', 'NT AUTHORITY', '0x3e7', 'SeAssignPrimaryTokenPrivilege\r\n\t\t\tSeTcbPrivilege\r\n\t\t\tSeSecurityPrivilege\r\n\t\t\tSeTakeOwnershipPrivilege\r\n\t\t\tSeLoadDriverPrivilege\r\n\t\t\tSeBackupPrivilege\r\n\t\t\tSeRestorePrivilege\r\n\t\t\tSeDebugPrivilege\r\n\t\t\tSeAuditPrivilege\r\n\t\t\tSeSystemEnvironmentPrivilege\r\n\t\t\tSeImpersonatePrivilege\r\n\t\t\tSeDelegateSessionUserImpersonatePrivilege')
2025-10-08 18:16:12,490 - WARNING - Critical Event Log: ID 4624 - ('S-1-5-18', 'DESKTOP-F7BOMCG$', 'WORKGROUP', '0x3e7', 'S-1-5-18', 'SYSTEM', 'NT AUTHORITY', '0x3e7', '5', 'Advapi  ', 'Negotiate', '-', '{00000000-0000-0000-0000-000000000000}', '-', '-', '0', '0x464', 'C:\\Windows\\System32\\services.exe', '-', '-', '%%1833', '-', '-', '-', '-', '%%1843', '0x0', '%%1842')
2025-10-08 18:16:12,490 - WARNING - Critical Event Log: ID 4672 - ('S-1-5-18', 'SYSTEM', 'NT AUTHORITY', '0x3e7', 'SeAssignPrimaryTokenPrivilege\r\n\t\t\tSeTcbPrivilege\r\n\t\t\tSeSecurityPrivilege\r\n\t\t\tSeTakeOwnershipPrivilege\r\n\t\t\tSeLoadDriverPrivilege\r\n\t\t\tSeBackupPrivilege\r\n\t\t\tSeRestorePrivilege\r\n\t\t\tSeDebugPrivilege\r\n\t\t\tSeAuditPrivilege\r\n\t\t\tSeSystemEnvironmentPrivilege\r\n\t\t\tSeImpersonatePrivilege\r\n\t\t\tSeDelegateSessionUserImpersonatePrivilege')
2025-10-08 18:16:12,490 - WARNING - Critical Event Log: ID 4624 - ('S-1-5-18', 'DESKTOP-F7BOMCG$', 'WORKGROUP', '0x3e7', 'S-1-5-18', 'SYSTEM', 'NT AUTHORITY', '0x3e7', '5', 'Advapi  ', 'Negotiate', '-', '{00000000-0000-0000-0000-000000000000}', '-', '-', '0', '0x464', 'C:\\Windows\\System32\\services.exe', '-', '-', '%%1833', '-', '-', '-', '-', '%%1843', '0x0', '%%1842')
2025-10-08 18:16:22,494 - WARNING - Critical Event Log: ID 4672 - ('S-1-5-18', 'SYSTEM', 'NT AUTHORITY', '0x3e7', 'SeAssignPrimaryTokenPrivilege\r\n\t\t\tSeTcbPrivilege\r\n\t\t\tSeSecurityPrivilege\r\n\t\t\tSeTakeOwnershipPrivilege\r\n\t\t\tSeLoadDriverPrivilege\r\n\t\t\tSeBackupPrivilege\r\n\t\t\tSeRestorePrivilege\r\n\t\t\tSeDebugPrivilege\r\n\t\t\tSeAuditPrivilege\r\n\t\t\tSeSystemEnvironmentPrivilege\r\n\t\t\tSeImpersonatePrivilege\r\n\t\t\tSeDelegateSessionUserImpersonatePrivilege')
2025-10-08 18:16:22,494 - WARNING - Critical Event Log: ID 4624 - ('S-1-5-18', 'DESKTOP-F7BOMCG$', 'WORKGROUP', '0x3e7', 'S-1-5-18', 'SYSTEM', 'NT AUTHORITY', '0x3e7', '5', 'Advapi  ', 'Negotiate', '-', '{00000000-0000-0000-0000-000000000000}', '-', '-', '0', '0x464', 'C:\\Windows\\System32\\services.exe', '-', '-', '%%1833', '-', '-', '-', '-', '%%1843', '0x0', '%%1842')
2025-10-08 18:16:22,494 - WARNING - Critical Event Log: ID 4672 - ('S-1-5-18', 'SYSTEM', 'NT AUTHORITY', '0x3e7', 'SeAssignPrimaryTokenPrivilege\r\n\t\t\tSeTcbPrivilege\r\n\t\t\tSeSecurityPrivilege\r\n\t\t\tSeTakeOwnershipPrivilege\r\n\t\t\tSeLoadDriverPrivilege\r\n\t\t\tSeBackupPrivilege\r\n\t\t\tSeRestorePrivilege\r\n\t\t\tSeDebugPrivilege\r\n\t\t\tSeAuditPrivilege\r\n\t\t\tSeSystemEnvironmentPrivilege\r\n\t\t\tSeImpersonatePrivilege\r\n\t\t\tSeDelegateSessionUserImpersonatePrivilege')
2025-10-08 18:16:22,494 - WARNING - Critical Event Log: ID 4624 - ('S-1-5-18', 'DESKTOP-F7BOMCG$', 'WORKGROUP', '0x3e7', 'S-1-5-18', 'SYSTEM', 'NT AUTHORITY', '0x3e7', '5', 'Advapi  ', 'Negotiate', '-', '{00000000-0000-0000-0000-000000000000}', '-', '-', '0', '0x464', 'C:\\Windows\\System32\\services.exe', '-', '-', '%%1833', '-', '-', '-', '-', '%%1843', '0x0', '%%1842')
2025-10-08 18:16:32,497 - WARNING - Critical Event Log: ID 4672 - ('S-1-5-18', 'SYSTEM', 'NT AUTHORITY', '0x3e7', 'SeAssignPrimaryTokenPrivilege\r\n\t\t\tSeTcbPrivilege\r\n\t\t\tSeSecurityPrivilege\r\n\t\t\tSeTakeOwnershipPrivilege\r\n\t\t\tSeLoadDriverPrivilege\r\n\t\t\tSeBackupPrivilege\r\n\t\t\tSeRestorePrivilege\r\n\t\t\tSeDebugPrivilege\r\n\t\t\tSeAuditPrivilege\r\n\t\t\tSeSystemEnvironmentPrivilege\r\n\t\t\tSeImpersonatePrivilege\r\n\t\t\tSeDelegateSessionUserImpersonatePrivilege')
2025-10-08 18:16:32,497 - WARNING - Critical Event Log: ID 4624 - ('S-1-5-18', 'DESKTOP-F7BOMCG$', 'WORKGROUP', '0x3e7', 'S-1-5-18', 'SYSTEM', 'NT AUTHORITY', '0x3e7', '5', 'Advapi  ', 'Negotiate', '-', '{00000000-0000-0000-0000-000000000000}', '-', '-', '0', '0x464', 'C:\\Windows\\System32\\services.exe', '-', '-', '%%1833', '-', '-', '-', '-', '%%1843', '0x0', '%%1842')
2025-10-08 18:16:32,497 - WARNING - Critical Event Log: ID 4672 - ('S-1-5-18', 'SYSTEM', 'NT AUTHORITY', '0x3e7', 'SeAssignPrimaryTokenPrivilege\r\n\t\t\tSeTcbPrivilege\r\n\t\t\tSeSecurityPrivilege\r\n\t\t\tSeTakeOwnershipPrivilege\r\n\t\t\tSeLoadDriverPrivilege\r\n\t\t\tSeBackupPrivilege\r\n\t\t\tSeRestorePrivilege\r\n\t\t\tSeDebugPrivilege\r\n\t\t\tSeAuditPrivilege\r\n\t\t\tSeSystemEnvironmentPrivilege\r\n\t\t\tSeImpersonatePrivilege\r\n\t\t\tSeDelegateSessionUserImpersonatePrivilege')
2025-10-08 18:16:32,497 - WARNING - Critical Event Log: ID 4624 - ('S-1-5-18', 'DESKTOP-F7BOMCG$', 'WORKGROUP', '0x3e7', 'S-1-5-18', 'SYSTEM', 'NT AUTHORITY', '0x3e7', '5', 'Advapi  ', 'Negotiate', '-', '{00000000-0000-0000-0000-000000000000}', '-', '-', '0', '0x464', 'C:\\Windows\\System32\\services.exe', '-', '-', '%%1833', '-', '-', '-', '-', '%%1843', '0x0', '%%1842')
2025-10-08 18:16:39,249 - CRITICAL - File modified: C:\Windows\System32\winevt\Logs\Security.evtx
2025-10-08 18:16:40,043 - CRITICAL - File modified: C:\Windows\System32\winevt\Logs\Microsoft-Windows-AppModel-Runtime%4Admin.evtx
2025-10-08 18:16:40,904 - CRITICAL - File modified: C:\Windows\System32\winevt\Logs\Microsoft-Windows-Store%4Operational.evtx
2025-10-08 18:16:41,714 - CRITICAL - File modified: C:\Windows\System32\winevt\Logs\Microsoft-Client-Licensing-Platform%4Admin.evtx
2025-10-08 18:16:42,500 - ERROR - Event log monitoring error: (6, 'ReadEventLog', 'The handle is invalid.')
2025-10-08 18:16:49,117 - CRITICAL - File modified: C:\Windows\System32\Tasks\Microsoft\Windows\Flighting\OneSettings\RefreshCache
2025-10-08 18:16:49,785 - CRITICAL - File modified: C:\Windows\System32\Tasks\Microsoft\Windows\Flighting\OneSettings\RefreshCache
2025-10-08 18:16:52,502 - WARNING - Critical Event Log: ID 4672 - ('S-1-5-18', 'SYSTEM', 'NT AUTHORITY', '0x3e7', 'SeAssignPrimaryTokenPrivilege\r\n\t\t\tSeTcbPrivilege\r\n\t\t\tSeSecurityPrivilege\r\n\t\t\tSeTakeOwnershipPrivilege\r\n\t\t\tSeLoadDriverPrivilege\r\n\t\t\tSeBackupPrivilege\r\n\t\t\tSeRestorePrivilege\r\n\t\t\tSeDebugPrivilege\r\n\t\t\tSeAuditPrivilege\r\n\t\t\tSeSystemEnvironmentPrivilege\r\n\t\t\tSeImpersonatePrivilege\r\n\t\t\tSeDelegateSessionUserImpersonatePrivilege')
2025-10-08 18:16:52,502 - WARNING - Critical Event Log: ID 4624 - ('S-1-5-18', 'DESKTOP-F7BOMCG$', 'WORKGROUP', '0x3e7', 'S-1-5-18', 'SYSTEM', 'NT AUTHORITY', '0x3e7', '5', 'Advapi  ', 'Negotiate', '-', '{00000000-0000-0000-0000-000000000000}', '-', '-', '0', '0x464', 'C:\\Windows\\System32\\services.exe', '-', '-', '%%1833', '-', '-', '-', '-', '%%1843', '0x0', '%%1842')
2025-10-08 18:16:52,502 - WARNING - Critical Event Log: ID 4672 - ('S-1-5-18', 'SYSTEM', 'NT AUTHORITY', '0x3e7', 'SeAssignPrimaryTokenPrivilege\r\n\t\t\tSeTcbPrivilege\r\n\t\t\tSeSecurityPrivilege\r\n\t\t\tSeTakeOwnershipPrivilege\r\n\t\t\tSeLoadDriverPrivilege\r\n\t\t\tSeBackupPrivilege\r\n\t\t\tSeRestorePrivilege\r\n\t\t\tSeDebugPrivilege\r\n\t\t\tSeAuditPrivilege\r\n\t\t\tSeSystemEnvironmentPrivilege\r\n\t\t\tSeImpersonatePrivilege\r\n\t\t\tSeDelegateSessionUserImpersonatePrivilege')
2025-10-08 18:16:52,502 - WARNING - Critical Event Log: ID 4624 - ('S-1-5-18', 'DESKTOP-F7BOMCG$', 'WORKGROUP', '0x3e7', 'S-1-5-18', 'SYSTEM', 'NT AUTHORITY', '0x3e7', '5', 'Advapi  ', 'Negotiate', '-', '{00000000-0000-0000-0000-000000000000}', '-', '-', '0', '0x464', 'C:\\Windows\\System32\\services.exe', '-', '-', '%%1833', '-', '-', '-', '-', '%%1843', '0x0', '%%1842')
2025-10-08 18:17:02,505 - ERROR - Event log monitoring error: (6, 'ReadEventLog', 'The handle is invalid.')
2025-10-08 18:17:12,507 - WARNING - Critical Event Log: ID 4672 - ('S-1-5-18', 'SYSTEM', 'NT AUTHORITY', '0x3e7', 'SeAssignPrimaryTokenPrivilege\r\n\t\t\tSeTcbPrivilege\r\n\t\t\tSeSecurityPrivilege\r\n\t\t\tSeTakeOwnershipPrivilege\r\n\t\t\tSeLoadDriverPrivilege\r\n\t\t\tSeBackupPrivilege\r\n\t\t\tSeRestorePrivilege\r\n\t\t\tSeDebugPrivilege\r\n\t\t\tSeAuditPrivilege\r\n\t\t\tSeSystemEnvironmentPrivilege\r\n\t\t\tSeImpersonatePrivilege\r\n\t\t\tSeDelegateSessionUserImpersonatePrivilege')
2025-10-08 18:17:12,507 - WARNING - Critical Event Log: ID 4624 - ('S-1-5-18', 'DESKTOP-F7BOMCG$', 'WORKGROUP', '0x3e7', 'S-1-5-18', 'SYSTEM', 'NT AUTHORITY', '0x3e7', '5', 'Advapi  ', 'Negotiate', '-', '{00000000-0000-0000-0000-000000000000}', '-', '-', '0', '0x464', 'C:\\Windows\\System32\\services.exe', '-', '-', '%%1833', '-', '-', '-', '-', '%%1843', '0x0', '%%1842')
2025-10-08 18:17:12,507 - WARNING - Critical Event Log: ID 4672 - ('S-1-5-18', 'SYSTEM', 'NT AUTHORITY', '0x3e7', 'SeAssignPrimaryTokenPrivilege\r\n\t\t\tSeTcbPrivilege\r\n\t\t\tSeSecurityPrivilege\r\n\t\t\tSeTakeOwnershipPrivilege\r\n\t\t\tSeLoadDriverPrivilege\r\n\t\t\tSeBackupPrivilege\r\n\t\t\tSeRestorePrivilege\r\n\t\t\tSeDebugPrivilege\r\n\t\t\tSeAuditPrivilege\r\n\t\t\tSeSystemEnvironmentPrivilege\r\n\t\t\tSeImpersonatePrivilege\r\n\t\t\tSeDelegateSessionUserImpersonatePrivilege')
2025-10-08 18:17:12,507 - WARNING - Critical Event Log: ID 4624 - ('S-1-5-18', 'DESKTOP-F7BOMCG$', 'WORKGROUP', '0x3e7', 'S-1-5-18', 'SYSTEM', 'NT AUTHORITY', '0x3e7', '5', 'Advapi  ', 'Negotiate', '-', '{00000000-0000-0000-0000-000000000000}', '-', '-', '0', '0x464', 'C:\\Windows\\System32\\services.exe', '-', '-', '%%1833', '-', '-', '-', '-', '%%1843', '0x0', '%%1842')
2025-10-08 18:17:17,835 - CRITICAL - File modified: C:\Windows\System32\Tasks\Microsoft\Windows\SoftwareProtectionPlatform\SvcRestartTask
2025-10-08 18:17:18,482 - CRITICAL - File modified: C:\Windows\System32\Tasks\Microsoft\Windows\SoftwareProtectionPlatform\SvcRestartTask
2025-10-08 18:17:22,511 - WARNING - Critical Event Log: ID 4672 - ('S-1-5-18', 'SYSTEM', 'NT AUTHORITY', '0x3e7', 'SeAssignPrimaryTokenPrivilege\r\n\t\t\tSeTcbPrivilege\r\n\t\t\tSeSecurityPrivilege\r\n\t\t\tSeTakeOwnershipPrivilege\r\n\t\t\tSeLoadDriverPrivilege\r\n\t\t\tSeBackupPrivilege\r\n\t\t\tSeRestorePrivilege\r\n\t\t\tSeDebugPrivilege\r\n\t\t\tSeAuditPrivilege\r\n\t\t\tSeSystemEnvironmentPrivilege\r\n\t\t\tSeImpersonatePrivilege\r\n\t\t\tSeDelegateSessionUserImpersonatePrivilege')
2025-10-08 18:17:22,511 - WARNING - Critical Event Log: ID 4624 - ('S-1-5-18', 'DESKTOP-F7BOMCG$', 'WORKGROUP', '0x3e7', 'S-1-5-18', 'SYSTEM', 'NT AUTHORITY', '0x3e7', '5', 'Advapi  ', 'Negotiate', '-', '{00000000-0000-0000-0000-000000000000}', '-', '-', '0', '0x464', 'C:\\Windows\\System32\\services.exe', '-', '-', '%%1833', '-', '-', '-', '-', '%%1843', '0x0', '%%1842')
2025-10-08 18:17:22,511 - WARNING - Critical Event Log: ID 4672 - ('S-1-5-18', 'SYSTEM', 'NT AUTHORITY', '0x3e7', 'SeAssignPrimaryTokenPrivilege\r\n\t\t\tSeTcbPrivilege\r\n\t\t\tSeSecurityPrivilege\r\n\t\t\tSeTakeOwnershipPrivilege\r\n\t\t\tSeLoadDriverPrivilege\r\n\t\t\tSeBackupPrivilege\r\n\t\t\tSeRestorePrivilege\r\n\t\t\tSeDebugPrivilege\r\n\t\t\tSeAuditPrivilege\r\n\t\t\tSeSystemEnvironmentPrivilege\r\n\t\t\tSeImpersonatePrivilege\r\n\t\t\tSeDelegateSessionUserImpersonatePrivilege')
2025-10-08 18:17:22,511 - WARNING - Critical Event Log: ID 4624 - ('S-1-5-18', 'DESKTOP-F7BOMCG$', 'WORKGROUP', '0x3e7', 'S-1-5-18', 'SYSTEM', 'NT AUTHORITY', '0x3e7', '5', 'Advapi  ', 'Negotiate', '-', '{00000000-0000-0000-0000-000000000000}', '-', '-', '0', '0x464', 'C:\\Windows\\System32\\services.exe', '-', '-', '%%1833', '-', '-', '-', '-', '%%1843', '0x0', '%%1842')
2025-10-08 18:17:32,515 - ERROR - Event log monitoring error: (6, 'ReadEventLog', 'The handle is invalid.')
2025-10-08 18:17:42,516 - ERROR - Event log monitoring error: (6, 'ReadEventLog', 'The handle is invalid.')
2025-10-08 18:17:47,582 - CRITICAL - File modified: C:\Windows\System32\winevt\Logs\Application.evtx
2025-10-08 18:17:52,517 - WARNING - Critical Event Log: ID 4672 - ('S-1-5-18', 'SYSTEM', 'NT AUTHORITY', '0x3e7', 'SeAssignPrimaryTokenPrivilege\r\n\t\t\tSeTcbPrivilege\r\n\t\t\tSeSecurityPrivilege\r\n\t\t\tSeTakeOwnershipPrivilege\r\n\t\t\tSeLoadDriverPrivilege\r\n\t\t\tSeBackupPrivilege\r\n\t\t\tSeRestorePrivilege\r\n\t\t\tSeDebugPrivilege\r\n\t\t\tSeAuditPrivilege\r\n\t\t\tSeSystemEnvironmentPrivilege\r\n\t\t\tSeImpersonatePrivilege\r\n\t\t\tSeDelegateSessionUserImpersonatePrivilege')
2025-10-08 18:17:52,517 - WARNING - Critical Event Log: ID 4624 - ('S-1-5-18', 'DESKTOP-F7BOMCG$', 'WORKGROUP', '0x3e7', 'S-1-5-18', 'SYSTEM', 'NT AUTHORITY', '0x3e7', '5', 'Advapi  ', 'Negotiate', '-', '{00000000-0000-0000-0000-000000000000}', '-', '-', '0', '0x464', 'C:\\Windows\\System32\\services.exe', '-', '-', '%%1833', '-', '-', '-', '-', '%%1843', '0x0', '%%1842')
2025-10-08 18:17:52,517 - WARNING - Critical Event Log: ID 4672 - ('S-1-5-18', 'SYSTEM', 'NT AUTHORITY', '0x3e7', 'SeAssignPrimaryTokenPrivilege\r\n\t\t\tSeTcbPrivilege\r\n\t\t\tSeSecurityPrivilege\r\n\t\t\tSeTakeOwnershipPrivilege\r\n\t\t\tSeLoadDriverPrivilege\r\n\t\t\tSeBackupPrivilege\r\n\t\t\tSeRestorePrivilege\r\n\t\t\tSeDebugPrivilege\r\n\t\t\tSeAuditPrivilege\r\n\t\t\tSeSystemEnvironmentPrivilege\r\n\t\t\tSeImpersonatePrivilege\r\n\t\t\tSeDelegateSessionUserImpersonatePrivilege')
2025-10-08 18:17:52,517 - WARNING - Critical Event Log: ID 4624 - ('S-1-5-18', 'DESKTOP-F7BOMCG$', 'WORKGROUP', '0x3e7', 'S-1-5-18', 'SYSTEM', 'NT AUTHORITY', '0x3e7', '5', 'Advapi  ', 'Negotiate', '-', '{00000000-0000-0000-0000-000000000000}', '-', '-', '0', '0x464', 'C:\\Windows\\System32\\services.exe', '-', '-', '%%1833', '-', '-', '-', '-', '%%1843', '0x0', '%%1842')
2025-10-08 18:18:02,521 - ERROR - Event log monitoring error: (6, 'ReadEventLog', 'The handle is invalid.')
2025-10-08 18:18:12,523 - WARNING - Critical Event Log: ID 4672 - ('S-1-5-18', 'SYSTEM', 'NT AUTHORITY', '0x3e7', 'SeAssignPrimaryTokenPrivilege\r\n\t\t\tSeTcbPrivilege\r\n\t\t\tSeSecurityPrivilege\r\n\t\t\tSeTakeOwnershipPrivilege\r\n\t\t\tSeLoadDriverPrivilege\r\n\t\t\tSeBackupPrivilege\r\n\t\t\tSeRestorePrivilege\r\n\t\t\tSeDebugPrivilege\r\n\t\t\tSeAuditPrivilege\r\n\t\t\tSeSystemEnvironmentPrivilege\r\n\t\t\tSeImpersonatePrivilege\r\n\t\t\tSeDelegateSessionUserImpersonatePrivilege')
2025-10-08 18:18:12,523 - WARNING - Critical Event Log: ID 4624 - ('S-1-5-18', 'DESKTOP-F7BOMCG$', 'WORKGROUP', '0x3e7', 'S-1-5-18', 'SYSTEM', 'NT AUTHORITY', '0x3e7', '5', 'Advapi  ', 'Negotiate', '-', '{00000000-0000-0000-0000-000000000000}', '-', '-', '0', '0x464', 'C:\\Windows\\System32\\services.exe', '-', '-', '%%1833', '-', '-', '-', '-', '%%1843', '0x0', '%%1842')
2025-10-08 18:18:12,523 - WARNING - Critical Event Log: ID 4672 - ('S-1-5-18', 'SYSTEM', 'NT AUTHORITY', '0x3e7', 'SeAssignPrimaryTokenPrivilege\r\n\t\t\tSeTcbPrivilege\r\n\t\t\tSeSecurityPrivilege\r\n\t\t\tSeTakeOwnershipPrivilege\r\n\t\t\tSeLoadDriverPrivilege\r\n\t\t\tSeBackupPrivilege\r\n\t\t\tSeRestorePrivilege\r\n\t\t\tSeDebugPrivilege\r\n\t\t\tSeAuditPrivilege\r\n\t\t\tSeSystemEnvironmentPrivilege\r\n\t\t\tSeImpersonatePrivilege\r\n\t\t\tSeDelegateSessionUserImpersonatePrivilege')
2025-10-08 18:18:12,523 - WARNING - Critical Event Log: ID 4624 - ('S-1-5-18', 'DESKTOP-F7BOMCG$', 'WORKGROUP', '0x3e7', 'S-1-5-18', 'SYSTEM', 'NT AUTHORITY', '0x3e7', '5', 'Advapi  ', 'Negotiate', '-', '{00000000-0000-0000-0000-000000000000}', '-', '-', '0', '0x464', 'C:\\Windows\\System32\\services.exe', '-', '-', '%%1833', '-', '-', '-', '-', '%%1843', '0x0', '%%1842')
2025-10-08 18:18:22,530 - WARNING - Critical Event Log: ID 4672 - ('S-1-5-18', 'SYSTEM', 'NT AUTHORITY', '0x3e7', 'SeAssignPrimaryTokenPrivilege\r\n\t\t\tSeTcbPrivilege\r\n\t\t\tSeSecurityPrivilege\r\n\t\t\tSeTakeOwnershipPrivilege\r\n\t\t\tSeLoadDriverPrivilege\r\n\t\t\tSeBackupPrivilege\r\n\t\t\tSeRestorePrivilege\r\n\t\t\tSeDebugPrivilege\r\n\t\t\tSeAuditPrivilege\r\n\t\t\tSeSystemEnvironmentPrivilege\r\n\t\t\tSeImpersonatePrivilege\r\n\t\t\tSeDelegateSessionUserImpersonatePrivilege')
2025-10-08 18:18:22,530 - WARNING - Critical Event Log: ID 4624 - ('S-1-5-18', 'DESKTOP-F7BOMCG$', 'WORKGROUP', '0x3e7', 'S-1-5-18', 'SYSTEM', 'NT AUTHORITY', '0x3e7', '5', 'Advapi  ', 'Negotiate', '-', '{00000000-0000-0000-0000-000000000000}', '-', '-', '0', '0x464', 'C:\\Windows\\System32\\services.exe', '-', '-', '%%1833', '-', '-', '-', '-', '%%1843', '0x0', '%%1842')
2025-10-08 18:18:22,530 - WARNING - Critical Event Log: ID 4672 - ('S-1-5-18', 'SYSTEM', 'NT AUTHORITY', '0x3e7', 'SeAssignPrimaryTokenPrivilege\r\n\t\t\tSeTcbPrivilege\r\n\t\t\tSeSecurityPrivilege\r\n\t\t\tSeTakeOwnershipPrivilege\r\n\t\t\tSeLoadDriverPrivilege\r\n\t\t\tSeBackupPrivilege\r\n\t\t\tSeRestorePrivilege\r\n\t\t\tSeDebugPrivilege\r\n\t\t\tSeAuditPrivilege\r\n\t\t\tSeSystemEnvironmentPrivilege\r\n\t\t\tSeImpersonatePrivilege\r\n\t\t\tSeDelegateSessionUserImpersonatePrivilege')
2025-10-08 18:18:22,530 - WARNING - Critical Event Log: ID 4624 - ('S-1-5-18', 'DESKTOP-F7BOMCG$', 'WORKGROUP', '0x3e7', 'S-1-5-18', 'SYSTEM', 'NT AUTHORITY', '0x3e7', '5', 'Advapi  ', 'Negotiate', '-', '{00000000-0000-0000-0000-000000000000}', '-', '-', '0', '0x464', 'C:\\Windows\\System32\\services.exe', '-', '-', '%%1833', '-', '-', '-', '-', '%%1843', '0x0', '%%1842')
2025-10-08 18:18:32,534 - WARNING - Critical Event Log: ID 4672 - ('S-1-5-18', 'SYSTEM', 'NT AUTHORITY', '0x3e7', 'SeAssignPrimaryTokenPrivilege\r\n\t\t\tSeTcbPrivilege\r\n\t\t\tSeSecurityPrivilege\r\n\t\t\tSeTakeOwnershipPrivilege\r\n\t\t\tSeLoadDriverPrivilege\r\n\t\t\tSeBackupPrivilege\r\n\t\t\tSeRestorePrivilege\r\n\t\t\tSeDebugPrivilege\r\n\t\t\tSeAuditPrivilege\r\n\t\t\tSeSystemEnvironmentPrivilege\r\n\t\t\tSeImpersonatePrivilege\r\n\t\t\tSeDelegateSessionUserImpersonatePrivilege')
2025-10-08 18:18:32,534 - WARNING - Critical Event Log: ID 4624 - ('S-1-5-18', 'DESKTOP-F7BOMCG$', 'WORKGROUP', '0x3e7', 'S-1-5-18', 'SYSTEM', 'NT AUTHORITY', '0x3e7', '5', 'Advapi  ', 'Negotiate', '-', '{00000000-0000-0000-0000-000000000000}', '-', '-', '0', '0x464', 'C:\\Windows\\System32\\services.exe', '-', '-', '%%1833', '-', '-', '-', '-', '%%1843', '0x0', '%%1842')
2025-10-08 18:18:32,534 - WARNING - Critical Event Log: ID 4672 - ('S-1-5-18', 'SYSTEM', 'NT AUTHORITY', '0x3e7', 'SeAssignPrimaryTokenPrivilege\r\n\t\t\tSeTcbPrivilege\r\n\t\t\tSeSecurityPrivilege\r\n\t\t\tSeTakeOwnershipPrivilege\r\n\t\t\tSeLoadDriverPrivilege\r\n\t\t\tSeBackupPrivilege\r\n\t\t\tSeRestorePrivilege\r\n\t\t\tSeDebugPrivilege\r\n\t\t\tSeAuditPrivilege\r\n\t\t\tSeSystemEnvironmentPrivilege\r\n\t\t\tSeImpersonatePrivilege\r\n\t\t\tSeDelegateSessionUserImpersonatePrivilege')
2025-10-08 18:18:32,534 - WARNING - Critical Event Log: ID 4624 - ('S-1-5-18', 'DESKTOP-F7BOMCG$', 'WORKGROUP', '0x3e7', 'S-1-5-18', 'SYSTEM', 'NT AUTHORITY', '0x3e7', '5', 'Advapi  ', 'Negotiate', '-', '{00000000-0000-0000-0000-000000000000}', '-', '-', '0', '0x464', 'C:\\Windows\\System32\\services.exe', '-', '-', '%%1833', '-', '-', '-', '-', '%%1843', '0x0', '%%1842')
2025-10-08 18:18:42,537 - WARNING - Critical Event Log: ID 4672 - ('S-1-5-18', 'SYSTEM', 'NT AUTHORITY', '0x3e7', 'SeAssignPrimaryTokenPrivilege\r\n\t\t\tSeTcbPrivilege\r\n\t\t\tSeSecurityPrivilege\r\n\t\t\tSeTakeOwnershipPrivilege\r\n\t\t\tSeLoadDriverPrivilege\r\n\t\t\tSeBackupPrivilege\r\n\t\t\tSeRestorePrivilege\r\n\t\t\tSeDebugPrivilege\r\n\t\t\tSeAuditPrivilege\r\n\t\t\tSeSystemEnvironmentPrivilege\r\n\t\t\tSeImpersonatePrivilege\r\n\t\t\tSeDelegateSessionUserImpersonatePrivilege')
2025-10-08 18:18:42,539 - WARNING - Critical Event Log: ID 4624 - ('S-1-5-18', 'DESKTOP-F7BOMCG$', 'WORKGROUP', '0x3e7', 'S-1-5-18', 'SYSTEM', 'NT AUTHORITY', '0x3e7', '5', 'Advapi  ', 'Negotiate', '-', '{00000000-0000-0000-0000-000000000000}', '-', '-', '0', '0x464', 'C:\\Windows\\System32\\services.exe', '-', '-', '%%1833', '-', '-', '-', '-', '%%1843', '0x0', '%%1842')
2025-10-08 18:18:42,539 - WARNING - Critical Event Log: ID 4672 - ('S-1-5-18', 'SYSTEM', 'NT AUTHORITY', '0x3e7', 'SeAssignPrimaryTokenPrivilege\r\n\t\t\tSeTcbPrivilege\r\n\t\t\tSeSecurityPrivilege\r\n\t\t\tSeTakeOwnershipPrivilege\r\n\t\t\tSeLoadDriverPrivilege\r\n\t\t\tSeBackupPrivilege\r\n\t\t\tSeRestorePrivilege\r\n\t\t\tSeDebugPrivilege\r\n\t\t\tSeAuditPrivilege\r\n\t\t\tSeSystemEnvironmentPrivilege\r\n\t\t\tSeImpersonatePrivilege\r\n\t\t\tSeDelegateSessionUserImpersonatePrivilege')
2025-10-08 18:18:42,539 - WARNING - Critical Event Log: ID 4624 - ('S-1-5-18', 'DESKTOP-F7BOMCG$', 'WORKGROUP', '0x3e7', 'S-1-5-18', 'SYSTEM', 'NT AUTHORITY', '0x3e7', '5', 'Advapi  ', 'Negotiate', '-', '{00000000-0000-0000-0000-000000000000}', '-', '-', '0', '0x464', 'C:\\Windows\\System32\\services.exe', '-', '-', '%%1833', '-', '-', '-', '-', '%%1843', '0x0', '%%1842')
2025-10-08 18:18:52,543 - WARNING - Critical Event Log: ID 4672 - ('S-1-5-18', 'SYSTEM', 'NT AUTHORITY', '0x3e7', 'SeAssignPrimaryTokenPrivilege\r\n\t\t\tSeTcbPrivilege\r\n\t\t\tSeSecurityPrivilege\r\n\t\t\tSeTakeOwnershipPrivilege\r\n\t\t\tSeLoadDriverPrivilege\r\n\t\t\tSeBackupPrivilege\r\n\t\t\tSeRestorePrivilege\r\n\t\t\tSeDebugPrivilege\r\n\t\t\tSeAuditPrivilege\r\n\t\t\tSeSystemEnvironmentPrivilege\r\n\t\t\tSeImpersonatePrivilege\r\n\t\t\tSeDelegateSessionUserImpersonatePrivilege')
2025-10-08 18:18:52,543 - WARNING - Critical Event Log: ID 4624 - ('S-1-5-18', 'DESKTOP-F7BOMCG$', 'WORKGROUP', '0x3e7', 'S-1-5-18', 'SYSTEM', 'NT AUTHORITY', '0x3e7', '5', 'Advapi  ', 'Negotiate', '-', '{00000000-0000-0000-0000-000000000000}', '-', '-', '0', '0x464', 'C:\\Windows\\System32\\services.exe', '-', '-', '%%1833', '-', '-', '-', '-', '%%1843', '0x0', '%%1842')
2025-10-08 18:18:52,543 - WARNING - Critical Event Log: ID 4672 - ('S-1-5-18', 'SYSTEM', 'NT AUTHORITY', '0x3e7', 'SeAssignPrimaryTokenPrivilege\r\n\t\t\tSeTcbPrivilege\r\n\t\t\tSeSecurityPrivilege\r\n\t\t\tSeTakeOwnershipPrivilege\r\n\t\t\tSeLoadDriverPrivilege\r\n\t\t\tSeBackupPrivilege\r\n\t\t\tSeRestorePrivilege\r\n\t\t\tSeDebugPrivilege\r\n\t\t\tSeAuditPrivilege\r\n\t\t\tSeSystemEnvironmentPrivilege\r\n\t\t\tSeImpersonatePrivilege\r\n\t\t\tSeDelegateSessionUserImpersonatePrivilege')
2025-10-08 18:18:52,543 - WARNING - Critical Event Log: ID 4624 - ('S-1-5-18', 'DESKTOP-F7BOMCG$', 'WORKGROUP', '0x3e7', 'S-1-5-18', 'SYSTEM', 'NT AUTHORITY', '0x3e7', '5', 'Advapi  ', 'Negotiate', '-', '{00000000-0000-0000-0000-000000000000}', '-', '-', '0', '0x464', 'C:\\Windows\\System32\\services.exe', '-', '-', '%%1833', '-', '-', '-', '-', '%%1843', '0x0', '%%1842')
2025-10-08 18:19:02,547 - WARNING - Critical Event Log: ID 4672 - ('S-1-5-18', 'SYSTEM', 'NT AUTHORITY', '0x3e7', 'SeAssignPrimaryTokenPrivilege\r\n\t\t\tSeTcbPrivilege\r\n\t\t\tSeSecurityPrivilege\r\n\t\t\tSeTakeOwnershipPrivilege\r\n\t\t\tSeLoadDriverPrivilege\r\n\t\t\tSeBackupPrivilege\r\n\t\t\tSeRestorePrivilege\r\n\t\t\tSeDebugPrivilege\r\n\t\t\tSeAuditPrivilege\r\n\t\t\tSeSystemEnvironmentPrivilege\r\n\t\t\tSeImpersonatePrivilege\r\n\t\t\tSeDelegateSessionUserImpersonatePrivilege')
2025-10-08 18:19:02,547 - WARNING - Critical Event Log: ID 4624 - ('S-1-5-18', 'DESKTOP-F7BOMCG$', 'WORKGROUP', '0x3e7', 'S-1-5-18', 'SYSTEM', 'NT AUTHORITY', '0x3e7', '5', 'Advapi  ', 'Negotiate', '-', '{00000000-0000-0000-0000-000000000000}', '-', '-', '0', '0x464', 'C:\\Windows\\System32\\services.exe', '-', '-', '%%1833', '-', '-', '-', '-', '%%1843', '0x0', '%%1842')
2025-10-08 18:19:02,547 - WARNING - Critical Event Log: ID 4672 - ('S-1-5-18', 'SYSTEM', 'NT AUTHORITY', '0x3e7', 'SeAssignPrimaryTokenPrivilege\r\n\t\t\tSeTcbPrivilege\r\n\t\t\tSeSecurityPrivilege\r\n\t\t\tSeTakeOwnershipPrivilege\r\n\t\t\tSeLoadDriverPrivilege\r\n\t\t\tSeBackupPrivilege\r\n\t\t\tSeRestorePrivilege\r\n\t\t\tSeDebugPrivilege\r\n\t\t\tSeAuditPrivilege\r\n\t\t\tSeSystemEnvironmentPrivilege\r\n\t\t\tSeImpersonatePrivilege\r\n\t\t\tSeDelegateSessionUserImpersonatePrivilege')
2025-10-08 18:19:02,548 - WARNING - Critical Event Log: ID 4624 - ('S-1-5-18', 'DESKTOP-F7BOMCG$', 'WORKGROUP', '0x3e7', 'S-1-5-18', 'SYSTEM', 'NT AUTHORITY', '0x3e7', '5', 'Advapi  ', 'Negotiate', '-', '{00000000-0000-0000-0000-000000000000}', '-', '-', '0', '0x464', 'C:\\Windows\\System32\\services.exe', '-', '-', '%%1833', '-', '-', '-', '-', '%%1843', '0x0', '%%1842')
2025-10-08 18:19:09,252 - CRITICAL - File modified: C:\Windows\System32\winevt\Logs\Microsoft-Windows-WMI-Activity%4Operational.evtx
2025-10-08 18:19:10,017 - CRITICAL - File modified: C:\Windows\System32\winevt\Logs\Microsoft-Windows-StorageManagement%4Operational.evtx
2025-10-08 18:19:12,550 - WARNING - Critical Event Log: ID 4672 - ('S-1-5-18', 'SYSTEM', 'NT AUTHORITY', '0x3e7', 'SeAssignPrimaryTokenPrivilege\r\n\t\t\tSeTcbPrivilege\r\n\t\t\tSeSecurityPrivilege\r\n\t\t\tSeTakeOwnershipPrivilege\r\n\t\t\tSeLoadDriverPrivilege\r\n\t\t\tSeBackupPrivilege\r\n\t\t\tSeRestorePrivilege\r\n\t\t\tSeDebugPrivilege\r\n\t\t\tSeAuditPrivilege\r\n\t\t\tSeSystemEnvironmentPrivilege\r\n\t\t\tSeImpersonatePrivilege\r\n\t\t\tSeDelegateSessionUserImpersonatePrivilege')
2025-10-08 18:19:12,550 - WARNING - Critical Event Log: ID 4624 - ('S-1-5-18', 'DESKTOP-F7BOMCG$', 'WORKGROUP', '0x3e7', 'S-1-5-18', 'SYSTEM', 'NT AUTHORITY', '0x3e7', '5', 'Advapi  ', 'Negotiate', '-', '{00000000-0000-0000-0000-000000000000}', '-', '-', '0', '0x464', 'C:\\Windows\\System32\\services.exe', '-', '-', '%%1833', '-', '-', '-', '-', '%%1843', '0x0', '%%1842')
2025-10-08 18:19:12,553 - WARNING - Critical Event Log: ID 4672 - ('S-1-5-18', 'SYSTEM', 'NT AUTHORITY', '0x3e7', 'SeAssignPrimaryTokenPrivilege\r\n\t\t\tSeTcbPrivilege\r\n\t\t\tSeSecurityPrivilege\r\n\t\t\tSeTakeOwnershipPrivilege\r\n\t\t\tSeLoadDriverPrivilege\r\n\t\t\tSeBackupPrivilege\r\n\t\t\tSeRestorePrivilege\r\n\t\t\tSeDebugPrivilege\r\n\t\t\tSeAuditPrivilege\r\n\t\t\tSeSystemEnvironmentPrivilege\r\n\t\t\tSeImpersonatePrivilege\r\n\t\t\tSeDelegateSessionUserImpersonatePrivilege')
2025-10-08 18:19:12,553 - WARNING - Critical Event Log: ID 4624 - ('S-1-5-18', 'DESKTOP-F7BOMCG$', 'WORKGROUP', '0x3e7', 'S-1-5-18', 'SYSTEM', 'NT AUTHORITY', '0x3e7', '5', 'Advapi  ', 'Negotiate', '-', '{00000000-0000-0000-0000-000000000000}', '-', '-', '0', '0x464', 'C:\\Windows\\System32\\services.exe', '-', '-', '%%1833', '-', '-', '-', '-', '%%1843', '0x0', '%%1842')
2025-10-08 18:19:22,557 - WARNING - Critical Event Log: ID 4672 - ('S-1-5-18', 'SYSTEM', 'NT AUTHORITY', '0x3e7', 'SeAssignPrimaryTokenPrivilege\r\n\t\t\tSeTcbPrivilege\r\n\t\t\tSeSecurityPrivilege\r\n\t\t\tSeTakeOwnershipPrivilege\r\n\t\t\tSeLoadDriverPrivilege\r\n\t\t\tSeBackupPrivilege\r\n\t\t\tSeRestorePrivilege\r\n\t\t\tSeDebugPrivilege\r\n\t\t\tSeAuditPrivilege\r\n\t\t\tSeSystemEnvironmentPrivilege\r\n\t\t\tSeImpersonatePrivilege\r\n\t\t\tSeDelegateSessionUserImpersonatePrivilege')
2025-10-08 18:19:22,557 - WARNING - Critical Event Log: ID 4624 - ('S-1-5-18', 'DESKTOP-F7BOMCG$', 'WORKGROUP', '0x3e7', 'S-1-5-18', 'SYSTEM', 'NT AUTHORITY', '0x3e7', '5', 'Advapi  ', 'Negotiate', '-', '{00000000-0000-0000-0000-000000000000}', '-', '-', '0', '0x464', 'C:\\Windows\\System32\\services.exe', '-', '-', '%%1833', '-', '-', '-', '-', '%%1843', '0x0', '%%1842')
2025-10-08 18:19:22,561 - WARNING - Critical Event Log: ID 4672 - ('S-1-5-18', 'SYSTEM', 'NT AUTHORITY', '0x3e7', 'SeAssignPrimaryTokenPrivilege\r\n\t\t\tSeTcbPrivilege\r\n\t\t\tSeSecurityPrivilege\r\n\t\t\tSeTakeOwnershipPrivilege\r\n\t\t\tSeLoadDriverPrivilege\r\n\t\t\tSeBackupPrivilege\r\n\t\t\tSeRestorePrivilege\r\n\t\t\tSeDebugPrivilege\r\n\t\t\tSeAuditPrivilege\r\n\t\t\tSeSystemEnvironmentPrivilege\r\n\t\t\tSeImpersonatePrivilege\r\n\t\t\tSeDelegateSessionUserImpersonatePrivilege')
2025-10-08 18:19:22,561 - WARNING - Critical Event Log: ID 4624 - ('S-1-5-18', 'DESKTOP-F7BOMCG$', 'WORKGROUP', '0x3e7', 'S-1-5-18', 'SYSTEM', 'NT AUTHORITY', '0x3e7', '5', 'Advapi  ', 'Negotiate', '-', '{00000000-0000-0000-0000-000000000000}', '-', '-', '0', '0x464', 'C:\\Windows\\System32\\services.exe', '-', '-', '%%1833', '-', '-', '-', '-', '%%1843', '0x0', '%%1842')
2025-10-08 18:19:32,562 - WARNING - Critical Event Log: ID 4672 - ('S-1-5-18', 'SYSTEM', 'NT AUTHORITY', '0x3e7', 'SeAssignPrimaryTokenPrivilege\r\n\t\t\tSeTcbPrivilege\r\n\t\t\tSeSecurityPrivilege\r\n\t\t\tSeTakeOwnershipPrivilege\r\n\t\t\tSeLoadDriverPrivilege\r\n\t\t\tSeBackupPrivilege\r\n\t\t\tSeRestorePrivilege\r\n\t\t\tSeDebugPrivilege\r\n\t\t\tSeAuditPrivilege\r\n\t\t\tSeSystemEnvironmentPrivilege\r\n\t\t\tSeImpersonatePrivilege\r\n\t\t\tSeDelegateSessionUserImpersonatePrivilege')
2025-10-08 18:19:32,562 - WARNING - Critical Event Log: ID 4624 - ('S-1-5-18', 'DESKTOP-F7BOMCG$', 'WORKGROUP', '0x3e7', 'S-1-5-18', 'SYSTEM', 'NT AUTHORITY', '0x3e7', '5', 'Advapi  ', 'Negotiate', '-', '{00000000-0000-0000-0000-000000000000}', '-', '-', '0', '0x464', 'C:\\Windows\\System32\\services.exe', '-', '-', '%%1833', '-', '-', '-', '-', '%%1843', '0x0', '%%1842')
2025-10-08 18:19:32,562 - WARNING - Critical Event Log: ID 4672 - ('S-1-5-18', 'SYSTEM', 'NT AUTHORITY', '0x3e7', 'SeAssignPrimaryTokenPrivilege\r\n\t\t\tSeTcbPrivilege\r\n\t\t\tSeSecurityPrivilege\r\n\t\t\tSeTakeOwnershipPrivilege\r\n\t\t\tSeLoadDriverPrivilege\r\n\t\t\tSeBackupPrivilege\r\n\t\t\tSeRestorePrivilege\r\n\t\t\tSeDebugPrivilege\r\n\t\t\tSeAuditPrivilege\r\n\t\t\tSeSystemEnvironmentPrivilege\r\n\t\t\tSeImpersonatePrivilege\r\n\t\t\tSeDelegateSessionUserImpersonatePrivilege')
2025-10-08 18:19:32,562 - WARNING - Critical Event Log: ID 4624 - ('S-1-5-18', 'DESKTOP-F7BOMCG$', 'WORKGROUP', '0x3e7', 'S-1-5-18', 'SYSTEM', 'NT AUTHORITY', '0x3e7', '5', 'Advapi  ', 'Negotiate', '-', '{00000000-0000-0000-0000-000000000000}', '-', '-', '0', '0x464', 'C:\\Windows\\System32\\services.exe', '-', '-', '%%1833', '-', '-', '-', '-', '%%1843', '0x0', '%%1842')
2025-10-08 18:19:42,567 - WARNING - Critical Event Log: ID 4672 - ('S-1-5-18', 'SYSTEM', 'NT AUTHORITY', '0x3e7', 'SeAssignPrimaryTokenPrivilege\r\n\t\t\tSeTcbPrivilege\r\n\t\t\tSeSecurityPrivilege\r\n\t\t\tSeTakeOwnershipPrivilege\r\n\t\t\tSeLoadDriverPrivilege\r\n\t\t\tSeBackupPrivilege\r\n\t\t\tSeRestorePrivilege\r\n\t\t\tSeDebugPrivilege\r\n\t\t\tSeAuditPrivilege\r\n\t\t\tSeSystemEnvironmentPrivilege\r\n\t\t\tSeImpersonatePrivilege\r\n\t\t\tSeDelegateSessionUserImpersonatePrivilege')
2025-10-08 18:19:42,567 - WARNING - Critical Event Log: ID 4624 - ('S-1-5-18', 'DESKTOP-F7BOMCG$', 'WORKGROUP', '0x3e7', 'S-1-5-18', 'SYSTEM', 'NT AUTHORITY', '0x3e7', '5', 'Advapi  ', 'Negotiate', '-', '{00000000-0000-0000-0000-000000000000}', '-', '-', '0', '0x464', 'C:\\Windows\\System32\\services.exe', '-', '-', '%%1833', '-', '-', '-', '-', '%%1843', '0x0', '%%1842')
2025-10-08 18:19:42,568 - WARNING - Critical Event Log: ID 4672 - ('S-1-5-18', 'SYSTEM', 'NT AUTHORITY', '0x3e7', 'SeAssignPrimaryTokenPrivilege\r\n\t\t\tSeTcbPrivilege\r\n\t\t\tSeSecurityPrivilege\r\n\t\t\tSeTakeOwnershipPrivilege\r\n\t\t\tSeLoadDriverPrivilege\r\n\t\t\tSeBackupPrivilege\r\n\t\t\tSeRestorePrivilege\r\n\t\t\tSeDebugPrivilege\r\n\t\t\tSeAuditPrivilege\r\n\t\t\tSeSystemEnvironmentPrivilege\r\n\t\t\tSeImpersonatePrivilege\r\n\t\t\tSeDelegateSessionUserImpersonatePrivilege')
2025-10-08 18:19:42,568 - WARNING - Critical Event Log: ID 4624 - ('S-1-5-18', 'DESKTOP-F7BOMCG$', 'WORKGROUP', '0x3e7', 'S-1-5-18', 'SYSTEM', 'NT AUTHORITY', '0x3e7', '5', 'Advapi  ', 'Negotiate', '-', '{00000000-0000-0000-0000-000000000000}', '-', '-', '0', '0x464', 'C:\\Windows\\System32\\services.exe', '-', '-', '%%1833', '-', '-', '-', '-', '%%1843', '0x0', '%%1842')
2025-10-08 18:19:52,571 - ERROR - Event log monitoring error: (6, 'ReadEventLog', 'The handle is invalid.')
2025-10-08 18:20:02,573 - ERROR - Event log monitoring error: (6, 'ReadEventLog', 'The handle is invalid.')
2025-10-08 18:20:12,574 - WARNING - Critical Event Log: ID 4672 - ('S-1-5-18', 'SYSTEM', 'NT AUTHORITY', '0x3e7', 'SeAssignPrimaryTokenPrivilege\r\n\t\t\tSeTcbPrivilege\r\n\t\t\tSeSecurityPrivilege\r\n\t\t\tSeTakeOwnershipPrivilege\r\n\t\t\tSeLoadDriverPrivilege\r\n\t\t\tSeBackupPrivilege\r\n\t\t\tSeRestorePrivilege\r\n\t\t\tSeDebugPrivilege\r\n\t\t\tSeAuditPrivilege\r\n\t\t\tSeSystemEnvironmentPrivilege\r\n\t\t\tSeImpersonatePrivilege\r\n\t\t\tSeDelegateSessionUserImpersonatePrivilege')
2025-10-08 18:20:12,574 - WARNING - Critical Event Log: ID 4624 - ('S-1-5-18', 'DESKTOP-F7BOMCG$', 'WORKGROUP', '0x3e7', 'S-1-5-18', 'SYSTEM', 'NT AUTHORITY', '0x3e7', '5', 'Advapi  ', 'Negotiate', '-', '{00000000-0000-0000-0000-000000000000}', '-', '-', '0', '0x464', 'C:\\Windows\\System32\\services.exe', '-', '-', '%%1833', '-', '-', '-', '-', '%%1843', '0x0', '%%1842')
2025-10-08 18:20:12,576 - WARNING - Critical Event Log: ID 4672 - ('S-1-5-18', 'SYSTEM', 'NT AUTHORITY', '0x3e7', 'SeAssignPrimaryTokenPrivilege\r\n\t\t\tSeTcbPrivilege\r\n\t\t\tSeSecurityPrivilege\r\n\t\t\tSeTakeOwnershipPrivilege\r\n\t\t\tSeLoadDriverPrivilege\r\n\t\t\tSeBackupPrivilege\r\n\t\t\tSeRestorePrivilege\r\n\t\t\tSeDebugPrivilege\r\n\t\t\tSeAuditPrivilege\r\n\t\t\tSeSystemEnvironmentPrivilege\r\n\t\t\tSeImpersonatePrivilege\r\n\t\t\tSeDelegateSessionUserImpersonatePrivilege')
2025-10-08 18:20:12,576 - WARNING - Critical Event Log: ID 4624 - ('S-1-5-18', 'DESKTOP-F7BOMCG$', 'WORKGROUP', '0x3e7', 'S-1-5-18', 'SYSTEM', 'NT AUTHORITY', '0x3e7', '5', 'Advapi  ', 'Negotiate', '-', '{00000000-0000-0000-0000-000000000000}', '-', '-', '0', '0x464', 'C:\\Windows\\System32\\services.exe', '-', '-', '%%1833', '-', '-', '-', '-', '%%1843', '0x0', '%%1842')
2025-10-08 18:20:22,578 - WARNING - Critical Event Log: ID 4672 - ('S-1-5-18', 'SYSTEM', 'NT AUTHORITY', '0x3e7', 'SeAssignPrimaryTokenPrivilege\r\n\t\t\tSeTcbPrivilege\r\n\t\t\tSeSecurityPrivilege\r\n\t\t\tSeTakeOwnershipPrivilege\r\n\t\t\tSeLoadDriverPrivilege\r\n\t\t\tSeBackupPrivilege\r\n\t\t\tSeRestorePrivilege\r\n\t\t\tSeDebugPrivilege\r\n\t\t\tSeAuditPrivilege\r\n\t\t\tSeSystemEnvironmentPrivilege\r\n\t\t\tSeImpersonatePrivilege\r\n\t\t\tSeDelegateSessionUserImpersonatePrivilege')
2025-10-08 18:20:22,578 - WARNING - Critical Event Log: ID 4624 - ('S-1-5-18', 'DESKTOP-F7BOMCG$', 'WORKGROUP', '0x3e7', 'S-1-5-18', 'SYSTEM', 'NT AUTHORITY', '0x3e7', '5', 'Advapi  ', 'Negotiate', '-', '{00000000-0000-0000-0000-000000000000}', '-', '-', '0', '0x464', 'C:\\Windows\\System32\\services.exe', '-', '-', '%%1833', '-', '-', '-', '-', '%%1843', '0x0', '%%1842')
2025-10-08 18:20:22,578 - WARNING - Critical Event Log: ID 4672 - ('S-1-5-18', 'SYSTEM', 'NT AUTHORITY', '0x3e7', 'SeAssignPrimaryTokenPrivilege\r\n\t\t\tSeTcbPrivilege\r\n\t\t\tSeSecurityPrivilege\r\n\t\t\tSeTakeOwnershipPrivilege\r\n\t\t\tSeLoadDriverPrivilege\r\n\t\t\tSeBackupPrivilege\r\n\t\t\tSeRestorePrivilege\r\n\t\t\tSeDebugPrivilege\r\n\t\t\tSeAuditPrivilege\r\n\t\t\tSeSystemEnvironmentPrivilege\r\n\t\t\tSeImpersonatePrivilege\r\n\t\t\tSeDelegateSessionUserImpersonatePrivilege')
2025-10-08 18:20:22,578 - WARNING - Critical Event Log: ID 4624 - ('S-1-5-18', 'DESKTOP-F7BOMCG$', 'WORKGROUP', '0x3e7', 'S-1-5-18', 'SYSTEM', 'NT AUTHORITY', '0x3e7', '5', 'Advapi  ', 'Negotiate', '-', '{00000000-0000-0000-0000-000000000000}', '-', '-', '0', '0x464', 'C:\\Windows\\System32\\services.exe', '-', '-', '%%1833', '-', '-', '-', '-', '%%1843', '0x0', '%%1842')
2025-10-08 18:20:32,582 - ERROR - Event log monitoring error: (6, 'ReadEventLog', 'The handle is invalid.')
2025-10-08 18:20:42,584 - WARNING - Critical Event Log: ID 4672 - ('S-1-5-18', 'SYSTEM', 'NT AUTHORITY', '0x3e7', 'SeAssignPrimaryTokenPrivilege\r\n\t\t\tSeTcbPrivilege\r\n\t\t\tSeSecurityPrivilege\r\n\t\t\tSeTakeOwnershipPrivilege\r\n\t\t\tSeLoadDriverPrivilege\r\n\t\t\tSeBackupPrivilege\r\n\t\t\tSeRestorePrivilege\r\n\t\t\tSeDebugPrivilege\r\n\t\t\tSeAuditPrivilege\r\n\t\t\tSeSystemEnvironmentPrivilege\r\n\t\t\tSeImpersonatePrivilege\r\n\t\t\tSeDelegateSessionUserImpersonatePrivilege')
2025-10-08 18:20:42,584 - WARNING - Critical Event Log: ID 4624 - ('S-1-5-18', 'DESKTOP-F7BOMCG$', 'WORKGROUP', '0x3e7', 'S-1-5-18', 'SYSTEM', 'NT AUTHORITY', '0x3e7', '5', 'Advapi  ', 'Negotiate', '-', '{00000000-0000-0000-0000-000000000000}', '-', '-', '0', '0x464', 'C:\\Windows\\System32\\services.exe', '-', '-', '%%1833', '-', '-', '-', '-', '%%1843', '0x0', '%%1842')
2025-10-08 18:20:42,584 - WARNING - Critical Event Log: ID 4672 - ('S-1-5-18', 'SYSTEM', 'NT AUTHORITY', '0x3e7', 'SeAssignPrimaryTokenPrivilege\r\n\t\t\tSeTcbPrivilege\r\n\t\t\tSeSecurityPrivilege\r\n\t\t\tSeTakeOwnershipPrivilege\r\n\t\t\tSeLoadDriverPrivilege\r\n\t\t\tSeBackupPrivilege\r\n\t\t\tSeRestorePrivilege\r\n\t\t\tSeDebugPrivilege\r\n\t\t\tSeAuditPrivilege\r\n\t\t\tSeSystemEnvironmentPrivilege\r\n\t\t\tSeImpersonatePrivilege\r\n\t\t\tSeDelegateSessionUserImpersonatePrivilege')
2025-10-08 18:20:42,587 - WARNING - Critical Event Log: ID 4624 - ('S-1-5-18', 'DESKTOP-F7BOMCG$', 'WORKGROUP', '0x3e7', 'S-1-5-18', 'SYSTEM', 'NT AUTHORITY', '0x3e7', '5', 'Advapi  ', 'Negotiate', '-', '{00000000-0000-0000-0000-000000000000}', '-', '-', '0', '0x464', 'C:\\Windows\\System32\\services.exe', '-', '-', '%%1833', '-', '-', '-', '-', '%%1843', '0x0', '%%1842')
2025-10-08 18:20:52,590 - WARNING - Critical Event Log: ID 4672 - ('S-1-5-18', 'SYSTEM', 'NT AUTHORITY', '0x3e7', 'SeAssignPrimaryTokenPrivilege\r\n\t\t\tSeTcbPrivilege\r\n\t\t\tSeSecurityPrivilege\r\n\t\t\tSeTakeOwnershipPrivilege\r\n\t\t\tSeLoadDriverPrivilege\r\n\t\t\tSeBackupPrivilege\r\n\t\t\tSeRestorePrivilege\r\n\t\t\tSeDebugPrivilege\r\n\t\t\tSeAuditPrivilege\r\n\t\t\tSeSystemEnvironmentPrivilege\r\n\t\t\tSeImpersonatePrivilege\r\n\t\t\tSeDelegateSessionUserImpersonatePrivilege')
2025-10-08 18:20:52,590 - WARNING - Critical Event Log: ID 4624 - ('S-1-5-18', 'DESKTOP-F7BOMCG$', 'WORKGROUP', '0x3e7', 'S-1-5-18', 'SYSTEM', 'NT AUTHORITY', '0x3e7', '5', 'Advapi  ', 'Negotiate', '-', '{00000000-0000-0000-0000-000000000000}', '-', '-', '0', '0x464', 'C:\\Windows\\System32\\services.exe', '-', '-', '%%1833', '-', '-', '-', '-', '%%1843', '0x0', '%%1842')
2025-10-08 18:20:52,590 - WARNING - Critical Event Log: ID 4672 - ('S-1-5-18', 'SYSTEM', 'NT AUTHORITY', '0x3e7', 'SeAssignPrimaryTokenPrivilege\r\n\t\t\tSeTcbPrivilege\r\n\t\t\tSeSecurityPrivilege\r\n\t\t\tSeTakeOwnershipPrivilege\r\n\t\t\tSeLoadDriverPrivilege\r\n\t\t\tSeBackupPrivilege\r\n\t\t\tSeRestorePrivilege\r\n\t\t\tSeDebugPrivilege\r\n\t\t\tSeAuditPrivilege\r\n\t\t\tSeSystemEnvironmentPrivilege\r\n\t\t\tSeImpersonatePrivilege\r\n\t\t\tSeDelegateSessionUserImpersonatePrivilege')
2025-10-08 18:20:52,590 - WARNING - Critical Event Log: ID 4624 - ('S-1-5-18', 'DESKTOP-F7BOMCG$', 'WORKGROUP', '0x3e7', 'S-1-5-18', 'SYSTEM', 'NT AUTHORITY', '0x3e7', '5', 'Advapi  ', 'Negotiate', '-', '{00000000-0000-0000-0000-000000000000}', '-', '-', '0', '0x464', 'C:\\Windows\\System32\\services.exe', '-', '-', '%%1833', '-', '-', '-', '-', '%%1843', '0x0', '%%1842')
2025-10-08 18:21:02,593 - WARNING - Critical Event Log: ID 4672 - ('S-1-5-18', 'SYSTEM', 'NT AUTHORITY', '0x3e7', 'SeAssignPrimaryTokenPrivilege\r\n\t\t\tSeTcbPrivilege\r\n\t\t\tSeSecurityPrivilege\r\n\t\t\tSeTakeOwnershipPrivilege\r\n\t\t\tSeLoadDriverPrivilege\r\n\t\t\tSeBackupPrivilege\r\n\t\t\tSeRestorePrivilege\r\n\t\t\tSeDebugPrivilege\r\n\t\t\tSeAuditPrivilege\r\n\t\t\tSeSystemEnvironmentPrivilege\r\n\t\t\tSeImpersonatePrivilege\r\n\t\t\tSeDelegateSessionUserImpersonatePrivilege')
2025-10-08 18:21:02,593 - WARNING - Critical Event Log: ID 4624 - ('S-1-5-18', 'DESKTOP-F7BOMCG$', 'WORKGROUP', '0x3e7', 'S-1-5-18', 'SYSTEM', 'NT AUTHORITY', '0x3e7', '5', 'Advapi  ', 'Negotiate', '-', '{00000000-0000-0000-0000-000000000000}', '-', '-', '0', '0x464', 'C:\\Windows\\System32\\services.exe', '-', '-', '%%1833', '-', '-', '-', '-', '%%1843', '0x0', '%%1842')
2025-10-08 18:21:02,593 - WARNING - Critical Event Log: ID 4672 - ('S-1-5-18', 'SYSTEM', 'NT AUTHORITY', '0x3e7', 'SeAssignPrimaryTokenPrivilege\r\n\t\t\tSeTcbPrivilege\r\n\t\t\tSeSecurityPrivilege\r\n\t\t\tSeTakeOwnershipPrivilege\r\n\t\t\tSeLoadDriverPrivilege\r\n\t\t\tSeBackupPrivilege\r\n\t\t\tSeRestorePrivilege\r\n\t\t\tSeDebugPrivilege\r\n\t\t\tSeAuditPrivilege\r\n\t\t\tSeSystemEnvironmentPrivilege\r\n\t\t\tSeImpersonatePrivilege\r\n\t\t\tSeDelegateSessionUserImpersonatePrivilege')
2025-10-08 18:21:02,593 - WARNING - Critical Event Log: ID 4624 - ('S-1-5-18', 'DESKTOP-F7BOMCG$', 'WORKGROUP', '0x3e7', 'S-1-5-18', 'SYSTEM', 'NT AUTHORITY', '0x3e7', '5', 'Advapi  ', 'Negotiate', '-', '{00000000-0000-0000-0000-000000000000}', '-', '-', '0', '0x464', 'C:\\Windows\\System32\\services.exe', '-', '-', '%%1833', '-', '-', '-', '-', '%%1843', '0x0', '%%1842')
2025-10-08 18:21:12,597 - ERROR - Event log monitoring error: (6, 'ReadEventLog', 'The handle is invalid.')
2025-10-08 18:21:22,598 - WARNING - Critical Event Log: ID 4672 - ('S-1-5-18', 'SYSTEM', 'NT AUTHORITY', '0x3e7', 'SeAssignPrimaryTokenPrivilege\r\n\t\t\tSeTcbPrivilege\r\n\t\t\tSeSecurityPrivilege\r\n\t\t\tSeTakeOwnershipPrivilege\r\n\t\t\tSeLoadDriverPrivilege\r\n\t\t\tSeBackupPrivilege\r\n\t\t\tSeRestorePrivilege\r\n\t\t\tSeDebugPrivilege\r\n\t\t\tSeAuditPrivilege\r\n\t\t\tSeSystemEnvironmentPrivilege\r\n\t\t\tSeImpersonatePrivilege\r\n\t\t\tSeDelegateSessionUserImpersonatePrivilege')
2025-10-08 18:21:22,598 - WARNING - Critical Event Log: ID 4624 - ('S-1-5-18', 'DESKTOP-F7BOMCG$', 'WORKGROUP', '0x3e7', 'S-1-5-18', 'SYSTEM', 'NT AUTHORITY', '0x3e7', '5', 'Advapi  ', 'Negotiate', '-', '{00000000-0000-0000-0000-000000000000}', '-', '-', '0', '0x464', 'C:\\Windows\\System32\\services.exe', '-', '-', '%%1833', '-', '-', '-', '-', '%%1843', '0x0', '%%1842')
2025-10-08 18:21:22,598 - WARNING - Critical Event Log: ID 4672 - ('S-1-5-18', 'SYSTEM', 'NT AUTHORITY', '0x3e7', 'SeAssignPrimaryTokenPrivilege\r\n\t\t\tSeTcbPrivilege\r\n\t\t\tSeSecurityPrivilege\r\n\t\t\tSeTakeOwnershipPrivilege\r\n\t\t\tSeLoadDriverPrivilege\r\n\t\t\tSeBackupPrivilege\r\n\t\t\tSeRestorePrivilege\r\n\t\t\tSeDebugPrivilege\r\n\t\t\tSeAuditPrivilege\r\n\t\t\tSeSystemEnvironmentPrivilege\r\n\t\t\tSeImpersonatePrivilege\r\n\t\t\tSeDelegateSessionUserImpersonatePrivilege')
2025-10-08 18:21:22,598 - WARNING - Critical Event Log: ID 4624 - ('S-1-5-18', 'DESKTOP-F7BOMCG$', 'WORKGROUP', '0x3e7', 'S-1-5-18', 'SYSTEM', 'NT AUTHORITY', '0x3e7', '5', 'Advapi  ', 'Negotiate', '-', '{00000000-0000-0000-0000-000000000000}', '-', '-', '0', '0x464', 'C:\\Windows\\System32\\services.exe', '-', '-', '%%1833', '-', '-', '-', '-', '%%1843', '0x0', '%%1842')
2025-10-08 18:21:22,598 - WARNING - Critical Event Log: ID 4672 - ('S-1-5-18', 'SYSTEM', 'NT AUTHORITY', '0x3e7', 'SeAssignPrimaryTokenPrivilege\r\n\t\t\tSeTcbPrivilege\r\n\t\t\tSeSecurityPrivilege\r\n\t\t\tSeTakeOwnershipPrivilege\r\n\t\t\tSeLoadDriverPrivilege\r\n\t\t\tSeBackupPrivilege\r\n\t\t\tSeRestorePrivilege\r\n\t\t\tSeDebugPrivilege\r\n\t\t\tSeAuditPrivilege\r\n\t\t\tSeSystemEnvironmentPrivilege\r\n\t\t\tSeImpersonatePrivilege\r\n\t\t\tSeDelegateSessionUserImpersonatePrivilege')
2025-10-08 18:21:32,603 - WARNING - Critical Event Log: ID 4672 - ('S-1-5-18', 'SYSTEM', 'NT AUTHORITY', '0x3e7', 'SeAssignPrimaryTokenPrivilege\r\n\t\t\tSeTcbPrivilege\r\n\t\t\tSeSecurityPrivilege\r\n\t\t\tSeTakeOwnershipPrivilege\r\n\t\t\tSeLoadDriverPrivilege\r\n\t\t\tSeBackupPrivilege\r\n\t\t\tSeRestorePrivilege\r\n\t\t\tSeDebugPrivilege\r\n\t\t\tSeAuditPrivilege\r\n\t\t\tSeSystemEnvironmentPrivilege\r\n\t\t\tSeImpersonatePrivilege\r\n\t\t\tSeDelegateSessionUserImpersonatePrivilege')
2025-10-08 18:21:32,603 - WARNING - Critical Event Log: ID 4624 - ('S-1-5-18', 'DESKTOP-F7BOMCG$', 'WORKGROUP', '0x3e7', 'S-1-5-18', 'SYSTEM', 'NT AUTHORITY', '0x3e7', '5', 'Advapi  ', 'Negotiate', '-', '{00000000-0000-0000-0000-000000000000}', '-', '-', '0', '0x464', 'C:\\Windows\\System32\\services.exe', '-', '-', '%%1833', '-', '-', '-', '-', '%%1843', '0x0', '%%1842')
2025-10-08 18:21:32,603 - WARNING - Critical Event Log: ID 4672 - ('S-1-5-18', 'SYSTEM', 'NT AUTHORITY', '0x3e7', 'SeAssignPrimaryTokenPrivilege\r\n\t\t\tSeTcbPrivilege\r\n\t\t\tSeSecurityPrivilege\r\n\t\t\tSeTakeOwnershipPrivilege\r\n\t\t\tSeLoadDriverPrivilege\r\n\t\t\tSeBackupPrivilege\r\n\t\t\tSeRestorePrivilege\r\n\t\t\tSeDebugPrivilege\r\n\t\t\tSeAuditPrivilege\r\n\t\t\tSeSystemEnvironmentPrivilege\r\n\t\t\tSeImpersonatePrivilege\r\n\t\t\tSeDelegateSessionUserImpersonatePrivilege')
2025-10-08 18:21:32,603 - WARNING - Critical Event Log: ID 4624 - ('S-1-5-18', 'DESKTOP-F7BOMCG$', 'WORKGROUP', '0x3e7', 'S-1-5-18', 'SYSTEM', 'NT AUTHORITY', '0x3e7', '5', 'Advapi  ', 'Negotiate', '-', '{00000000-0000-0000-0000-000000000000}', '-', '-', '0', '0x464', 'C:\\Windows\\System32\\services.exe', '-', '-', '%%1833', '-', '-', '-', '-', '%%1843', '0x0', '%%1842')
2025-10-08 18:21:32,603 - WARNING - Critical Event Log: ID 4672 - ('S-1-5-18', 'SYSTEM', 'NT AUTHORITY', '0x3e7', 'SeAssignPrimaryTokenPrivilege\r\n\t\t\tSeTcbPrivilege\r\n\t\t\tSeSecurityPrivilege\r\n\t\t\tSeTakeOwnershipPrivilege\r\n\t\t\tSeLoadDriverPrivilege\r\n\t\t\tSeBackupPrivilege\r\n\t\t\tSeRestorePrivilege\r\n\t\t\tSeDebugPrivilege\r\n\t\t\tSeAuditPrivilege\r\n\t\t\tSeSystemEnvironmentPrivilege\r\n\t\t\tSeImpersonatePrivilege\r\n\t\t\tSeDelegateSessionUserImpersonatePrivilege')
2025-10-08 18:21:39,264 - CRITICAL - File modified: C:\Windows\System32\winevt\Logs\Microsoft-Windows-Diagnosis-PCW%4Operational.evtx
2025-10-08 18:21:42,606 - WARNING - Critical Event Log: ID 4672 - ('S-1-5-18', 'SYSTEM', 'NT AUTHORITY', '0x3e7', 'SeAssignPrimaryTokenPrivilege\r\n\t\t\tSeTcbPrivilege\r\n\t\t\tSeSecurityPrivilege\r\n\t\t\tSeTakeOwnershipPrivilege\r\n\t\t\tSeLoadDriverPrivilege\r\n\t\t\tSeBackupPrivilege\r\n\t\t\tSeRestorePrivilege\r\n\t\t\tSeDebugPrivilege\r\n\t\t\tSeAuditPrivilege\r\n\t\t\tSeSystemEnvironmentPrivilege\r\n\t\t\tSeImpersonatePrivilege\r\n\t\t\tSeDelegateSessionUserImpersonatePrivilege')
2025-10-08 18:21:42,606 - WARNING - Critical Event Log: ID 4624 - ('S-1-5-18', 'DESKTOP-F7BOMCG$', 'WORKGROUP', '0x3e7', 'S-1-5-18', 'SYSTEM', 'NT AUTHORITY', '0x3e7', '5', 'Advapi  ', 'Negotiate', '-', '{00000000-0000-0000-0000-000000000000}', '-', '-', '0', '0x464', 'C:\\Windows\\System32\\services.exe', '-', '-', '%%1833', '-', '-', '-', '-', '%%1843', '0x0', '%%1842')
2025-10-08 18:21:42,606 - WARNING - Critical Event Log: ID 4672 - ('S-1-5-18', 'SYSTEM', 'NT AUTHORITY', '0x3e7', 'SeAssignPrimaryTokenPrivilege\r\n\t\t\tSeTcbPrivilege\r\n\t\t\tSeSecurityPrivilege\r\n\t\t\tSeTakeOwnershipPrivilege\r\n\t\t\tSeLoadDriverPrivilege\r\n\t\t\tSeBackupPrivilege\r\n\t\t\tSeRestorePrivilege\r\n\t\t\tSeDebugPrivilege\r\n\t\t\tSeAuditPrivilege\r\n\t\t\tSeSystemEnvironmentPrivilege\r\n\t\t\tSeImpersonatePrivilege\r\n\t\t\tSeDelegateSessionUserImpersonatePrivilege')
2025-10-08 18:21:42,609 - WARNING - Critical Event Log: ID 4624 - ('S-1-5-18', 'DESKTOP-F7BOMCG$', 'WORKGROUP', '0x3e7', 'S-1-5-18', 'SYSTEM', 'NT AUTHORITY', '0x3e7', '5', 'Advapi  ', 'Negotiate', '-', '{00000000-0000-0000-0000-000000000000}', '-', '-', '0', '0x464', 'C:\\Windows\\System32\\services.exe', '-', '-', '%%1833', '-', '-', '-', '-', '%%1843', '0x0', '%%1842')
2025-10-08 18:21:42,609 - WARNING - Critical Event Log: ID 4672 - ('S-1-5-18', 'SYSTEM', 'NT AUTHORITY', '0x3e7', 'SeAssignPrimaryTokenPrivilege\r\n\t\t\tSeTcbPrivilege\r\n\t\t\tSeSecurityPrivilege\r\n\t\t\tSeTakeOwnershipPrivilege\r\n\t\t\tSeLoadDriverPrivilege\r\n\t\t\tSeBackupPrivilege\r\n\t\t\tSeRestorePrivilege\r\n\t\t\tSeDebugPrivilege\r\n\t\t\tSeAuditPrivilege\r\n\t\t\tSeSystemEnvironmentPrivilege\r\n\t\t\tSeImpersonatePrivilege\r\n\t\t\tSeDelegateSessionUserImpersonatePrivilege')
2025-10-08 18:21:52,611 - WARNING - Critical Event Log: ID 4672 - ('S-1-5-18', 'SYSTEM', 'NT AUTHORITY', '0x3e7', 'SeAssignPrimaryTokenPrivilege\r\n\t\t\tSeTcbPrivilege\r\n\t\t\tSeSecurityPrivilege\r\n\t\t\tSeTakeOwnershipPrivilege\r\n\t\t\tSeLoadDriverPrivilege\r\n\t\t\tSeBackupPrivilege\r\n\t\t\tSeRestorePrivilege\r\n\t\t\tSeDebugPrivilege\r\n\t\t\tSeAuditPrivilege\r\n\t\t\tSeSystemEnvironmentPrivilege\r\n\t\t\tSeImpersonatePrivilege\r\n\t\t\tSeDelegateSessionUserImpersonatePrivilege')
2025-10-08 18:21:52,611 - WARNING - Critical Event Log: ID 4624 - ('S-1-5-18', 'DESKTOP-F7BOMCG$', 'WORKGROUP', '0x3e7', 'S-1-5-18', 'SYSTEM', 'NT AUTHORITY', '0x3e7', '5', 'Advapi  ', 'Negotiate', '-', '{00000000-0000-0000-0000-000000000000}', '-', '-', '0', '0x464', 'C:\\Windows\\System32\\services.exe', '-', '-', '%%1833', '-', '-', '-', '-', '%%1843', '0x0', '%%1842')
2025-10-08 18:21:52,611 - WARNING - Critical Event Log: ID 4672 - ('S-1-5-18', 'SYSTEM', 'NT AUTHORITY', '0x3e7', 'SeAssignPrimaryTokenPrivilege\r\n\t\t\tSeTcbPrivilege\r\n\t\t\tSeSecurityPrivilege\r\n\t\t\tSeTakeOwnershipPrivilege\r\n\t\t\tSeLoadDriverPrivilege\r\n\t\t\tSeBackupPrivilege\r\n\t\t\tSeRestorePrivilege\r\n\t\t\tSeDebugPrivilege\r\n\t\t\tSeAuditPrivilege\r\n\t\t\tSeSystemEnvironmentPrivilege\r\n\t\t\tSeImpersonatePrivilege\r\n\t\t\tSeDelegateSessionUserImpersonatePrivilege')
2025-10-08 18:21:52,611 - WARNING - Critical Event Log: ID 4624 - ('S-1-5-18', 'DESKTOP-F7BOMCG$', 'WORKGROUP', '0x3e7', 'S-1-5-18', 'SYSTEM', 'NT AUTHORITY', '0x3e7', '5', 'Advapi  ', 'Negotiate', '-', '{00000000-0000-0000-0000-000000000000}', '-', '-', '0', '0x464', 'C:\\Windows\\System32\\services.exe', '-', '-', '%%1833', '-', '-', '-', '-', '%%1843', '0x0', '%%1842')
2025-10-08 18:21:52,611 - WARNING - Critical Event Log: ID 4672 - ('S-1-5-18', 'SYSTEM', 'NT AUTHORITY', '0x3e7', 'SeAssignPrimaryTokenPrivilege\r\n\t\t\tSeTcbPrivilege\r\n\t\t\tSeSecurityPrivilege\r\n\t\t\tSeTakeOwnershipPrivilege\r\n\t\t\tSeLoadDriverPrivilege\r\n\t\t\tSeBackupPrivilege\r\n\t\t\tSeRestorePrivilege\r\n\t\t\tSeDebugPrivilege\r\n\t\t\tSeAuditPrivilege\r\n\t\t\tSeSystemEnvironmentPrivilege\r\n\t\t\tSeImpersonatePrivilege\r\n\t\t\tSeDelegateSessionUserImpersonatePrivilege')
2025-10-08 18:22:02,615 - WARNING - Critical Event Log: ID 4672 - ('S-1-5-18', 'SYSTEM', 'NT AUTHORITY', '0x3e7', 'SeAssignPrimaryTokenPrivilege\r\n\t\t\tSeTcbPrivilege\r\n\t\t\tSeSecurityPrivilege\r\n\t\t\tSeTakeOwnershipPrivilege\r\n\t\t\tSeLoadDriverPrivilege\r\n\t\t\tSeBackupPrivilege\r\n\t\t\tSeRestorePrivilege\r\n\t\t\tSeDebugPrivilege\r\n\t\t\tSeAuditPrivilege\r\n\t\t\tSeSystemEnvironmentPrivilege\r\n\t\t\tSeImpersonatePrivilege\r\n\t\t\tSeDelegateSessionUserImpersonatePrivilege')
2025-10-08 18:22:02,615 - WARNING - Critical Event Log: ID 4624 - ('S-1-5-18', 'DESKTOP-F7BOMCG$', 'WORKGROUP', '0x3e7', 'S-1-5-18', 'SYSTEM', 'NT AUTHORITY', '0x3e7', '5', 'Advapi  ', 'Negotiate', '-', '{00000000-0000-0000-0000-000000000000}', '-', '-', '0', '0x464', 'C:\\Windows\\System32\\services.exe', '-', '-', '%%1833', '-', '-', '-', '-', '%%1843', '0x0', '%%1842')
2025-10-08 18:22:02,615 - WARNING - Critical Event Log: ID 4672 - ('S-1-5-18', 'SYSTEM', 'NT AUTHORITY', '0x3e7', 'SeAssignPrimaryTokenPrivilege\r\n\t\t\tSeTcbPrivilege\r\n\t\t\tSeSecurityPrivilege\r\n\t\t\tSeTakeOwnershipPrivilege\r\n\t\t\tSeLoadDriverPrivilege\r\n\t\t\tSeBackupPrivilege\r\n\t\t\tSeRestorePrivilege\r\n\t\t\tSeDebugPrivilege\r\n\t\t\tSeAuditPrivilege\r\n\t\t\tSeSystemEnvironmentPrivilege\r\n\t\t\tSeImpersonatePrivilege\r\n\t\t\tSeDelegateSessionUserImpersonatePrivilege')
2025-10-08 18:22:02,615 - WARNING - Critical Event Log: ID 4624 - ('S-1-5-18', 'DESKTOP-F7BOMCG$', 'WORKGROUP', '0x3e7', 'S-1-5-18', 'SYSTEM', 'NT AUTHORITY', '0x3e7', '5', 'Advapi  ', 'Negotiate', '-', '{00000000-0000-0000-0000-000000000000}', '-', '-', '0', '0x464', 'C:\\Windows\\System32\\services.exe', '-', '-', '%%1833', '-', '-', '-', '-', '%%1843', '0x0', '%%1842')
2025-10-08 18:22:02,615 - WARNING - Critical Event Log: ID 4672 - ('S-1-5-18', 'SYSTEM', 'NT AUTHORITY', '0x3e7', 'SeAssignPrimaryTokenPrivilege\r\n\t\t\tSeTcbPrivilege\r\n\t\t\tSeSecurityPrivilege\r\n\t\t\tSeTakeOwnershipPrivilege\r\n\t\t\tSeLoadDriverPrivilege\r\n\t\t\tSeBackupPrivilege\r\n\t\t\tSeRestorePrivilege\r\n\t\t\tSeDebugPrivilege\r\n\t\t\tSeAuditPrivilege\r\n\t\t\tSeSystemEnvironmentPrivilege\r\n\t\t\tSeImpersonatePrivilege\r\n\t\t\tSeDelegateSessionUserImpersonatePrivilege')
2025-10-08 18:22:11,768 - CRITICAL - File modified: C:\Windows\System32\winevt\Logs\Security.evtx
2025-10-08 18:22:12,510 - CRITICAL - File modified: C:\Windows\System32\winevt\Logs\Microsoft-Windows-GroupPolicy%4Operational.evtx
2025-10-08 18:22:12,618 - WARNING - Critical Event Log: ID 4672 - ('S-1-5-18', 'SYSTEM', 'NT AUTHORITY', '0x3e7', 'SeAssignPrimaryTokenPrivilege\r\n\t\t\tSeTcbPrivilege\r\n\t\t\tSeSecurityPrivilege\r\n\t\t\tSeTakeOwnershipPrivilege\r\n\t\t\tSeLoadDriverPrivilege\r\n\t\t\tSeBackupPrivilege\r\n\t\t\tSeRestorePrivilege\r\n\t\t\tSeDebugPrivilege\r\n\t\t\tSeAuditPrivilege\r\n\t\t\tSeSystemEnvironmentPrivilege\r\n\t\t\tSeImpersonatePrivilege\r\n\t\t\tSeDelegateSessionUserImpersonatePrivilege')
2025-10-08 18:22:12,618 - WARNING - Critical Event Log: ID 4624 - ('S-1-5-18', 'DESKTOP-F7BOMCG$', 'WORKGROUP', '0x3e7', 'S-1-5-18', 'SYSTEM', 'NT AUTHORITY', '0x3e7', '5', 'Advapi  ', 'Negotiate', '-', '{00000000-0000-0000-0000-000000000000}', '-', '-', '0', '0x464', 'C:\\Windows\\System32\\services.exe', '-', '-', '%%1833', '-', '-', '-', '-', '%%1843', '0x0', '%%1842')
2025-10-08 18:22:12,618 - WARNING - Critical Event Log: ID 4672 - ('S-1-5-18', 'SYSTEM', 'NT AUTHORITY', '0x3e7', 'SeAssignPrimaryTokenPrivilege\r\n\t\t\tSeTcbPrivilege\r\n\t\t\tSeSecurityPrivilege\r\n\t\t\tSeTakeOwnershipPrivilege\r\n\t\t\tSeLoadDriverPrivilege\r\n\t\t\tSeBackupPrivilege\r\n\t\t\tSeRestorePrivilege\r\n\t\t\tSeDebugPrivilege\r\n\t\t\tSeAuditPrivilege\r\n\t\t\tSeSystemEnvironmentPrivilege\r\n\t\t\tSeImpersonatePrivilege\r\n\t\t\tSeDelegateSessionUserImpersonatePrivilege')
2025-10-08 18:22:12,618 - WARNING - Critical Event Log: ID 4624 - ('S-1-5-18', 'DESKTOP-F7BOMCG$', 'WORKGROUP', '0x3e7', 'S-1-5-18', 'SYSTEM', 'NT AUTHORITY', '0x3e7', '5', 'Advapi  ', 'Negotiate', '-', '{00000000-0000-0000-0000-000000000000}', '-', '-', '0', '0x464', 'C:\\Windows\\System32\\services.exe', '-', '-', '%%1833', '-', '-', '-', '-', '%%1843', '0x0', '%%1842')
2025-10-08 18:22:12,618 - WARNING - Critical Event Log: ID 4672 - ('S-1-5-18', 'SYSTEM', 'NT AUTHORITY', '0x3e7', 'SeAssignPrimaryTokenPrivilege\r\n\t\t\tSeTcbPrivilege\r\n\t\t\tSeSecurityPrivilege\r\n\t\t\tSeTakeOwnershipPrivilege\r\n\t\t\tSeLoadDriverPrivilege\r\n\t\t\tSeBackupPrivilege\r\n\t\t\tSeRestorePrivilege\r\n\t\t\tSeDebugPrivilege\r\n\t\t\tSeAuditPrivilege\r\n\t\t\tSeSystemEnvironmentPrivilege\r\n\t\t\tSeImpersonatePrivilege\r\n\t\t\tSeDelegateSessionUserImpersonatePrivilege')
2025-10-08 18:22:22,626 - WARNING - Critical Event Log: ID 4672 - ('S-1-5-18', 'SYSTEM', 'NT AUTHORITY', '0x3e7', 'SeAssignPrimaryTokenPrivilege\r\n\t\t\tSeTcbPrivilege\r\n\t\t\tSeSecurityPrivilege\r\n\t\t\tSeTakeOwnershipPrivilege\r\n\t\t\tSeLoadDriverPrivilege\r\n\t\t\tSeBackupPrivilege\r\n\t\t\tSeRestorePrivilege\r\n\t\t\tSeDebugPrivilege\r\n\t\t\tSeAuditPrivilege\r\n\t\t\tSeSystemEnvironmentPrivilege\r\n\t\t\tSeImpersonatePrivilege\r\n\t\t\tSeDelegateSessionUserImpersonatePrivilege')
2025-10-08 18:22:22,626 - WARNING - Critical Event Log: ID 4624 - ('S-1-5-18', 'DESKTOP-F7BOMCG$', 'WORKGROUP', '0x3e7', 'S-1-5-18', 'SYSTEM', 'NT AUTHORITY', '0x3e7', '5', 'Advapi  ', 'Negotiate', '-', '{00000000-0000-0000-0000-000000000000}', '-', '-', '0', '0x464', 'C:\\Windows\\System32\\services.exe', '-', '-', '%%1833', '-', '-', '-', '-', '%%1843', '0x0', '%%1842')
2025-10-08 18:22:22,626 - WARNING - Critical Event Log: ID 4672 - ('S-1-5-18', 'SYSTEM', 'NT AUTHORITY', '0x3e7', 'SeAssignPrimaryTokenPrivilege\r\n\t\t\tSeTcbPrivilege\r\n\t\t\tSeSecurityPrivilege\r\n\t\t\tSeTakeOwnershipPrivilege\r\n\t\t\tSeLoadDriverPrivilege\r\n\t\t\tSeBackupPrivilege\r\n\t\t\tSeRestorePrivilege\r\n\t\t\tSeDebugPrivilege\r\n\t\t\tSeAuditPrivilege\r\n\t\t\tSeSystemEnvironmentPrivilege\r\n\t\t\tSeImpersonatePrivilege\r\n\t\t\tSeDelegateSessionUserImpersonatePrivilege')
2025-10-08 18:22:22,626 - WARNING - Critical Event Log: ID 4624 - ('S-1-5-18', 'DESKTOP-F7BOMCG$', 'WORKGROUP', '0x3e7', 'S-1-5-18', 'SYSTEM', 'NT AUTHORITY', '0x3e7', '5', 'Advapi  ', 'Negotiate', '-', '{00000000-0000-0000-0000-000000000000}', '-', '-', '0', '0x464', 'C:\\Windows\\System32\\services.exe', '-', '-', '%%1833', '-', '-', '-', '-', '%%1843', '0x0', '%%1842')
2025-10-08 18:22:22,626 - WARNING - Critical Event Log: ID 4672 - ('S-1-5-18', 'SYSTEM', 'NT AUTHORITY', '0x3e7', 'SeAssignPrimaryTokenPrivilege\r\n\t\t\tSeTcbPrivilege\r\n\t\t\tSeSecurityPrivilege\r\n\t\t\tSeTakeOwnershipPrivilege\r\n\t\t\tSeLoadDriverPrivilege\r\n\t\t\tSeBackupPrivilege\r\n\t\t\tSeRestorePrivilege\r\n\t\t\tSeDebugPrivilege\r\n\t\t\tSeAuditPrivilege\r\n\t\t\tSeSystemEnvironmentPrivilege\r\n\t\t\tSeImpersonatePrivilege\r\n\t\t\tSeDelegateSessionUserImpersonatePrivilege')
2025-10-08 18:22:32,630 - ERROR - Event log monitoring error: (6, 'ReadEventLog', 'The handle is invalid.')
2025-10-08 18:22:42,632 - ERROR - Event log monitoring error: (6, 'ReadEventLog', 'The handle is invalid.')
2025-10-08 18:22:52,633 - WARNING - Critical Event Log: ID 4672 - ('S-1-5-18', 'SYSTEM', 'NT AUTHORITY', '0x3e7', 'SeAssignPrimaryTokenPrivilege\r\n\t\t\tSeTcbPrivilege\r\n\t\t\tSeSecurityPrivilege\r\n\t\t\tSeTakeOwnershipPrivilege\r\n\t\t\tSeLoadDriverPrivilege\r\n\t\t\tSeBackupPrivilege\r\n\t\t\tSeRestorePrivilege\r\n\t\t\tSeDebugPrivilege\r\n\t\t\tSeAuditPrivilege\r\n\t\t\tSeSystemEnvironmentPrivilege\r\n\t\t\tSeImpersonatePrivilege\r\n\t\t\tSeDelegateSessionUserImpersonatePrivilege')
2025-10-08 18:22:52,633 - WARNING - Critical Event Log: ID 4624 - ('S-1-5-18', 'DESKTOP-F7BOMCG$', 'WORKGROUP', '0x3e7', 'S-1-5-18', 'SYSTEM', 'NT AUTHORITY', '0x3e7', '5', 'Advapi  ', 'Negotiate', '-', '{00000000-0000-0000-0000-000000000000}', '-', '-', '0', '0x464', 'C:\\Windows\\System32\\services.exe', '-', '-', '%%1833', '-', '-', '-', '-', '%%1843', '0x0', '%%1842')
2025-10-08 18:22:52,633 - WARNING - Critical Event Log: ID 4672 - ('S-1-5-18', 'SYSTEM', 'NT AUTHORITY', '0x3e7', 'SeAssignPrimaryTokenPrivilege\r\n\t\t\tSeTcbPrivilege\r\n\t\t\tSeSecurityPrivilege\r\n\t\t\tSeTakeOwnershipPrivilege\r\n\t\t\tSeLoadDriverPrivilege\r\n\t\t\tSeBackupPrivilege\r\n\t\t\tSeRestorePrivilege\r\n\t\t\tSeDebugPrivilege\r\n\t\t\tSeAuditPrivilege\r\n\t\t\tSeSystemEnvironmentPrivilege\r\n\t\t\tSeImpersonatePrivilege\r\n\t\t\tSeDelegateSessionUserImpersonatePrivilege')
2025-10-08 18:22:52,633 - WARNING - Critical Event Log: ID 4624 - ('S-1-5-18', 'DESKTOP-F7BOMCG$', 'WORKGROUP', '0x3e7', 'S-1-5-18', 'SYSTEM', 'NT AUTHORITY', '0x3e7', '5', 'Advapi  ', 'Negotiate', '-', '{00000000-0000-0000-0000-000000000000}', '-', '-', '0', '0x464', 'C:\\Windows\\System32\\services.exe', '-', '-', '%%1833', '-', '-', '-', '-', '%%1843', '0x0', '%%1842')
2025-10-08 18:22:52,633 - WARNING - Critical Event Log: ID 4672 - ('S-1-5-18', 'SYSTEM', 'NT AUTHORITY', '0x3e7', 'SeAssignPrimaryTokenPrivilege\r\n\t\t\tSeTcbPrivilege\r\n\t\t\tSeSecurityPrivilege\r\n\t\t\tSeTakeOwnershipPrivilege\r\n\t\t\tSeLoadDriverPrivilege\r\n\t\t\tSeBackupPrivilege\r\n\t\t\tSeRestorePrivilege\r\n\t\t\tSeDebugPrivilege\r\n\t\t\tSeAuditPrivilege\r\n\t\t\tSeSystemEnvironmentPrivilege\r\n\t\t\tSeImpersonatePrivilege\r\n\t\t\tSeDelegateSessionUserImpersonatePrivilege')
2025-10-08 18:23:02,638 - WARNING - Critical Event Log: ID 4672 - ('S-1-5-18', 'SYSTEM', 'NT AUTHORITY', '0x3e7', 'SeAssignPrimaryTokenPrivilege\r\n\t\t\tSeTcbPrivilege\r\n\t\t\tSeSecurityPrivilege\r\n\t\t\tSeTakeOwnershipPrivilege\r\n\t\t\tSeLoadDriverPrivilege\r\n\t\t\tSeBackupPrivilege\r\n\t\t\tSeRestorePrivilege\r\n\t\t\tSeDebugPrivilege\r\n\t\t\tSeAuditPrivilege\r\n\t\t\tSeSystemEnvironmentPrivilege\r\n\t\t\tSeImpersonatePrivilege\r\n\t\t\tSeDelegateSessionUserImpersonatePrivilege')
2025-10-08 18:23:02,638 - WARNING - Critical Event Log: ID 4624 - ('S-1-5-18', 'DESKTOP-F7BOMCG$', 'WORKGROUP', '0x3e7', 'S-1-5-18', 'SYSTEM', 'NT AUTHORITY', '0x3e7', '5', 'Advapi  ', 'Negotiate', '-', '{00000000-0000-0000-0000-000000000000}', '-', '-', '0', '0x464', 'C:\\Windows\\System32\\services.exe', '-', '-', '%%1833', '-', '-', '-', '-', '%%1843', '0x0', '%%1842')
2025-10-08 18:23:02,638 - WARNING - Critical Event Log: ID 4672 - ('S-1-5-18', 'SYSTEM', 'NT AUTHORITY', '0x3e7', 'SeAssignPrimaryTokenPrivilege\r\n\t\t\tSeTcbPrivilege\r\n\t\t\tSeSecurityPrivilege\r\n\t\t\tSeTakeOwnershipPrivilege\r\n\t\t\tSeLoadDriverPrivilege\r\n\t\t\tSeBackupPrivilege\r\n\t\t\tSeRestorePrivilege\r\n\t\t\tSeDebugPrivilege\r\n\t\t\tSeAuditPrivilege\r\n\t\t\tSeSystemEnvironmentPrivilege\r\n\t\t\tSeImpersonatePrivilege\r\n\t\t\tSeDelegateSessionUserImpersonatePrivilege')
2025-10-08 18:23:02,638 - WARNING - Critical Event Log: ID 4624 - ('S-1-5-18', 'DESKTOP-F7BOMCG$', 'WORKGROUP', '0x3e7', 'S-1-5-18', 'SYSTEM', 'NT AUTHORITY', '0x3e7', '5', 'Advapi  ', 'Negotiate', '-', '{00000000-0000-0000-0000-000000000000}', '-', '-', '0', '0x464', 'C:\\Windows\\System32\\services.exe', '-', '-', '%%1833', '-', '-', '-', '-', '%%1843', '0x0', '%%1842')
2025-10-08 18:23:02,638 - WARNING - Critical Event Log: ID 4672 - ('S-1-5-18', 'SYSTEM', 'NT AUTHORITY', '0x3e7', 'SeAssignPrimaryTokenPrivilege\r\n\t\t\tSeTcbPrivilege\r\n\t\t\tSeSecurityPrivilege\r\n\t\t\tSeTakeOwnershipPrivilege\r\n\t\t\tSeLoadDriverPrivilege\r\n\t\t\tSeBackupPrivilege\r\n\t\t\tSeRestorePrivilege\r\n\t\t\tSeDebugPrivilege\r\n\t\t\tSeAuditPrivilege\r\n\t\t\tSeSystemEnvironmentPrivilege\r\n\t\t\tSeImpersonatePrivilege\r\n\t\t\tSeDelegateSessionUserImpersonatePrivilege')
2025-10-08 18:23:12,642 - ERROR - Event log monitoring error: (6, 'ReadEventLog', 'The handle is invalid.')
2025-10-08 18:23:22,644 - WARNING - Critical Event Log: ID 4672 - ('S-1-5-18', 'SYSTEM', 'NT AUTHORITY', '0x3e7', 'SeAssignPrimaryTokenPrivilege\r\n\t\t\tSeTcbPrivilege\r\n\t\t\tSeSecurityPrivilege\r\n\t\t\tSeTakeOwnershipPrivilege\r\n\t\t\tSeLoadDriverPrivilege\r\n\t\t\tSeBackupPrivilege\r\n\t\t\tSeRestorePrivilege\r\n\t\t\tSeDebugPrivilege\r\n\t\t\tSeAuditPrivilege\r\n\t\t\tSeSystemEnvironmentPrivilege\r\n\t\t\tSeImpersonatePrivilege\r\n\t\t\tSeDelegateSessionUserImpersonatePrivilege')
2025-10-08 18:23:22,644 - WARNING - Critical Event Log: ID 4624 - ('S-1-5-18', 'DESKTOP-F7BOMCG$', 'WORKGROUP', '0x3e7', 'S-1-5-18', 'SYSTEM', 'NT AUTHORITY', '0x3e7', '5', 'Advapi  ', 'Negotiate', '-', '{00000000-0000-0000-0000-000000000000}', '-', '-', '0', '0x464', 'C:\\Windows\\System32\\services.exe', '-', '-', '%%1833', '-', '-', '-', '-', '%%1843', '0x0', '%%1842')
2025-10-08 18:23:22,644 - WARNING - Critical Event Log: ID 4672 - ('S-1-5-18', 'SYSTEM', 'NT AUTHORITY', '0x3e7', 'SeAssignPrimaryTokenPrivilege\r\n\t\t\tSeTcbPrivilege\r\n\t\t\tSeSecurityPrivilege\r\n\t\t\tSeTakeOwnershipPrivilege\r\n\t\t\tSeLoadDriverPrivilege\r\n\t\t\tSeBackupPrivilege\r\n\t\t\tSeRestorePrivilege\r\n\t\t\tSeDebugPrivilege\r\n\t\t\tSeAuditPrivilege\r\n\t\t\tSeSystemEnvironmentPrivilege\r\n\t\t\tSeImpersonatePrivilege\r\n\t\t\tSeDelegateSessionUserImpersonatePrivilege')
2025-10-08 18:23:22,644 - WARNING - Critical Event Log: ID 4624 - ('S-1-5-18', 'DESKTOP-F7BOMCG$', 'WORKGROUP', '0x3e7', 'S-1-5-18', 'SYSTEM', 'NT AUTHORITY', '0x3e7', '5', 'Advapi  ', 'Negotiate', '-', '{00000000-0000-0000-0000-000000000000}', '-', '-', '0', '0x464', 'C:\\Windows\\System32\\services.exe', '-', '-', '%%1833', '-', '-', '-', '-', '%%1843', '0x0', '%%1842')
2025-10-08 18:23:22,644 - WARNING - Critical Event Log: ID 4672 - ('S-1-5-18', 'SYSTEM', 'NT AUTHORITY', '0x3e7', 'SeAssignPrimaryTokenPrivilege\r\n\t\t\tSeTcbPrivilege\r\n\t\t\tSeSecurityPrivilege\r\n\t\t\tSeTakeOwnershipPrivilege\r\n\t\t\tSeLoadDriverPrivilege\r\n\t\t\tSeBackupPrivilege\r\n\t\t\tSeRestorePrivilege\r\n\t\t\tSeDebugPrivilege\r\n\t\t\tSeAuditPrivilege\r\n\t\t\tSeSystemEnvironmentPrivilege\r\n\t\t\tSeImpersonatePrivilege\r\n\t\t\tSeDelegateSessionUserImpersonatePrivilege')
2025-10-08 18:23:32,647 - WARNING - Critical Event Log: ID 4672 - ('S-1-5-18', 'SYSTEM', 'NT AUTHORITY', '0x3e7', 'SeAssignPrimaryTokenPrivilege\r\n\t\t\tSeTcbPrivilege\r\n\t\t\tSeSecurityPrivilege\r\n\t\t\tSeTakeOwnershipPrivilege\r\n\t\t\tSeLoadDriverPrivilege\r\n\t\t\tSeBackupPrivilege\r\n\t\t\tSeRestorePrivilege\r\n\t\t\tSeDebugPrivilege\r\n\t\t\tSeAuditPrivilege\r\n\t\t\tSeSystemEnvironmentPrivilege\r\n\t\t\tSeImpersonatePrivilege\r\n\t\t\tSeDelegateSessionUserImpersonatePrivilege')
2025-10-08 18:23:32,647 - WARNING - Critical Event Log: ID 4624 - ('S-1-5-18', 'DESKTOP-F7BOMCG$', 'WORKGROUP', '0x3e7', 'S-1-5-18', 'SYSTEM', 'NT AUTHORITY', '0x3e7', '5', 'Advapi  ', 'Negotiate', '-', '{00000000-0000-0000-0000-000000000000}', '-', '-', '0', '0x464', 'C:\\Windows\\System32\\services.exe', '-', '-', '%%1833', '-', '-', '-', '-', '%%1843', '0x0', '%%1842')
2025-10-08 18:23:32,647 - WARNING - Critical Event Log: ID 4672 - ('S-1-5-18', 'SYSTEM', 'NT AUTHORITY', '0x3e7', 'SeAssignPrimaryTokenPrivilege\r\n\t\t\tSeTcbPrivilege\r\n\t\t\tSeSecurityPrivilege\r\n\t\t\tSeTakeOwnershipPrivilege\r\n\t\t\tSeLoadDriverPrivilege\r\n\t\t\tSeBackupPrivilege\r\n\t\t\tSeRestorePrivilege\r\n\t\t\tSeDebugPrivilege\r\n\t\t\tSeAuditPrivilege\r\n\t\t\tSeSystemEnvironmentPrivilege\r\n\t\t\tSeImpersonatePrivilege\r\n\t\t\tSeDelegateSessionUserImpersonatePrivilege')
2025-10-08 18:23:32,647 - WARNING - Critical Event Log: ID 4624 - ('S-1-5-18', 'DESKTOP-F7BOMCG$', 'WORKGROUP', '0x3e7', 'S-1-5-18', 'SYSTEM', 'NT AUTHORITY', '0x3e7', '5', 'Advapi  ', 'Negotiate', '-', '{00000000-0000-0000-0000-000000000000}', '-', '-', '0', '0x464', 'C:\\Windows\\System32\\services.exe', '-', '-', '%%1833', '-', '-', '-', '-', '%%1843', '0x0', '%%1842')
2025-10-08 18:23:32,647 - WARNING - Critical Event Log: ID 4672 - ('S-1-5-18', 'SYSTEM', 'NT AUTHORITY', '0x3e7', 'SeAssignPrimaryTokenPrivilege\r\n\t\t\tSeTcbPrivilege\r\n\t\t\tSeSecurityPrivilege\r\n\t\t\tSeTakeOwnershipPrivilege\r\n\t\t\tSeLoadDriverPrivilege\r\n\t\t\tSeBackupPrivilege\r\n\t\t\tSeRestorePrivilege\r\n\t\t\tSeDebugPrivilege\r\n\t\t\tSeAuditPrivilege\r\n\t\t\tSeSystemEnvironmentPrivilege\r\n\t\t\tSeImpersonatePrivilege\r\n\t\t\tSeDelegateSessionUserImpersonatePrivilege')
2025-10-08 18:23:42,651 - ERROR - Event log monitoring error: (6, 'ReadEventLog', 'The handle is invalid.')
2025-10-08 18:23:52,653 - WARNING - Critical Event Log: ID 4672 - ('S-1-5-18', 'SYSTEM', 'NT AUTHORITY', '0x3e7', 'SeAssignPrimaryTokenPrivilege\r\n\t\t\tSeTcbPrivilege\r\n\t\t\tSeSecurityPrivilege\r\n\t\t\tSeTakeOwnershipPrivilege\r\n\t\t\tSeLoadDriverPrivilege\r\n\t\t\tSeBackupPrivilege\r\n\t\t\tSeRestorePrivilege\r\n\t\t\tSeDebugPrivilege\r\n\t\t\tSeAuditPrivilege\r\n\t\t\tSeSystemEnvironmentPrivilege\r\n\t\t\tSeImpersonatePrivilege\r\n\t\t\tSeDelegateSessionUserImpersonatePrivilege')
2025-10-08 18:23:52,653 - WARNING - Critical Event Log: ID 4624 - ('S-1-5-18', 'DESKTOP-F7BOMCG$', 'WORKGROUP', '0x3e7', 'S-1-5-18', 'SYSTEM', 'NT AUTHORITY', '0x3e7', '5', 'Advapi  ', 'Negotiate', '-', '{00000000-0000-0000-0000-000000000000}', '-', '-', '0', '0x464', 'C:\\Windows\\System32\\services.exe', '-', '-', '%%1833', '-', '-', '-', '-', '%%1843', '0x0', '%%1842')
2025-10-08 18:23:52,653 - WARNING - Critical Event Log: ID 4672 - ('S-1-5-18', 'SYSTEM', 'NT AUTHORITY', '0x3e7', 'SeAssignPrimaryTokenPrivilege\r\n\t\t\tSeTcbPrivilege\r\n\t\t\tSeSecurityPrivilege\r\n\t\t\tSeTakeOwnershipPrivilege\r\n\t\t\tSeLoadDriverPrivilege\r\n\t\t\tSeBackupPrivilege\r\n\t\t\tSeRestorePrivilege\r\n\t\t\tSeDebugPrivilege\r\n\t\t\tSeAuditPrivilege\r\n\t\t\tSeSystemEnvironmentPrivilege\r\n\t\t\tSeImpersonatePrivilege\r\n\t\t\tSeDelegateSessionUserImpersonatePrivilege')
2025-10-08 18:23:52,653 - WARNING - Critical Event Log: ID 4624 - ('S-1-5-18', 'DESKTOP-F7BOMCG$', 'WORKGROUP', '0x3e7', 'S-1-5-18', 'SYSTEM', 'NT AUTHORITY', '0x3e7', '5', 'Advapi  ', 'Negotiate', '-', '{00000000-0000-0000-0000-000000000000}', '-', '-', '0', '0x464', 'C:\\Windows\\System32\\services.exe', '-', '-', '%%1833', '-', '-', '-', '-', '%%1843', '0x0', '%%1842')
2025-10-08 18:23:52,653 - WARNING - Critical Event Log: ID 4672 - ('S-1-5-18', 'SYSTEM', 'NT AUTHORITY', '0x3e7', 'SeAssignPrimaryTokenPrivilege\r\n\t\t\tSeTcbPrivilege\r\n\t\t\tSeSecurityPrivilege\r\n\t\t\tSeTakeOwnershipPrivilege\r\n\t\t\tSeLoadDriverPrivilege\r\n\t\t\tSeBackupPrivilege\r\n\t\t\tSeRestorePrivilege\r\n\t\t\tSeDebugPrivilege\r\n\t\t\tSeAuditPrivilege\r\n\t\t\tSeSystemEnvironmentPrivilege\r\n\t\t\tSeImpersonatePrivilege\r\n\t\t\tSeDelegateSessionUserImpersonatePrivilege')
2025-10-08 18:24:02,657 - WARNING - Critical Event Log: ID 4672 - ('S-1-5-18', 'SYSTEM', 'NT AUTHORITY', '0x3e7', 'SeAssignPrimaryTokenPrivilege\r\n\t\t\tSeTcbPrivilege\r\n\t\t\tSeSecurityPrivilege\r\n\t\t\tSeTakeOwnershipPrivilege\r\n\t\t\tSeLoadDriverPrivilege\r\n\t\t\tSeBackupPrivilege\r\n\t\t\tSeRestorePrivilege\r\n\t\t\tSeDebugPrivilege\r\n\t\t\tSeAuditPrivilege\r\n\t\t\tSeSystemEnvironmentPrivilege\r\n\t\t\tSeImpersonatePrivilege\r\n\t\t\tSeDelegateSessionUserImpersonatePrivilege')
2025-10-08 18:24:02,657 - WARNING - Critical Event Log: ID 4624 - ('S-1-5-18', 'DESKTOP-F7BOMCG$', 'WORKGROUP', '0x3e7', 'S-1-5-18', 'SYSTEM', 'NT AUTHORITY', '0x3e7', '5', 'Advapi  ', 'Negotiate', '-', '{00000000-0000-0000-0000-000000000000}', '-', '-', '0', '0x464', 'C:\\Windows\\System32\\services.exe', '-', '-', '%%1833', '-', '-', '-', '-', '%%1843', '0x0', '%%1842')
2025-10-08 18:24:02,657 - WARNING - Critical Event Log: ID 4672 - ('S-1-5-18', 'SYSTEM', 'NT AUTHORITY', '0x3e7', 'SeAssignPrimaryTokenPrivilege\r\n\t\t\tSeTcbPrivilege\r\n\t\t\tSeSecurityPrivilege\r\n\t\t\tSeTakeOwnershipPrivilege\r\n\t\t\tSeLoadDriverPrivilege\r\n\t\t\tSeBackupPrivilege\r\n\t\t\tSeRestorePrivilege\r\n\t\t\tSeDebugPrivilege\r\n\t\t\tSeAuditPrivilege\r\n\t\t\tSeSystemEnvironmentPrivilege\r\n\t\t\tSeImpersonatePrivilege\r\n\t\t\tSeDelegateSessionUserImpersonatePrivilege')
2025-10-08 18:24:02,657 - WARNING - Critical Event Log: ID 4624 - ('S-1-5-18', 'DESKTOP-F7BOMCG$', 'WORKGROUP', '0x3e7', 'S-1-5-18', 'SYSTEM', 'NT AUTHORITY', '0x3e7', '5', 'Advapi  ', 'Negotiate', '-', '{00000000-0000-0000-0000-000000000000}', '-', '-', '0', '0x464', 'C:\\Windows\\System32\\services.exe', '-', '-', '%%1833', '-', '-', '-', '-', '%%1843', '0x0', '%%1842')
2025-10-08 18:24:02,657 - WARNING - Critical Event Log: ID 4672 - ('S-1-5-18', 'SYSTEM', 'NT AUTHORITY', '0x3e7', 'SeAssignPrimaryTokenPrivilege\r\n\t\t\tSeTcbPrivilege\r\n\t\t\tSeSecurityPrivilege\r\n\t\t\tSeTakeOwnershipPrivilege\r\n\t\t\tSeLoadDriverPrivilege\r\n\t\t\tSeBackupPrivilege\r\n\t\t\tSeRestorePrivilege\r\n\t\t\tSeDebugPrivilege\r\n\t\t\tSeAuditPrivilege\r\n\t\t\tSeSystemEnvironmentPrivilege\r\n\t\t\tSeImpersonatePrivilege\r\n\t\t\tSeDelegateSessionUserImpersonatePrivilege')
2025-10-08 18:24:09,273 - CRITICAL - File modified: C:\Windows\System32\winevt\Logs\Application.evtx
2025-10-08 18:24:12,661 - WARNING - Critical Event Log: ID 4672 - ('S-1-5-18', 'SYSTEM', 'NT AUTHORITY', '0x3e7', 'SeAssignPrimaryTokenPrivilege\r\n\t\t\tSeTcbPrivilege\r\n\t\t\tSeSecurityPrivilege\r\n\t\t\tSeTakeOwnershipPrivilege\r\n\t\t\tSeLoadDriverPrivilege\r\n\t\t\tSeBackupPrivilege\r\n\t\t\tSeRestorePrivilege\r\n\t\t\tSeDebugPrivilege\r\n\t\t\tSeAuditPrivilege\r\n\t\t\tSeSystemEnvironmentPrivilege\r\n\t\t\tSeImpersonatePrivilege\r\n\t\t\tSeDelegateSessionUserImpersonatePrivilege')
2025-10-08 18:24:12,661 - WARNING - Critical Event Log: ID 4624 - ('S-1-5-18', 'DESKTOP-F7BOMCG$', 'WORKGROUP', '0x3e7', 'S-1-5-18', 'SYSTEM', 'NT AUTHORITY', '0x3e7', '5', 'Advapi  ', 'Negotiate', '-', '{00000000-0000-0000-0000-000000000000}', '-', '-', '0', '0x464', 'C:\\Windows\\System32\\services.exe', '-', '-', '%%1833', '-', '-', '-', '-', '%%1843', '0x0', '%%1842')
2025-10-08 18:24:12,661 - WARNING - Critical Event Log: ID 4672 - ('S-1-5-18', 'SYSTEM', 'NT AUTHORITY', '0x3e7', 'SeAssignPrimaryTokenPrivilege\r\n\t\t\tSeTcbPrivilege\r\n\t\t\tSeSecurityPrivilege\r\n\t\t\tSeTakeOwnershipPrivilege\r\n\t\t\tSeLoadDriverPrivilege\r\n\t\t\tSeBackupPrivilege\r\n\t\t\tSeRestorePrivilege\r\n\t\t\tSeDebugPrivilege\r\n\t\t\tSeAuditPrivilege\r\n\t\t\tSeSystemEnvironmentPrivilege\r\n\t\t\tSeImpersonatePrivilege\r\n\t\t\tSeDelegateSessionUserImpersonatePrivilege')
2025-10-08 18:24:12,661 - WARNING - Critical Event Log: ID 4624 - ('S-1-5-18', 'DESKTOP-F7BOMCG$', 'WORKGROUP', '0x3e7', 'S-1-5-18', 'SYSTEM', 'NT AUTHORITY', '0x3e7', '5', 'Advapi  ', 'Negotiate', '-', '{00000000-0000-0000-0000-000000000000}', '-', '-', '0', '0x464', 'C:\\Windows\\System32\\services.exe', '-', '-', '%%1833', '-', '-', '-', '-', '%%1843', '0x0', '%%1842')
2025-10-08 18:24:12,661 - WARNING - Critical Event Log: ID 4672 - ('S-1-5-18', 'SYSTEM', 'NT AUTHORITY', '0x3e7', 'SeAssignPrimaryTokenPrivilege\r\n\t\t\tSeTcbPrivilege\r\n\t\t\tSeSecurityPrivilege\r\n\t\t\tSeTakeOwnershipPrivilege\r\n\t\t\tSeLoadDriverPrivilege\r\n\t\t\tSeBackupPrivilege\r\n\t\t\tSeRestorePrivilege\r\n\t\t\tSeDebugPrivilege\r\n\t\t\tSeAuditPrivilege\r\n\t\t\tSeSystemEnvironmentPrivilege\r\n\t\t\tSeImpersonatePrivilege\r\n\t\t\tSeDelegateSessionUserImpersonatePrivilege')
2025-10-08 18:24:22,665 - WARNING - Critical Event Log: ID 4672 - ('S-1-5-18', 'SYSTEM', 'NT AUTHORITY', '0x3e7', 'SeAssignPrimaryTokenPrivilege\r\n\t\t\tSeTcbPrivilege\r\n\t\t\tSeSecurityPrivilege\r\n\t\t\tSeTakeOwnershipPrivilege\r\n\t\t\tSeLoadDriverPrivilege\r\n\t\t\tSeBackupPrivilege\r\n\t\t\tSeRestorePrivilege\r\n\t\t\tSeDebugPrivilege\r\n\t\t\tSeAuditPrivilege\r\n\t\t\tSeSystemEnvironmentPrivilege\r\n\t\t\tSeImpersonatePrivilege\r\n\t\t\tSeDelegateSessionUserImpersonatePrivilege')
2025-10-08 18:24:22,665 - WARNING - Critical Event Log: ID 4624 - ('S-1-5-18', 'DESKTOP-F7BOMCG$', 'WORKGROUP', '0x3e7', 'S-1-5-18', 'SYSTEM', 'NT AUTHORITY', '0x3e7', '5', 'Advapi  ', 'Negotiate', '-', '{00000000-0000-0000-0000-000000000000}', '-', '-', '0', '0x464', 'C:\\Windows\\System32\\services.exe', '-', '-', '%%1833', '-', '-', '-', '-', '%%1843', '0x0', '%%1842')
2025-10-08 18:24:22,665 - WARNING - Critical Event Log: ID 4672 - ('S-1-5-18', 'SYSTEM', 'NT AUTHORITY', '0x3e7', 'SeAssignPrimaryTokenPrivilege\r\n\t\t\tSeTcbPrivilege\r\n\t\t\tSeSecurityPrivilege\r\n\t\t\tSeTakeOwnershipPrivilege\r\n\t\t\tSeLoadDriverPrivilege\r\n\t\t\tSeBackupPrivilege\r\n\t\t\tSeRestorePrivilege\r\n\t\t\tSeDebugPrivilege\r\n\t\t\tSeAuditPrivilege\r\n\t\t\tSeSystemEnvironmentPrivilege\r\n\t\t\tSeImpersonatePrivilege\r\n\t\t\tSeDelegateSessionUserImpersonatePrivilege')
2025-10-08 18:24:22,665 - WARNING - Critical Event Log: ID 4624 - ('S-1-5-18', 'DESKTOP-F7BOMCG$', 'WORKGROUP', '0x3e7', 'S-1-5-18', 'SYSTEM', 'NT AUTHORITY', '0x3e7', '5', 'Advapi  ', 'Negotiate', '-', '{00000000-0000-0000-0000-000000000000}', '-', '-', '0', '0x464', 'C:\\Windows\\System32\\services.exe', '-', '-', '%%1833', '-', '-', '-', '-', '%%1843', '0x0', '%%1842')
2025-10-08 18:24:22,665 - WARNING - Critical Event Log: ID 4672 - ('S-1-5-18', 'SYSTEM', 'NT AUTHORITY', '0x3e7', 'SeAssignPrimaryTokenPrivilege\r\n\t\t\tSeTcbPrivilege\r\n\t\t\tSeSecurityPrivilege\r\n\t\t\tSeTakeOwnershipPrivilege\r\n\t\t\tSeLoadDriverPrivilege\r\n\t\t\tSeBackupPrivilege\r\n\t\t\tSeRestorePrivilege\r\n\t\t\tSeDebugPrivilege\r\n\t\t\tSeAuditPrivilege\r\n\t\t\tSeSystemEnvironmentPrivilege\r\n\t\t\tSeImpersonatePrivilege\r\n\t\t\tSeDelegateSessionUserImpersonatePrivilege')
2025-10-08 18:24:32,670 - WARNING - Critical Event Log: ID 4672 - ('S-1-5-18', 'SYSTEM', 'NT AUTHORITY', '0x3e7', 'SeAssignPrimaryTokenPrivilege\r\n\t\t\tSeTcbPrivilege\r\n\t\t\tSeSecurityPrivilege\r\n\t\t\tSeTakeOwnershipPrivilege\r\n\t\t\tSeLoadDriverPrivilege\r\n\t\t\tSeBackupPrivilege\r\n\t\t\tSeRestorePrivilege\r\n\t\t\tSeDebugPrivilege\r\n\t\t\tSeAuditPrivilege\r\n\t\t\tSeSystemEnvironmentPrivilege\r\n\t\t\tSeImpersonatePrivilege\r\n\t\t\tSeDelegateSessionUserImpersonatePrivilege')
2025-10-08 18:24:32,670 - WARNING - Critical Event Log: ID 4624 - ('S-1-5-18', 'DESKTOP-F7BOMCG$', 'WORKGROUP', '0x3e7', 'S-1-5-18', 'SYSTEM', 'NT AUTHORITY', '0x3e7', '5', 'Advapi  ', 'Negotiate', '-', '{00000000-0000-0000-0000-000000000000}', '-', '-', '0', '0x464', 'C:\\Windows\\System32\\services.exe', '-', '-', '%%1833', '-', '-', '-', '-', '%%1843', '0x0', '%%1842')
2025-10-08 18:24:32,670 - WARNING - Critical Event Log: ID 4672 - ('S-1-5-18', 'SYSTEM', 'NT AUTHORITY', '0x3e7', 'SeAssignPrimaryTokenPrivilege\r\n\t\t\tSeTcbPrivilege\r\n\t\t\tSeSecurityPrivilege\r\n\t\t\tSeTakeOwnershipPrivilege\r\n\t\t\tSeLoadDriverPrivilege\r\n\t\t\tSeBackupPrivilege\r\n\t\t\tSeRestorePrivilege\r\n\t\t\tSeDebugPrivilege\r\n\t\t\tSeAuditPrivilege\r\n\t\t\tSeSystemEnvironmentPrivilege\r\n\t\t\tSeImpersonatePrivilege\r\n\t\t\tSeDelegateSessionUserImpersonatePrivilege')
2025-10-08 18:24:32,670 - WARNING - Critical Event Log: ID 4624 - ('S-1-5-18', 'DESKTOP-F7BOMCG$', 'WORKGROUP', '0x3e7', 'S-1-5-18', 'SYSTEM', 'NT AUTHORITY', '0x3e7', '5', 'Advapi  ', 'Negotiate', '-', '{00000000-0000-0000-0000-000000000000}', '-', '-', '0', '0x464', 'C:\\Windows\\System32\\services.exe', '-', '-', '%%1833', '-', '-', '-', '-', '%%1843', '0x0', '%%1842')
2025-10-08 18:24:32,670 - WARNING - Critical Event Log: ID 4672 - ('S-1-5-18', 'SYSTEM', 'NT AUTHORITY', '0x3e7', 'SeAssignPrimaryTokenPrivilege\r\n\t\t\tSeTcbPrivilege\r\n\t\t\tSeSecurityPrivilege\r\n\t\t\tSeTakeOwnershipPrivilege\r\n\t\t\tSeLoadDriverPrivilege\r\n\t\t\tSeBackupPrivilege\r\n\t\t\tSeRestorePrivilege\r\n\t\t\tSeDebugPrivilege\r\n\t\t\tSeAuditPrivilege\r\n\t\t\tSeSystemEnvironmentPrivilege\r\n\t\t\tSeImpersonatePrivilege\r\n\t\t\tSeDelegateSessionUserImpersonatePrivilege')
2025-10-08 18:24:42,675 - WARNING - Critical Event Log: ID 4672 - ('S-1-5-18', 'SYSTEM', 'NT AUTHORITY', '0x3e7', 'SeAssignPrimaryTokenPrivilege\r\n\t\t\tSeTcbPrivilege\r\n\t\t\tSeSecurityPrivilege\r\n\t\t\tSeTakeOwnershipPrivilege\r\n\t\t\tSeLoadDriverPrivilege\r\n\t\t\tSeBackupPrivilege\r\n\t\t\tSeRestorePrivilege\r\n\t\t\tSeDebugPrivilege\r\n\t\t\tSeAuditPrivilege\r\n\t\t\tSeSystemEnvironmentPrivilege\r\n\t\t\tSeImpersonatePrivilege\r\n\t\t\tSeDelegateSessionUserImpersonatePrivilege')
2025-10-08 18:24:42,675 - WARNING - Critical Event Log: ID 4624 - ('S-1-5-18', 'DESKTOP-F7BOMCG$', 'WORKGROUP', '0x3e7', 'S-1-5-18', 'SYSTEM', 'NT AUTHORITY', '0x3e7', '5', 'Advapi  ', 'Negotiate', '-', '{00000000-0000-0000-0000-000000000000}', '-', '-', '0', '0x464', 'C:\\Windows\\System32\\services.exe', '-', '-', '%%1833', '-', '-', '-', '-', '%%1843', '0x0', '%%1842')
2025-10-08 18:24:42,675 - WARNING - Critical Event Log: ID 4672 - ('S-1-5-18', 'SYSTEM', 'NT AUTHORITY', '0x3e7', 'SeAssignPrimaryTokenPrivilege\r\n\t\t\tSeTcbPrivilege\r\n\t\t\tSeSecurityPrivilege\r\n\t\t\tSeTakeOwnershipPrivilege\r\n\t\t\tSeLoadDriverPrivilege\r\n\t\t\tSeBackupPrivilege\r\n\t\t\tSeRestorePrivilege\r\n\t\t\tSeDebugPrivilege\r\n\t\t\tSeAuditPrivilege\r\n\t\t\tSeSystemEnvironmentPrivilege\r\n\t\t\tSeImpersonatePrivilege\r\n\t\t\tSeDelegateSessionUserImpersonatePrivilege')
2025-10-08 18:24:42,675 - WARNING - Critical Event Log: ID 4624 - ('S-1-5-18', 'DESKTOP-F7BOMCG$', 'WORKGROUP', '0x3e7', 'S-1-5-18', 'SYSTEM', 'NT AUTHORITY', '0x3e7', '5', 'Advapi  ', 'Negotiate', '-', '{00000000-0000-0000-0000-000000000000}', '-', '-', '0', '0x464', 'C:\\Windows\\System32\\services.exe', '-', '-', '%%1833', '-', '-', '-', '-', '%%1843', '0x0', '%%1842')
2025-10-08 18:24:42,675 - WARNING - Critical Event Log: ID 4672 - ('S-1-5-18', 'SYSTEM', 'NT AUTHORITY', '0x3e7', 'SeAssignPrimaryTokenPrivilege\r\n\t\t\tSeTcbPrivilege\r\n\t\t\tSeSecurityPrivilege\r\n\t\t\tSeTakeOwnershipPrivilege\r\n\t\t\tSeLoadDriverPrivilege\r\n\t\t\tSeBackupPrivilege\r\n\t\t\tSeRestorePrivilege\r\n\t\t\tSeDebugPrivilege\r\n\t\t\tSeAuditPrivilege\r\n\t\t\tSeSystemEnvironmentPrivilege\r\n\t\t\tSeImpersonatePrivilege\r\n\t\t\tSeDelegateSessionUserImpersonatePrivilege')
2025-10-08 18:24:52,679 - WARNING - Critical Event Log: ID 4672 - ('S-1-5-18', 'SYSTEM', 'NT AUTHORITY', '0x3e7', 'SeAssignPrimaryTokenPrivilege\r\n\t\t\tSeTcbPrivilege\r\n\t\t\tSeSecurityPrivilege\r\n\t\t\tSeTakeOwnershipPrivilege\r\n\t\t\tSeLoadDriverPrivilege\r\n\t\t\tSeBackupPrivilege\r\n\t\t\tSeRestorePrivilege\r\n\t\t\tSeDebugPrivilege\r\n\t\t\tSeAuditPrivilege\r\n\t\t\tSeSystemEnvironmentPrivilege\r\n\t\t\tSeImpersonatePrivilege\r\n\t\t\tSeDelegateSessionUserImpersonatePrivilege')
2025-10-08 18:24:52,679 - WARNING - Critical Event Log: ID 4624 - ('S-1-5-18', 'DESKTOP-F7BOMCG$', 'WORKGROUP', '0x3e7', 'S-1-5-18', 'SYSTEM', 'NT AUTHORITY', '0x3e7', '5', 'Advapi  ', 'Negotiate', '-', '{00000000-0000-0000-0000-000000000000}', '-', '-', '0', '0x464', 'C:\\Windows\\System32\\services.exe', '-', '-', '%%1833', '-', '-', '-', '-', '%%1843', '0x0', '%%1842')
2025-10-08 18:24:52,679 - WARNING - Critical Event Log: ID 4672 - ('S-1-5-18', 'SYSTEM', 'NT AUTHORITY', '0x3e7', 'SeAssignPrimaryTokenPrivilege\r\n\t\t\tSeTcbPrivilege\r\n\t\t\tSeSecurityPrivilege\r\n\t\t\tSeTakeOwnershipPrivilege\r\n\t\t\tSeLoadDriverPrivilege\r\n\t\t\tSeBackupPrivilege\r\n\t\t\tSeRestorePrivilege\r\n\t\t\tSeDebugPrivilege\r\n\t\t\tSeAuditPrivilege\r\n\t\t\tSeSystemEnvironmentPrivilege\r\n\t\t\tSeImpersonatePrivilege\r\n\t\t\tSeDelegateSessionUserImpersonatePrivilege')
2025-10-08 18:24:52,679 - WARNING - Critical Event Log: ID 4624 - ('S-1-5-18', 'DESKTOP-F7BOMCG$', 'WORKGROUP', '0x3e7', 'S-1-5-18', 'SYSTEM', 'NT AUTHORITY', '0x3e7', '5', 'Advapi  ', 'Negotiate', '-', '{00000000-0000-0000-0000-000000000000}', '-', '-', '0', '0x464', 'C:\\Windows\\System32\\services.exe', '-', '-', '%%1833', '-', '-', '-', '-', '%%1843', '0x0', '%%1842')
2025-10-08 18:24:52,679 - WARNING - Critical Event Log: ID 4672 - ('S-1-5-18', 'SYSTEM', 'NT AUTHORITY', '0x3e7', 'SeAssignPrimaryTokenPrivilege\r\n\t\t\tSeTcbPrivilege\r\n\t\t\tSeSecurityPrivilege\r\n\t\t\tSeTakeOwnershipPrivilege\r\n\t\t\tSeLoadDriverPrivilege\r\n\t\t\tSeBackupPrivilege\r\n\t\t\tSeRestorePrivilege\r\n\t\t\tSeDebugPrivilege\r\n\t\t\tSeAuditPrivilege\r\n\t\t\tSeSystemEnvironmentPrivilege\r\n\t\t\tSeImpersonatePrivilege\r\n\t\t\tSeDelegateSessionUserImpersonatePrivilege')
2025-10-08 18:25:02,683 - WARNING - Critical Event Log: ID 4672 - ('S-1-5-18', 'SYSTEM', 'NT AUTHORITY', '0x3e7', 'SeAssignPrimaryTokenPrivilege\r\n\t\t\tSeTcbPrivilege\r\n\t\t\tSeSecurityPrivilege\r\n\t\t\tSeTakeOwnershipPrivilege\r\n\t\t\tSeLoadDriverPrivilege\r\n\t\t\tSeBackupPrivilege\r\n\t\t\tSeRestorePrivilege\r\n\t\t\tSeDebugPrivilege\r\n\t\t\tSeAuditPrivilege\r\n\t\t\tSeSystemEnvironmentPrivilege\r\n\t\t\tSeImpersonatePrivilege\r\n\t\t\tSeDelegateSessionUserImpersonatePrivilege')
2025-10-08 18:25:02,683 - WARNING - Critical Event Log: ID 4624 - ('S-1-5-18', 'DESKTOP-F7BOMCG$', 'WORKGROUP', '0x3e7', 'S-1-5-18', 'SYSTEM', 'NT AUTHORITY', '0x3e7', '5', 'Advapi  ', 'Negotiate', '-', '{00000000-0000-0000-0000-000000000000}', '-', '-', '0', '0x464', 'C:\\Windows\\System32\\services.exe', '-', '-', '%%1833', '-', '-', '-', '-', '%%1843', '0x0', '%%1842')
2025-10-08 18:25:02,683 - WARNING - Critical Event Log: ID 4672 - ('S-1-5-18', 'SYSTEM', 'NT AUTHORITY', '0x3e7', 'SeAssignPrimaryTokenPrivilege\r\n\t\t\tSeTcbPrivilege\r\n\t\t\tSeSecurityPrivilege\r\n\t\t\tSeTakeOwnershipPrivilege\r\n\t\t\tSeLoadDriverPrivilege\r\n\t\t\tSeBackupPrivilege\r\n\t\t\tSeRestorePrivilege\r\n\t\t\tSeDebugPrivilege\r\n\t\t\tSeAuditPrivilege\r\n\t\t\tSeSystemEnvironmentPrivilege\r\n\t\t\tSeImpersonatePrivilege\r\n\t\t\tSeDelegateSessionUserImpersonatePrivilege')
2025-10-08 18:25:02,683 - WARNING - Critical Event Log: ID 4624 - ('S-1-5-18', 'DESKTOP-F7BOMCG$', 'WORKGROUP', '0x3e7', 'S-1-5-18', 'SYSTEM', 'NT AUTHORITY', '0x3e7', '5', 'Advapi  ', 'Negotiate', '-', '{00000000-0000-0000-0000-000000000000}', '-', '-', '0', '0x464', 'C:\\Windows\\System32\\services.exe', '-', '-', '%%1833', '-', '-', '-', '-', '%%1843', '0x0', '%%1842')
2025-10-08 18:25:02,683 - WARNING - Critical Event Log: ID 4672 - ('S-1-5-18', 'SYSTEM', 'NT AUTHORITY', '0x3e7', 'SeAssignPrimaryTokenPrivilege\r\n\t\t\tSeTcbPrivilege\r\n\t\t\tSeSecurityPrivilege\r\n\t\t\tSeTakeOwnershipPrivilege\r\n\t\t\tSeLoadDriverPrivilege\r\n\t\t\tSeBackupPrivilege\r\n\t\t\tSeRestorePrivilege\r\n\t\t\tSeDebugPrivilege\r\n\t\t\tSeAuditPrivilege\r\n\t\t\tSeSystemEnvironmentPrivilege\r\n\t\t\tSeImpersonatePrivilege\r\n\t\t\tSeDelegateSessionUserImpersonatePrivilege')
2025-10-08 18:25:12,687 - WARNING - Critical Event Log: ID 4672 - ('S-1-5-18', 'SYSTEM', 'NT AUTHORITY', '0x3e7', 'SeAssignPrimaryTokenPrivilege\r\n\t\t\tSeTcbPrivilege\r\n\t\t\tSeSecurityPrivilege\r\n\t\t\tSeTakeOwnershipPrivilege\r\n\t\t\tSeLoadDriverPrivilege\r\n\t\t\tSeBackupPrivilege\r\n\t\t\tSeRestorePrivilege\r\n\t\t\tSeDebugPrivilege\r\n\t\t\tSeAuditPrivilege\r\n\t\t\tSeSystemEnvironmentPrivilege\r\n\t\t\tSeImpersonatePrivilege\r\n\t\t\tSeDelegateSessionUserImpersonatePrivilege')
2025-10-08 18:25:12,687 - WARNING - Critical Event Log: ID 4624 - ('S-1-5-18', 'DESKTOP-F7BOMCG$', 'WORKGROUP', '0x3e7', 'S-1-5-18', 'SYSTEM', 'NT AUTHORITY', '0x3e7', '5', 'Advapi  ', 'Negotiate', '-', '{00000000-0000-0000-0000-000000000000}', '-', '-', '0', '0x464', 'C:\\Windows\\System32\\services.exe', '-', '-', '%%1833', '-', '-', '-', '-', '%%1843', '0x0', '%%1842')
2025-10-08 18:25:12,687 - WARNING - Critical Event Log: ID 4672 - ('S-1-5-18', 'SYSTEM', 'NT AUTHORITY', '0x3e7', 'SeAssignPrimaryTokenPrivilege\r\n\t\t\tSeTcbPrivilege\r\n\t\t\tSeSecurityPrivilege\r\n\t\t\tSeTakeOwnershipPrivilege\r\n\t\t\tSeLoadDriverPrivilege\r\n\t\t\tSeBackupPrivilege\r\n\t\t\tSeRestorePrivilege\r\n\t\t\tSeDebugPrivilege\r\n\t\t\tSeAuditPrivilege\r\n\t\t\tSeSystemEnvironmentPrivilege\r\n\t\t\tSeImpersonatePrivilege\r\n\t\t\tSeDelegateSessionUserImpersonatePrivilege')
2025-10-08 18:25:12,687 - WARNING - Critical Event Log: ID 4624 - ('S-1-5-18', 'DESKTOP-F7BOMCG$', 'WORKGROUP', '0x3e7', 'S-1-5-18', 'SYSTEM', 'NT AUTHORITY', '0x3e7', '5', 'Advapi  ', 'Negotiate', '-', '{00000000-0000-0000-0000-000000000000}', '-', '-', '0', '0x464', 'C:\\Windows\\System32\\services.exe', '-', '-', '%%1833', '-', '-', '-', '-', '%%1843', '0x0', '%%1842')
2025-10-08 18:25:12,687 - WARNING - Critical Event Log: ID 4672 - ('S-1-5-18', 'SYSTEM', 'NT AUTHORITY', '0x3e7', 'SeAssignPrimaryTokenPrivilege\r\n\t\t\tSeTcbPrivilege\r\n\t\t\tSeSecurityPrivilege\r\n\t\t\tSeTakeOwnershipPrivilege\r\n\t\t\tSeLoadDriverPrivilege\r\n\t\t\tSeBackupPrivilege\r\n\t\t\tSeRestorePrivilege\r\n\t\t\tSeDebugPrivilege\r\n\t\t\tSeAuditPrivilege\r\n\t\t\tSeSystemEnvironmentPrivilege\r\n\t\t\tSeImpersonatePrivilege\r\n\t\t\tSeDelegateSessionUserImpersonatePrivilege')
2025-10-08 18:25:22,691 - WARNING - Critical Event Log: ID 4672 - ('S-1-5-18', 'SYSTEM', 'NT AUTHORITY', '0x3e7', 'SeAssignPrimaryTokenPrivilege\r\n\t\t\tSeTcbPrivilege\r\n\t\t\tSeSecurityPrivilege\r\n\t\t\tSeTakeOwnershipPrivilege\r\n\t\t\tSeLoadDriverPrivilege\r\n\t\t\tSeBackupPrivilege\r\n\t\t\tSeRestorePrivilege\r\n\t\t\tSeDebugPrivilege\r\n\t\t\tSeAuditPrivilege\r\n\t\t\tSeSystemEnvironmentPrivilege\r\n\t\t\tSeImpersonatePrivilege\r\n\t\t\tSeDelegateSessionUserImpersonatePrivilege')
2025-10-08 18:25:22,691 - WARNING - Critical Event Log: ID 4624 - ('S-1-5-18', 'DESKTOP-F7BOMCG$', 'WORKGROUP', '0x3e7', 'S-1-5-18', 'SYSTEM', 'NT AUTHORITY', '0x3e7', '5', 'Advapi  ', 'Negotiate', '-', '{00000000-0000-0000-0000-000000000000}', '-', '-', '0', '0x464', 'C:\\Windows\\System32\\services.exe', '-', '-', '%%1833', '-', '-', '-', '-', '%%1843', '0x0', '%%1842')
2025-10-08 18:25:22,691 - WARNING - Critical Event Log: ID 4672 - ('S-1-5-18', 'SYSTEM', 'NT AUTHORITY', '0x3e7', 'SeAssignPrimaryTokenPrivilege\r\n\t\t\tSeTcbPrivilege\r\n\t\t\tSeSecurityPrivilege\r\n\t\t\tSeTakeOwnershipPrivilege\r\n\t\t\tSeLoadDriverPrivilege\r\n\t\t\tSeBackupPrivilege\r\n\t\t\tSeRestorePrivilege\r\n\t\t\tSeDebugPrivilege\r\n\t\t\tSeAuditPrivilege\r\n\t\t\tSeSystemEnvironmentPrivilege\r\n\t\t\tSeImpersonatePrivilege\r\n\t\t\tSeDelegateSessionUserImpersonatePrivilege')
2025-10-08 18:25:22,691 - WARNING - Critical Event Log: ID 4624 - ('S-1-5-18', 'DESKTOP-F7BOMCG$', 'WORKGROUP', '0x3e7', 'S-1-5-18', 'SYSTEM', 'NT AUTHORITY', '0x3e7', '5', 'Advapi  ', 'Negotiate', '-', '{00000000-0000-0000-0000-000000000000}', '-', '-', '0', '0x464', 'C:\\Windows\\System32\\services.exe', '-', '-', '%%1833', '-', '-', '-', '-', '%%1843', '0x0', '%%1842')
2025-10-08 18:25:22,691 - WARNING - Critical Event Log: ID 4672 - ('S-1-5-18', 'SYSTEM', 'NT AUTHORITY', '0x3e7', 'SeAssignPrimaryTokenPrivilege\r\n\t\t\tSeTcbPrivilege\r\n\t\t\tSeSecurityPrivilege\r\n\t\t\tSeTakeOwnershipPrivilege\r\n\t\t\tSeLoadDriverPrivilege\r\n\t\t\tSeBackupPrivilege\r\n\t\t\tSeRestorePrivilege\r\n\t\t\tSeDebugPrivilege\r\n\t\t\tSeAuditPrivilege\r\n\t\t\tSeSystemEnvironmentPrivilege\r\n\t\t\tSeImpersonatePrivilege\r\n\t\t\tSeDelegateSessionUserImpersonatePrivilege')
2025-10-08 18:25:28,053 - CRITICAL - File modified: C:\Windows\System32\winevt\Logs\Microsoft-Windows-Kernel-EventTracing%4Admin.evtx
2025-10-08 18:25:32,695 - WARNING - Critical Event Log: ID 4672 - ('S-1-5-18', 'SYSTEM', 'NT AUTHORITY', '0x3e7', 'SeAssignPrimaryTokenPrivilege\r\n\t\t\tSeTcbPrivilege\r\n\t\t\tSeSecurityPrivilege\r\n\t\t\tSeTakeOwnershipPrivilege\r\n\t\t\tSeLoadDriverPrivilege\r\n\t\t\tSeBackupPrivilege\r\n\t\t\tSeRestorePrivilege\r\n\t\t\tSeDebugPrivilege\r\n\t\t\tSeAuditPrivilege\r\n\t\t\tSeSystemEnvironmentPrivilege\r\n\t\t\tSeImpersonatePrivilege\r\n\t\t\tSeDelegateSessionUserImpersonatePrivilege')
2025-10-08 18:25:32,695 - WARNING - Critical Event Log: ID 4624 - ('S-1-5-18', 'DESKTOP-F7BOMCG$', 'WORKGROUP', '0x3e7', 'S-1-5-18', 'SYSTEM', 'NT AUTHORITY', '0x3e7', '5', 'Advapi  ', 'Negotiate', '-', '{00000000-0000-0000-0000-000000000000}', '-', '-', '0', '0x464', 'C:\\Windows\\System32\\services.exe', '-', '-', '%%1833', '-', '-', '-', '-', '%%1843', '0x0', '%%1842')
2025-10-08 18:25:32,695 - WARNING - Critical Event Log: ID 4672 - ('S-1-5-18', 'SYSTEM', 'NT AUTHORITY', '0x3e7', 'SeAssignPrimaryTokenPrivilege\r\n\t\t\tSeTcbPrivilege\r\n\t\t\tSeSecurityPrivilege\r\n\t\t\tSeTakeOwnershipPrivilege\r\n\t\t\tSeLoadDriverPrivilege\r\n\t\t\tSeBackupPrivilege\r\n\t\t\tSeRestorePrivilege\r\n\t\t\tSeDebugPrivilege\r\n\t\t\tSeAuditPrivilege\r\n\t\t\tSeSystemEnvironmentPrivilege\r\n\t\t\tSeImpersonatePrivilege\r\n\t\t\tSeDelegateSessionUserImpersonatePrivilege')
2025-10-08 18:25:32,695 - WARNING - Critical Event Log: ID 4624 - ('S-1-5-18', 'DESKTOP-F7BOMCG$', 'WORKGROUP', '0x3e7', 'S-1-5-18', 'SYSTEM', 'NT AUTHORITY', '0x3e7', '5', 'Advapi  ', 'Negotiate', '-', '{00000000-0000-0000-0000-000000000000}', '-', '-', '0', '0x464', 'C:\\Windows\\System32\\services.exe', '-', '-', '%%1833', '-', '-', '-', '-', '%%1843', '0x0', '%%1842')
2025-10-08 18:25:32,695 - WARNING - Critical Event Log: ID 4672 - ('S-1-5-18', 'SYSTEM', 'NT AUTHORITY', '0x3e7', 'SeAssignPrimaryTokenPrivilege\r\n\t\t\tSeTcbPrivilege\r\n\t\t\tSeSecurityPrivilege\r\n\t\t\tSeTakeOwnershipPrivilege\r\n\t\t\tSeLoadDriverPrivilege\r\n\t\t\tSeBackupPrivilege\r\n\t\t\tSeRestorePrivilege\r\n\t\t\tSeDebugPrivilege\r\n\t\t\tSeAuditPrivilege\r\n\t\t\tSeSystemEnvironmentPrivilege\r\n\t\t\tSeImpersonatePrivilege\r\n\t\t\tSeDelegateSessionUserImpersonatePrivilege')
2025-10-08 18:25:42,699 - WARNING - Critical Event Log: ID 4672 - ('S-1-5-18', 'SYSTEM', 'NT AUTHORITY', '0x3e7', 'SeAssignPrimaryTokenPrivilege\r\n\t\t\tSeTcbPrivilege\r\n\t\t\tSeSecurityPrivilege\r\n\t\t\tSeTakeOwnershipPrivilege\r\n\t\t\tSeLoadDriverPrivilege\r\n\t\t\tSeBackupPrivilege\r\n\t\t\tSeRestorePrivilege\r\n\t\t\tSeDebugPrivilege\r\n\t\t\tSeAuditPrivilege\r\n\t\t\tSeSystemEnvironmentPrivilege\r\n\t\t\tSeImpersonatePrivilege\r\n\t\t\tSeDelegateSessionUserImpersonatePrivilege')
2025-10-08 18:25:42,699 - WARNING - Critical Event Log: ID 4624 - ('S-1-5-18', 'DESKTOP-F7BOMCG$', 'WORKGROUP', '0x3e7', 'S-1-5-18', 'SYSTEM', 'NT AUTHORITY', '0x3e7', '5', 'Advapi  ', 'Negotiate', '-', '{00000000-0000-0000-0000-000000000000}', '-', '-', '0', '0x464', 'C:\\Windows\\System32\\services.exe', '-', '-', '%%1833', '-', '-', '-', '-', '%%1843', '0x0', '%%1842')
2025-10-08 18:25:42,699 - WARNING - Critical Event Log: ID 4672 - ('S-1-5-18', 'SYSTEM', 'NT AUTHORITY', '0x3e7', 'SeAssignPrimaryTokenPrivilege\r\n\t\t\tSeTcbPrivilege\r\n\t\t\tSeSecurityPrivilege\r\n\t\t\tSeTakeOwnershipPrivilege\r\n\t\t\tSeLoadDriverPrivilege\r\n\t\t\tSeBackupPrivilege\r\n\t\t\tSeRestorePrivilege\r\n\t\t\tSeDebugPrivilege\r\n\t\t\tSeAuditPrivilege\r\n\t\t\tSeSystemEnvironmentPrivilege\r\n\t\t\tSeImpersonatePrivilege\r\n\t\t\tSeDelegateSessionUserImpersonatePrivilege')
2025-10-08 18:25:42,699 - WARNING - Critical Event Log: ID 4624 - ('S-1-5-18', 'DESKTOP-F7BOMCG$', 'WORKGROUP', '0x3e7', 'S-1-5-18', 'SYSTEM', 'NT AUTHORITY', '0x3e7', '5', 'Advapi  ', 'Negotiate', '-', '{00000000-0000-0000-0000-000000000000}', '-', '-', '0', '0x464', 'C:\\Windows\\System32\\services.exe', '-', '-', '%%1833', '-', '-', '-', '-', '%%1843', '0x0', '%%1842')
2025-10-08 18:25:42,699 - WARNING - Critical Event Log: ID 4672 - ('S-1-5-18', 'SYSTEM', 'NT AUTHORITY', '0x3e7', 'SeAssignPrimaryTokenPrivilege\r\n\t\t\tSeTcbPrivilege\r\n\t\t\tSeSecurityPrivilege\r\n\t\t\tSeTakeOwnershipPrivilege\r\n\t\t\tSeLoadDriverPrivilege\r\n\t\t\tSeBackupPrivilege\r\n\t\t\tSeRestorePrivilege\r\n\t\t\tSeDebugPrivilege\r\n\t\t\tSeAuditPrivilege\r\n\t\t\tSeSystemEnvironmentPrivilege\r\n\t\t\tSeImpersonatePrivilege\r\n\t\t\tSeDelegateSessionUserImpersonatePrivilege')
2025-10-08 18:25:52,704 - ERROR - Event log monitoring error: (6, 'ReadEventLog', 'The handle is invalid.')
2025-10-08 18:26:02,705 - WARNING - Critical Event Log: ID 4672 - ('S-1-5-18', 'SYSTEM', 'NT AUTHORITY', '0x3e7', 'SeAssignPrimaryTokenPrivilege\r\n\t\t\tSeTcbPrivilege\r\n\t\t\tSeSecurityPrivilege\r\n\t\t\tSeTakeOwnershipPrivilege\r\n\t\t\tSeLoadDriverPrivilege\r\n\t\t\tSeBackupPrivilege\r\n\t\t\tSeRestorePrivilege\r\n\t\t\tSeDebugPrivilege\r\n\t\t\tSeAuditPrivilege\r\n\t\t\tSeSystemEnvironmentPrivilege\r\n\t\t\tSeImpersonatePrivilege\r\n\t\t\tSeDelegateSessionUserImpersonatePrivilege')
2025-10-08 18:26:02,705 - WARNING - Critical Event Log: ID 4624 - ('S-1-5-18', 'DESKTOP-F7BOMCG$', 'WORKGROUP', '0x3e7', 'S-1-5-18', 'SYSTEM', 'NT AUTHORITY', '0x3e7', '5', 'Advapi  ', 'Negotiate', '-', '{00000000-0000-0000-0000-000000000000}', '-', '-', '0', '0x464', 'C:\\Windows\\System32\\services.exe', '-', '-', '%%1833', '-', '-', '-', '-', '%%1843', '0x0', '%%1842')
2025-10-08 18:26:02,705 - WARNING - Critical Event Log: ID 4672 - ('S-1-5-18', 'SYSTEM', 'NT AUTHORITY', '0x3e7', 'SeAssignPrimaryTokenPrivilege\r\n\t\t\tSeTcbPrivilege\r\n\t\t\tSeSecurityPrivilege\r\n\t\t\tSeTakeOwnershipPrivilege\r\n\t\t\tSeLoadDriverPrivilege\r\n\t\t\tSeBackupPrivilege\r\n\t\t\tSeRestorePrivilege\r\n\t\t\tSeDebugPrivilege\r\n\t\t\tSeAuditPrivilege\r\n\t\t\tSeSystemEnvironmentPrivilege\r\n\t\t\tSeImpersonatePrivilege\r\n\t\t\tSeDelegateSessionUserImpersonatePrivilege')
2025-10-08 18:26:02,705 - WARNING - Critical Event Log: ID 4624 - ('S-1-5-18', 'DESKTOP-F7BOMCG$', 'WORKGROUP', '0x3e7', 'S-1-5-18', 'SYSTEM', 'NT AUTHORITY', '0x3e7', '5', 'Advapi  ', 'Negotiate', '-', '{00000000-0000-0000-0000-000000000000}', '-', '-', '0', '0x464', 'C:\\Windows\\System32\\services.exe', '-', '-', '%%1833', '-', '-', '-', '-', '%%1843', '0x0', '%%1842')
2025-10-08 18:26:02,705 - WARNING - Critical Event Log: ID 4672 - ('S-1-5-18', 'SYSTEM', 'NT AUTHORITY', '0x3e7', 'SeAssignPrimaryTokenPrivilege\r\n\t\t\tSeTcbPrivilege\r\n\t\t\tSeSecurityPrivilege\r\n\t\t\tSeTakeOwnershipPrivilege\r\n\t\t\tSeLoadDriverPrivilege\r\n\t\t\tSeBackupPrivilege\r\n\t\t\tSeRestorePrivilege\r\n\t\t\tSeDebugPrivilege\r\n\t\t\tSeAuditPrivilege\r\n\t\t\tSeSystemEnvironmentPrivilege\r\n\t\t\tSeImpersonatePrivilege\r\n\t\t\tSeDelegateSessionUserImpersonatePrivilege')
2025-10-08 18:26:12,708 - WARNING - Critical Event Log: ID 4672 - ('S-1-5-18', 'SYSTEM', 'NT AUTHORITY', '0x3e7', 'SeAssignPrimaryTokenPrivilege\r\n\t\t\tSeTcbPrivilege\r\n\t\t\tSeSecurityPrivilege\r\n\t\t\tSeTakeOwnershipPrivilege\r\n\t\t\tSeLoadDriverPrivilege\r\n\t\t\tSeBackupPrivilege\r\n\t\t\tSeRestorePrivilege\r\n\t\t\tSeDebugPrivilege\r\n\t\t\tSeAuditPrivilege\r\n\t\t\tSeSystemEnvironmentPrivilege\r\n\t\t\tSeImpersonatePrivilege\r\n\t\t\tSeDelegateSessionUserImpersonatePrivilege')
2025-10-08 18:26:12,708 - WARNING - Critical Event Log: ID 4624 - ('S-1-5-18', 'DESKTOP-F7BOMCG$', 'WORKGROUP', '0x3e7', 'S-1-5-18', 'SYSTEM', 'NT AUTHORITY', '0x3e7', '5', 'Advapi  ', 'Negotiate', '-', '{00000000-0000-0000-0000-000000000000}', '-', '-', '0', '0x464', 'C:\\Windows\\System32\\services.exe', '-', '-', '%%1833', '-', '-', '-', '-', '%%1843', '0x0', '%%1842')
2025-10-08 18:26:12,708 - WARNING - Critical Event Log: ID 4672 - ('S-1-5-18', 'SYSTEM', 'NT AUTHORITY', '0x3e7', 'SeAssignPrimaryTokenPrivilege\r\n\t\t\tSeTcbPrivilege\r\n\t\t\tSeSecurityPrivilege\r\n\t\t\tSeTakeOwnershipPrivilege\r\n\t\t\tSeLoadDriverPrivilege\r\n\t\t\tSeBackupPrivilege\r\n\t\t\tSeRestorePrivilege\r\n\t\t\tSeDebugPrivilege\r\n\t\t\tSeAuditPrivilege\r\n\t\t\tSeSystemEnvironmentPrivilege\r\n\t\t\tSeImpersonatePrivilege\r\n\t\t\tSeDelegateSessionUserImpersonatePrivilege')
2025-10-08 18:26:12,708 - WARNING - Critical Event Log: ID 4624 - ('S-1-5-18', 'DESKTOP-F7BOMCG$', 'WORKGROUP', '0x3e7', 'S-1-5-18', 'SYSTEM', 'NT AUTHORITY', '0x3e7', '5', 'Advapi  ', 'Negotiate', '-', '{00000000-0000-0000-0000-000000000000}', '-', '-', '0', '0x464', 'C:\\Windows\\System32\\services.exe', '-', '-', '%%1833', '-', '-', '-', '-', '%%1843', '0x0', '%%1842')
2025-10-08 18:26:12,708 - WARNING - Critical Event Log: ID 4672 - ('S-1-5-18', 'SYSTEM', 'NT AUTHORITY', '0x3e7', 'SeAssignPrimaryTokenPrivilege\r\n\t\t\tSeTcbPrivilege\r\n\t\t\tSeSecurityPrivilege\r\n\t\t\tSeTakeOwnershipPrivilege\r\n\t\t\tSeLoadDriverPrivilege\r\n\t\t\tSeBackupPrivilege\r\n\t\t\tSeRestorePrivilege\r\n\t\t\tSeDebugPrivilege\r\n\t\t\tSeAuditPrivilege\r\n\t\t\tSeSystemEnvironmentPrivilege\r\n\t\t\tSeImpersonatePrivilege\r\n\t\t\tSeDelegateSessionUserImpersonatePrivilege')
2025-10-08 18:26:22,712 - WARNING - Critical Event Log: ID 4672 - ('S-1-5-18', 'SYSTEM', 'NT AUTHORITY', '0x3e7', 'SeAssignPrimaryTokenPrivilege\r\n\t\t\tSeTcbPrivilege\r\n\t\t\tSeSecurityPrivilege\r\n\t\t\tSeTakeOwnershipPrivilege\r\n\t\t\tSeLoadDriverPrivilege\r\n\t\t\tSeBackupPrivilege\r\n\t\t\tSeRestorePrivilege\r\n\t\t\tSeDebugPrivilege\r\n\t\t\tSeAuditPrivilege\r\n\t\t\tSeSystemEnvironmentPrivilege\r\n\t\t\tSeImpersonatePrivilege\r\n\t\t\tSeDelegateSessionUserImpersonatePrivilege')
2025-10-08 18:26:22,712 - WARNING - Critical Event Log: ID 4624 - ('S-1-5-18', 'DESKTOP-F7BOMCG$', 'WORKGROUP', '0x3e7', 'S-1-5-18', 'SYSTEM', 'NT AUTHORITY', '0x3e7', '5', 'Advapi  ', 'Negotiate', '-', '{00000000-0000-0000-0000-000000000000}', '-', '-', '0', '0x464', 'C:\\Windows\\System32\\services.exe', '-', '-', '%%1833', '-', '-', '-', '-', '%%1843', '0x0', '%%1842')
2025-10-08 18:26:22,712 - WARNING - Critical Event Log: ID 4672 - ('S-1-5-18', 'SYSTEM', 'NT AUTHORITY', '0x3e7', 'SeAssignPrimaryTokenPrivilege\r\n\t\t\tSeTcbPrivilege\r\n\t\t\tSeSecurityPrivilege\r\n\t\t\tSeTakeOwnershipPrivilege\r\n\t\t\tSeLoadDriverPrivilege\r\n\t\t\tSeBackupPrivilege\r\n\t\t\tSeRestorePrivilege\r\n\t\t\tSeDebugPrivilege\r\n\t\t\tSeAuditPrivilege\r\n\t\t\tSeSystemEnvironmentPrivilege\r\n\t\t\tSeImpersonatePrivilege\r\n\t\t\tSeDelegateSessionUserImpersonatePrivilege')
2025-10-08 18:26:22,712 - WARNING - Critical Event Log: ID 4624 - ('S-1-5-18', 'DESKTOP-F7BOMCG$', 'WORKGROUP', '0x3e7', 'S-1-5-18', 'SYSTEM', 'NT AUTHORITY', '0x3e7', '5', 'Advapi  ', 'Negotiate', '-', '{00000000-0000-0000-0000-000000000000}', '-', '-', '0', '0x464', 'C:\\Windows\\System32\\services.exe', '-', '-', '%%1833', '-', '-', '-', '-', '%%1843', '0x0', '%%1842')
2025-10-08 18:26:22,712 - WARNING - Critical Event Log: ID 4672 - ('S-1-5-18', 'SYSTEM', 'NT AUTHORITY', '0x3e7', 'SeAssignPrimaryTokenPrivilege\r\n\t\t\tSeTcbPrivilege\r\n\t\t\tSeSecurityPrivilege\r\n\t\t\tSeTakeOwnershipPrivilege\r\n\t\t\tSeLoadDriverPrivilege\r\n\t\t\tSeBackupPrivilege\r\n\t\t\tSeRestorePrivilege\r\n\t\t\tSeDebugPrivilege\r\n\t\t\tSeAuditPrivilege\r\n\t\t\tSeSystemEnvironmentPrivilege\r\n\t\t\tSeImpersonatePrivilege\r\n\t\t\tSeDelegateSessionUserImpersonatePrivilege')
2025-10-08 18:26:32,716 - WARNING - Critical Event Log: ID 4672 - ('S-1-5-18', 'SYSTEM', 'NT AUTHORITY', '0x3e7', 'SeAssignPrimaryTokenPrivilege\r\n\t\t\tSeTcbPrivilege\r\n\t\t\tSeSecurityPrivilege\r\n\t\t\tSeTakeOwnershipPrivilege\r\n\t\t\tSeLoadDriverPrivilege\r\n\t\t\tSeBackupPrivilege\r\n\t\t\tSeRestorePrivilege\r\n\t\t\tSeDebugPrivilege\r\n\t\t\tSeAuditPrivilege\r\n\t\t\tSeSystemEnvironmentPrivilege\r\n\t\t\tSeImpersonatePrivilege\r\n\t\t\tSeDelegateSessionUserImpersonatePrivilege')
2025-10-08 18:26:32,716 - WARNING - Critical Event Log: ID 4624 - ('S-1-5-18', 'DESKTOP-F7BOMCG$', 'WORKGROUP', '0x3e7', 'S-1-5-18', 'SYSTEM', 'NT AUTHORITY', '0x3e7', '5', 'Advapi  ', 'Negotiate', '-', '{00000000-0000-0000-0000-000000000000}', '-', '-', '0', '0x464', 'C:\\Windows\\System32\\services.exe', '-', '-', '%%1833', '-', '-', '-', '-', '%%1843', '0x0', '%%1842')
2025-10-08 18:26:32,716 - WARNING - Critical Event Log: ID 4672 - ('S-1-5-18', 'SYSTEM', 'NT AUTHORITY', '0x3e7', 'SeAssignPrimaryTokenPrivilege\r\n\t\t\tSeTcbPrivilege\r\n\t\t\tSeSecurityPrivilege\r\n\t\t\tSeTakeOwnershipPrivilege\r\n\t\t\tSeLoadDriverPrivilege\r\n\t\t\tSeBackupPrivilege\r\n\t\t\tSeRestorePrivilege\r\n\t\t\tSeDebugPrivilege\r\n\t\t\tSeAuditPrivilege\r\n\t\t\tSeSystemEnvironmentPrivilege\r\n\t\t\tSeImpersonatePrivilege\r\n\t\t\tSeDelegateSessionUserImpersonatePrivilege')
2025-10-08 18:26:32,716 - WARNING - Critical Event Log: ID 4624 - ('S-1-5-18', 'DESKTOP-F7BOMCG$', 'WORKGROUP', '0x3e7', 'S-1-5-18', 'SYSTEM', 'NT AUTHORITY', '0x3e7', '5', 'Advapi  ', 'Negotiate', '-', '{00000000-0000-0000-0000-000000000000}', '-', '-', '0', '0x464', 'C:\\Windows\\System32\\services.exe', '-', '-', '%%1833', '-', '-', '-', '-', '%%1843', '0x0', '%%1842')
2025-10-08 18:26:32,716 - WARNING - Critical Event Log: ID 4672 - ('S-1-5-18', 'SYSTEM', 'NT AUTHORITY', '0x3e7', 'SeAssignPrimaryTokenPrivilege\r\n\t\t\tSeTcbPrivilege\r\n\t\t\tSeSecurityPrivilege\r\n\t\t\tSeTakeOwnershipPrivilege\r\n\t\t\tSeLoadDriverPrivilege\r\n\t\t\tSeBackupPrivilege\r\n\t\t\tSeRestorePrivilege\r\n\t\t\tSeDebugPrivilege\r\n\t\t\tSeAuditPrivilege\r\n\t\t\tSeSystemEnvironmentPrivilege\r\n\t\t\tSeImpersonatePrivilege\r\n\t\t\tSeDelegateSessionUserImpersonatePrivilege')
2025-10-08 18:26:39,303 - CRITICAL - File modified: C:\Windows\System32\winevt\Logs\Security.evtx
2025-10-08 18:26:40,003 - CRITICAL - File modified: C:\Windows\System32\winevt\Logs\Microsoft-Windows-GroupPolicy%4Operational.evtx
2025-10-08 18:26:42,720 - WARNING - Critical Event Log: ID 4672 - ('S-1-5-18', 'SYSTEM', 'NT AUTHORITY', '0x3e7', 'SeAssignPrimaryTokenPrivilege\r\n\t\t\tSeTcbPrivilege\r\n\t\t\tSeSecurityPrivilege\r\n\t\t\tSeTakeOwnershipPrivilege\r\n\t\t\tSeLoadDriverPrivilege\r\n\t\t\tSeBackupPrivilege\r\n\t\t\tSeRestorePrivilege\r\n\t\t\tSeDebugPrivilege\r\n\t\t\tSeAuditPrivilege\r\n\t\t\tSeSystemEnvironmentPrivilege\r\n\t\t\tSeImpersonatePrivilege\r\n\t\t\tSeDelegateSessionUserImpersonatePrivilege')
2025-10-08 18:26:42,720 - WARNING - Critical Event Log: ID 4624 - ('S-1-5-18', 'DESKTOP-F7BOMCG$', 'WORKGROUP', '0x3e7', 'S-1-5-18', 'SYSTEM', 'NT AUTHORITY', '0x3e7', '5', 'Advapi  ', 'Negotiate', '-', '{00000000-0000-0000-0000-000000000000}', '-', '-', '0', '0x464', 'C:\\Windows\\System32\\services.exe', '-', '-', '%%1833', '-', '-', '-', '-', '%%1843', '0x0', '%%1842')
2025-10-08 18:26:42,720 - WARNING - Critical Event Log: ID 4672 - ('S-1-5-18', 'SYSTEM', 'NT AUTHORITY', '0x3e7', 'SeAssignPrimaryTokenPrivilege\r\n\t\t\tSeTcbPrivilege\r\n\t\t\tSeSecurityPrivilege\r\n\t\t\tSeTakeOwnershipPrivilege\r\n\t\t\tSeLoadDriverPrivilege\r\n\t\t\tSeBackupPrivilege\r\n\t\t\tSeRestorePrivilege\r\n\t\t\tSeDebugPrivilege\r\n\t\t\tSeAuditPrivilege\r\n\t\t\tSeSystemEnvironmentPrivilege\r\n\t\t\tSeImpersonatePrivilege\r\n\t\t\tSeDelegateSessionUserImpersonatePrivilege')
2025-10-08 18:26:42,720 - WARNING - Critical Event Log: ID 4624 - ('S-1-5-18', 'DESKTOP-F7BOMCG$', 'WORKGROUP', '0x3e7', 'S-1-5-18', 'SYSTEM', 'NT AUTHORITY', '0x3e7', '5', 'Advapi  ', 'Negotiate', '-', '{00000000-0000-0000-0000-000000000000}', '-', '-', '0', '0x464', 'C:\\Windows\\System32\\services.exe', '-', '-', '%%1833', '-', '-', '-', '-', '%%1843', '0x0', '%%1842')
2025-10-08 18:26:42,723 - WARNING - Critical Event Log: ID 4672 - ('S-1-5-18', 'SYSTEM', 'NT AUTHORITY', '0x3e7', 'SeAssignPrimaryTokenPrivilege\r\n\t\t\tSeTcbPrivilege\r\n\t\t\tSeSecurityPrivilege\r\n\t\t\tSeTakeOwnershipPrivilege\r\n\t\t\tSeLoadDriverPrivilege\r\n\t\t\tSeBackupPrivilege\r\n\t\t\tSeRestorePrivilege\r\n\t\t\tSeDebugPrivilege\r\n\t\t\tSeAuditPrivilege\r\n\t\t\tSeSystemEnvironmentPrivilege\r\n\t\t\tSeImpersonatePrivilege\r\n\t\t\tSeDelegateSessionUserImpersonatePrivilege')
2025-10-08 18:26:49,187 - CRITICAL - File modified: C:\Windows\System32\winevt\Logs\Microsoft-Windows-WMI-Activity%4Operational.evtx
2025-10-08 18:26:52,724 - WARNING - Critical Event Log: ID 4672 - ('S-1-5-18', 'SYSTEM', 'NT AUTHORITY', '0x3e7', 'SeAssignPrimaryTokenPrivilege\r\n\t\t\tSeTcbPrivilege\r\n\t\t\tSeSecurityPrivilege\r\n\t\t\tSeTakeOwnershipPrivilege\r\n\t\t\tSeLoadDriverPrivilege\r\n\t\t\tSeBackupPrivilege\r\n\t\t\tSeRestorePrivilege\r\n\t\t\tSeDebugPrivilege\r\n\t\t\tSeAuditPrivilege\r\n\t\t\tSeSystemEnvironmentPrivilege\r\n\t\t\tSeImpersonatePrivilege\r\n\t\t\tSeDelegateSessionUserImpersonatePrivilege')
2025-10-08 18:26:52,724 - WARNING - Critical Event Log: ID 4624 - ('S-1-5-18', 'DESKTOP-F7BOMCG$', 'WORKGROUP', '0x3e7', 'S-1-5-18', 'SYSTEM', 'NT AUTHORITY', '0x3e7', '5', 'Advapi  ', 'Negotiate', '-', '{00000000-0000-0000-0000-000000000000}', '-', '-', '0', '0x464', 'C:\\Windows\\System32\\services.exe', '-', '-', '%%1833', '-', '-', '-', '-', '%%1843', '0x0', '%%1842')
2025-10-08 18:26:52,724 - WARNING - Critical Event Log: ID 4672 - ('S-1-5-18', 'SYSTEM', 'NT AUTHORITY', '0x3e7', 'SeAssignPrimaryTokenPrivilege\r\n\t\t\tSeTcbPrivilege\r\n\t\t\tSeSecurityPrivilege\r\n\t\t\tSeTakeOwnershipPrivilege\r\n\t\t\tSeLoadDriverPrivilege\r\n\t\t\tSeBackupPrivilege\r\n\t\t\tSeRestorePrivilege\r\n\t\t\tSeDebugPrivilege\r\n\t\t\tSeAuditPrivilege\r\n\t\t\tSeSystemEnvironmentPrivilege\r\n\t\t\tSeImpersonatePrivilege\r\n\t\t\tSeDelegateSessionUserImpersonatePrivilege')
2025-10-08 18:26:52,724 - WARNING - Critical Event Log: ID 4624 - ('S-1-5-18', 'DESKTOP-F7BOMCG$', 'WORKGROUP', '0x3e7', 'S-1-5-18', 'SYSTEM', 'NT AUTHORITY', '0x3e7', '5', 'Advapi  ', 'Negotiate', '-', '{00000000-0000-0000-0000-000000000000}', '-', '-', '0', '0x464', 'C:\\Windows\\System32\\services.exe', '-', '-', '%%1833', '-', '-', '-', '-', '%%1843', '0x0', '%%1842')
2025-10-08 18:26:52,724 - WARNING - Critical Event Log: ID 4672 - ('S-1-5-18', 'SYSTEM', 'NT AUTHORITY', '0x3e7', 'SeAssignPrimaryTokenPrivilege\r\n\t\t\tSeTcbPrivilege\r\n\t\t\tSeSecurityPrivilege\r\n\t\t\tSeTakeOwnershipPrivilege\r\n\t\t\tSeLoadDriverPrivilege\r\n\t\t\tSeBackupPrivilege\r\n\t\t\tSeRestorePrivilege\r\n\t\t\tSeDebugPrivilege\r\n\t\t\tSeAuditPrivilege\r\n\t\t\tSeSystemEnvironmentPrivilege\r\n\t\t\tSeImpersonatePrivilege\r\n\t\t\tSeDelegateSessionUserImpersonatePrivilege')
2025-10-08 18:27:02,728 - WARNING - Critical Event Log: ID 4672 - ('S-1-5-18', 'SYSTEM', 'NT AUTHORITY', '0x3e7', 'SeAssignPrimaryTokenPrivilege\r\n\t\t\tSeTcbPrivilege\r\n\t\t\tSeSecurityPrivilege\r\n\t\t\tSeTakeOwnershipPrivilege\r\n\t\t\tSeLoadDriverPrivilege\r\n\t\t\tSeBackupPrivilege\r\n\t\t\tSeRestorePrivilege\r\n\t\t\tSeDebugPrivilege\r\n\t\t\tSeAuditPrivilege\r\n\t\t\tSeSystemEnvironmentPrivilege\r\n\t\t\tSeImpersonatePrivilege\r\n\t\t\tSeDelegateSessionUserImpersonatePrivilege')
2025-10-08 18:27:02,728 - WARNING - Critical Event Log: ID 4624 - ('S-1-5-18', 'DESKTOP-F7BOMCG$', 'WORKGROUP', '0x3e7', 'S-1-5-18', 'SYSTEM', 'NT AUTHORITY', '0x3e7', '5', 'Advapi  ', 'Negotiate', '-', '{00000000-0000-0000-0000-000000000000}', '-', '-', '0', '0x464', 'C:\\Windows\\System32\\services.exe', '-', '-', '%%1833', '-', '-', '-', '-', '%%1843', '0x0', '%%1842')
2025-10-08 18:27:02,728 - WARNING - Critical Event Log: ID 4672 - ('S-1-5-18', 'SYSTEM', 'NT AUTHORITY', '0x3e7', 'SeAssignPrimaryTokenPrivilege\r\n\t\t\tSeTcbPrivilege\r\n\t\t\tSeSecurityPrivilege\r\n\t\t\tSeTakeOwnershipPrivilege\r\n\t\t\tSeLoadDriverPrivilege\r\n\t\t\tSeBackupPrivilege\r\n\t\t\tSeRestorePrivilege\r\n\t\t\tSeDebugPrivilege\r\n\t\t\tSeAuditPrivilege\r\n\t\t\tSeSystemEnvironmentPrivilege\r\n\t\t\tSeImpersonatePrivilege\r\n\t\t\tSeDelegateSessionUserImpersonatePrivilege')
2025-10-08 18:27:02,728 - WARNING - Critical Event Log: ID 4624 - ('S-1-5-18', 'DESKTOP-F7BOMCG$', 'WORKGROUP', '0x3e7', 'S-1-5-18', 'SYSTEM', 'NT AUTHORITY', '0x3e7', '5', 'Advapi  ', 'Negotiate', '-', '{00000000-0000-0000-0000-000000000000}', '-', '-', '0', '0x464', 'C:\\Windows\\System32\\services.exe', '-', '-', '%%1833', '-', '-', '-', '-', '%%1843', '0x0', '%%1842')
2025-10-08 18:27:02,728 - WARNING - Critical Event Log: ID 4672 - ('S-1-5-18', 'SYSTEM', 'NT AUTHORITY', '0x3e7', 'SeAssignPrimaryTokenPrivilege\r\n\t\t\tSeTcbPrivilege\r\n\t\t\tSeSecurityPrivilege\r\n\t\t\tSeTakeOwnershipPrivilege\r\n\t\t\tSeLoadDriverPrivilege\r\n\t\t\tSeBackupPrivilege\r\n\t\t\tSeRestorePrivilege\r\n\t\t\tSeDebugPrivilege\r\n\t\t\tSeAuditPrivilege\r\n\t\t\tSeSystemEnvironmentPrivilege\r\n\t\t\tSeImpersonatePrivilege\r\n\t\t\tSeDelegateSessionUserImpersonatePrivilege')
2025-10-08 18:27:12,733 - WARNING - Critical Event Log: ID 4672 - ('S-1-5-18', 'SYSTEM', 'NT AUTHORITY', '0x3e7', 'SeAssignPrimaryTokenPrivilege\r\n\t\t\tSeTcbPrivilege\r\n\t\t\tSeSecurityPrivilege\r\n\t\t\tSeTakeOwnershipPrivilege\r\n\t\t\tSeLoadDriverPrivilege\r\n\t\t\tSeBackupPrivilege\r\n\t\t\tSeRestorePrivilege\r\n\t\t\tSeDebugPrivilege\r\n\t\t\tSeAuditPrivilege\r\n\t\t\tSeSystemEnvironmentPrivilege\r\n\t\t\tSeImpersonatePrivilege\r\n\t\t\tSeDelegateSessionUserImpersonatePrivilege')
2025-10-08 18:27:12,733 - WARNING - Critical Event Log: ID 4624 - ('S-1-5-18', 'DESKTOP-F7BOMCG$', 'WORKGROUP', '0x3e7', 'S-1-5-18', 'SYSTEM', 'NT AUTHORITY', '0x3e7', '5', 'Advapi  ', 'Negotiate', '-', '{00000000-0000-0000-0000-000000000000}', '-', '-', '0', '0x464', 'C:\\Windows\\System32\\services.exe', '-', '-', '%%1833', '-', '-', '-', '-', '%%1843', '0x0', '%%1842')
2025-10-08 18:27:12,733 - WARNING - Critical Event Log: ID 4672 - ('S-1-5-18', 'SYSTEM', 'NT AUTHORITY', '0x3e7', 'SeAssignPrimaryTokenPrivilege\r\n\t\t\tSeTcbPrivilege\r\n\t\t\tSeSecurityPrivilege\r\n\t\t\tSeTakeOwnershipPrivilege\r\n\t\t\tSeLoadDriverPrivilege\r\n\t\t\tSeBackupPrivilege\r\n\t\t\tSeRestorePrivilege\r\n\t\t\tSeDebugPrivilege\r\n\t\t\tSeAuditPrivilege\r\n\t\t\tSeSystemEnvironmentPrivilege\r\n\t\t\tSeImpersonatePrivilege\r\n\t\t\tSeDelegateSessionUserImpersonatePrivilege')
2025-10-08 18:27:12,733 - WARNING - Critical Event Log: ID 4624 - ('S-1-5-18', 'DESKTOP-F7BOMCG$', 'WORKGROUP', '0x3e7', 'S-1-5-18', 'SYSTEM', 'NT AUTHORITY', '0x3e7', '5', 'Advapi  ', 'Negotiate', '-', '{00000000-0000-0000-0000-000000000000}', '-', '-', '0', '0x464', 'C:\\Windows\\System32\\services.exe', '-', '-', '%%1833', '-', '-', '-', '-', '%%1843', '0x0', '%%1842')
2025-10-08 18:27:12,733 - WARNING - Critical Event Log: ID 4672 - ('S-1-5-18', 'SYSTEM', 'NT AUTHORITY', '0x3e7', 'SeAssignPrimaryTokenPrivilege\r\n\t\t\tSeTcbPrivilege\r\n\t\t\tSeSecurityPrivilege\r\n\t\t\tSeTakeOwnershipPrivilege\r\n\t\t\tSeLoadDriverPrivilege\r\n\t\t\tSeBackupPrivilege\r\n\t\t\tSeRestorePrivilege\r\n\t\t\tSeDebugPrivilege\r\n\t\t\tSeAuditPrivilege\r\n\t\t\tSeSystemEnvironmentPrivilege\r\n\t\t\tSeImpersonatePrivilege\r\n\t\t\tSeDelegateSessionUserImpersonatePrivilege')
2025-10-08 18:27:14,117 - CRITICAL - File modified: C:\Windows\System32\winevt\Logs\Microsoft-Windows-Storage-Storport%4Operational.evtx
2025-10-08 18:27:22,737 - WARNING - Critical Event Log: ID 4672 - ('S-1-5-18', 'SYSTEM', 'NT AUTHORITY', '0x3e7', 'SeAssignPrimaryTokenPrivilege\r\n\t\t\tSeTcbPrivilege\r\n\t\t\tSeSecurityPrivilege\r\n\t\t\tSeTakeOwnershipPrivilege\r\n\t\t\tSeLoadDriverPrivilege\r\n\t\t\tSeBackupPrivilege\r\n\t\t\tSeRestorePrivilege\r\n\t\t\tSeDebugPrivilege\r\n\t\t\tSeAuditPrivilege\r\n\t\t\tSeSystemEnvironmentPrivilege\r\n\t\t\tSeImpersonatePrivilege\r\n\t\t\tSeDelegateSessionUserImpersonatePrivilege')
2025-10-08 18:27:22,737 - WARNING - Critical Event Log: ID 4624 - ('S-1-5-18', 'DESKTOP-F7BOMCG$', 'WORKGROUP', '0x3e7', 'S-1-5-18', 'SYSTEM', 'NT AUTHORITY', '0x3e7', '5', 'Advapi  ', 'Negotiate', '-', '{00000000-0000-0000-0000-000000000000}', '-', '-', '0', '0x464', 'C:\\Windows\\System32\\services.exe', '-', '-', '%%1833', '-', '-', '-', '-', '%%1843', '0x0', '%%1842')
2025-10-08 18:27:22,737 - WARNING - Critical Event Log: ID 4672 - ('S-1-5-18', 'SYSTEM', 'NT AUTHORITY', '0x3e7', 'SeAssignPrimaryTokenPrivilege\r\n\t\t\tSeTcbPrivilege\r\n\t\t\tSeSecurityPrivilege\r\n\t\t\tSeTakeOwnershipPrivilege\r\n\t\t\tSeLoadDriverPrivilege\r\n\t\t\tSeBackupPrivilege\r\n\t\t\tSeRestorePrivilege\r\n\t\t\tSeDebugPrivilege\r\n\t\t\tSeAuditPrivilege\r\n\t\t\tSeSystemEnvironmentPrivilege\r\n\t\t\tSeImpersonatePrivilege\r\n\t\t\tSeDelegateSessionUserImpersonatePrivilege')
2025-10-08 18:27:22,737 - WARNING - Critical Event Log: ID 4624 - ('S-1-5-18', 'DESKTOP-F7BOMCG$', 'WORKGROUP', '0x3e7', 'S-1-5-18', 'SYSTEM', 'NT AUTHORITY', '0x3e7', '5', 'Advapi  ', 'Negotiate', '-', '{00000000-0000-0000-0000-000000000000}', '-', '-', '0', '0x464', 'C:\\Windows\\System32\\services.exe', '-', '-', '%%1833', '-', '-', '-', '-', '%%1843', '0x0', '%%1842')
2025-10-08 18:27:22,737 - WARNING - Critical Event Log: ID 4672 - ('S-1-5-18', 'SYSTEM', 'NT AUTHORITY', '0x3e7', 'SeAssignPrimaryTokenPrivilege\r\n\t\t\tSeTcbPrivilege\r\n\t\t\tSeSecurityPrivilege\r\n\t\t\tSeTakeOwnershipPrivilege\r\n\t\t\tSeLoadDriverPrivilege\r\n\t\t\tSeBackupPrivilege\r\n\t\t\tSeRestorePrivilege\r\n\t\t\tSeDebugPrivilege\r\n\t\t\tSeAuditPrivilege\r\n\t\t\tSeSystemEnvironmentPrivilege\r\n\t\t\tSeImpersonatePrivilege\r\n\t\t\tSeDelegateSessionUserImpersonatePrivilege')
2025-10-08 18:27:32,741 - WARNING - Critical Event Log: ID 4672 - ('S-1-5-18', 'SYSTEM', 'NT AUTHORITY', '0x3e7', 'SeAssignPrimaryTokenPrivilege\r\n\t\t\tSeTcbPrivilege\r\n\t\t\tSeSecurityPrivilege\r\n\t\t\tSeTakeOwnershipPrivilege\r\n\t\t\tSeLoadDriverPrivilege\r\n\t\t\tSeBackupPrivilege\r\n\t\t\tSeRestorePrivilege\r\n\t\t\tSeDebugPrivilege\r\n\t\t\tSeAuditPrivilege\r\n\t\t\tSeSystemEnvironmentPrivilege\r\n\t\t\tSeImpersonatePrivilege\r\n\t\t\tSeDelegateSessionUserImpersonatePrivilege')
2025-10-08 18:27:32,741 - WARNING - Critical Event Log: ID 4624 - ('S-1-5-18', 'DESKTOP-F7BOMCG$', 'WORKGROUP', '0x3e7', 'S-1-5-18', 'SYSTEM', 'NT AUTHORITY', '0x3e7', '5', 'Advapi  ', 'Negotiate', '-', '{00000000-0000-0000-0000-000000000000}', '-', '-', '0', '0x464', 'C:\\Windows\\System32\\services.exe', '-', '-', '%%1833', '-', '-', '-', '-', '%%1843', '0x0', '%%1842')
2025-10-08 18:27:32,741 - WARNING - Critical Event Log: ID 4672 - ('S-1-5-18', 'SYSTEM', 'NT AUTHORITY', '0x3e7', 'SeAssignPrimaryTokenPrivilege\r\n\t\t\tSeTcbPrivilege\r\n\t\t\tSeSecurityPrivilege\r\n\t\t\tSeTakeOwnershipPrivilege\r\n\t\t\tSeLoadDriverPrivilege\r\n\t\t\tSeBackupPrivilege\r\n\t\t\tSeRestorePrivilege\r\n\t\t\tSeDebugPrivilege\r\n\t\t\tSeAuditPrivilege\r\n\t\t\tSeSystemEnvironmentPrivilege\r\n\t\t\tSeImpersonatePrivilege\r\n\t\t\tSeDelegateSessionUserImpersonatePrivilege')
2025-10-08 18:27:32,741 - WARNING - Critical Event Log: ID 4624 - ('S-1-5-18', 'DESKTOP-F7BOMCG$', 'WORKGROUP', '0x3e7', 'S-1-5-18', 'SYSTEM', 'NT AUTHORITY', '0x3e7', '5', 'Advapi  ', 'Negotiate', '-', '{00000000-0000-0000-0000-000000000000}', '-', '-', '0', '0x464', 'C:\\Windows\\System32\\services.exe', '-', '-', '%%1833', '-', '-', '-', '-', '%%1843', '0x0', '%%1842')
2025-10-08 18:27:32,741 - WARNING - Critical Event Log: ID 4672 - ('S-1-5-18', 'SYSTEM', 'NT AUTHORITY', '0x3e7', 'SeAssignPrimaryTokenPrivilege\r\n\t\t\tSeTcbPrivilege\r\n\t\t\tSeSecurityPrivilege\r\n\t\t\tSeTakeOwnershipPrivilege\r\n\t\t\tSeLoadDriverPrivilege\r\n\t\t\tSeBackupPrivilege\r\n\t\t\tSeRestorePrivilege\r\n\t\t\tSeDebugPrivilege\r\n\t\t\tSeAuditPrivilege\r\n\t\t\tSeSystemEnvironmentPrivilege\r\n\t\t\tSeImpersonatePrivilege\r\n\t\t\tSeDelegateSessionUserImpersonatePrivilege')
2025-10-08 18:27:42,745 - ERROR - Event log monitoring error: (6, 'ReadEventLog', 'The handle is invalid.')
2025-10-08 18:27:44,036 - CRITICAL - File modified: C:\Windows\System32\winevt\Logs\Microsoft-Windows-UniversalTelemetryClient%4Operational.evtx
2025-10-08 18:27:45,578 - CRITICAL - File modified: C:\Windows\System32\winevt\Logs\Security.evtx
2025-10-08 18:27:46,932 - CRITICAL - File modified: C:\Windows\System32\winevt\Logs\Microsoft-Windows-StateRepository%4Operational.evtx
2025-10-08 18:27:47,663 - CRITICAL - File modified: C:\Windows\System32\winevt\Logs\Microsoft-Windows-AppxPackaging%4Operational.evtx
2025-10-08 18:27:48,345 - CRITICAL - File modified: C:\Windows\System32\winevt\Logs\Microsoft-Windows-Windows Defender%4Operational.evtx
2025-10-08 18:27:52,748 - WARNING - Critical Event Log: ID 4672 - ('S-1-5-18', 'SYSTEM', 'NT AUTHORITY', '0x3e7', 'SeAssignPrimaryTokenPrivilege\r\n\t\t\tSeTcbPrivilege\r\n\t\t\tSeSecurityPrivilege\r\n\t\t\tSeTakeOwnershipPrivilege\r\n\t\t\tSeLoadDriverPrivilege\r\n\t\t\tSeBackupPrivilege\r\n\t\t\tSeRestorePrivilege\r\n\t\t\tSeDebugPrivilege\r\n\t\t\tSeAuditPrivilege\r\n\t\t\tSeSystemEnvironmentPrivilege\r\n\t\t\tSeImpersonatePrivilege\r\n\t\t\tSeDelegateSessionUserImpersonatePrivilege')
2025-10-08 18:27:52,748 - WARNING - Critical Event Log: ID 4624 - ('S-1-5-18', 'DESKTOP-F7BOMCG$', 'WORKGROUP', '0x3e7', 'S-1-5-18', 'SYSTEM', 'NT AUTHORITY', '0x3e7', '5', 'Advapi  ', 'Negotiate', '-', '{00000000-0000-0000-0000-000000000000}', '-', '-', '0', '0x464', 'C:\\Windows\\System32\\services.exe', '-', '-', '%%1833', '-', '-', '-', '-', '%%1843', '0x0', '%%1842')
2025-10-08 18:27:52,748 - WARNING - Critical Event Log: ID 4672 - ('S-1-5-18', 'SYSTEM', 'NT AUTHORITY', '0x3e7', 'SeAssignPrimaryTokenPrivilege\r\n\t\t\tSeTcbPrivilege\r\n\t\t\tSeSecurityPrivilege\r\n\t\t\tSeTakeOwnershipPrivilege\r\n\t\t\tSeLoadDriverPrivilege\r\n\t\t\tSeBackupPrivilege\r\n\t\t\tSeRestorePrivilege\r\n\t\t\tSeDebugPrivilege\r\n\t\t\tSeAuditPrivilege\r\n\t\t\tSeSystemEnvironmentPrivilege\r\n\t\t\tSeImpersonatePrivilege\r\n\t\t\tSeDelegateSessionUserImpersonatePrivilege')
2025-10-08 18:27:52,748 - WARNING - Critical Event Log: ID 4624 - ('S-1-5-18', 'DESKTOP-F7BOMCG$', 'WORKGROUP', '0x3e7', 'S-1-5-18', 'SYSTEM', 'NT AUTHORITY', '0x3e7', '5', 'Advapi  ', 'Negotiate', '-', '{00000000-0000-0000-0000-000000000000}', '-', '-', '0', '0x464', 'C:\\Windows\\System32\\services.exe', '-', '-', '%%1833', '-', '-', '-', '-', '%%1843', '0x0', '%%1842')
2025-10-08 18:27:52,748 - WARNING - Critical Event Log: ID 4672 - ('S-1-5-18', 'SYSTEM', 'NT AUTHORITY', '0x3e7', 'SeAssignPrimaryTokenPrivilege\r\n\t\t\tSeTcbPrivilege\r\n\t\t\tSeSecurityPrivilege\r\n\t\t\tSeTakeOwnershipPrivilege\r\n\t\t\tSeLoadDriverPrivilege\r\n\t\t\tSeBackupPrivilege\r\n\t\t\tSeRestorePrivilege\r\n\t\t\tSeDebugPrivilege\r\n\t\t\tSeAuditPrivilege\r\n\t\t\tSeSystemEnvironmentPrivilege\r\n\t\t\tSeImpersonatePrivilege\r\n\t\t\tSeDelegateSessionUserImpersonatePrivilege')
2025-10-08 18:28:02,751 - WARNING - Critical Event Log: ID 4672 - ('S-1-5-18', 'SYSTEM', 'NT AUTHORITY', '0x3e7', 'SeAssignPrimaryTokenPrivilege\r\n\t\t\tSeTcbPrivilege\r\n\t\t\tSeSecurityPrivilege\r\n\t\t\tSeTakeOwnershipPrivilege\r\n\t\t\tSeLoadDriverPrivilege\r\n\t\t\tSeBackupPrivilege\r\n\t\t\tSeRestorePrivilege\r\n\t\t\tSeDebugPrivilege\r\n\t\t\tSeAuditPrivilege\r\n\t\t\tSeSystemEnvironmentPrivilege\r\n\t\t\tSeImpersonatePrivilege\r\n\t\t\tSeDelegateSessionUserImpersonatePrivilege')
2025-10-08 18:28:02,751 - WARNING - Critical Event Log: ID 4624 - ('S-1-5-18', 'DESKTOP-F7BOMCG$', 'WORKGROUP', '0x3e7', 'S-1-5-18', 'SYSTEM', 'NT AUTHORITY', '0x3e7', '5', 'Advapi  ', 'Negotiate', '-', '{00000000-0000-0000-0000-000000000000}', '-', '-', '0', '0x464', 'C:\\Windows\\System32\\services.exe', '-', '-', '%%1833', '-', '-', '-', '-', '%%1843', '0x0', '%%1842')
2025-10-08 18:28:02,751 - WARNING - Critical Event Log: ID 4672 - ('S-1-5-18', 'SYSTEM', 'NT AUTHORITY', '0x3e7', 'SeAssignPrimaryTokenPrivilege\r\n\t\t\tSeTcbPrivilege\r\n\t\t\tSeSecurityPrivilege\r\n\t\t\tSeTakeOwnershipPrivilege\r\n\t\t\tSeLoadDriverPrivilege\r\n\t\t\tSeBackupPrivilege\r\n\t\t\tSeRestorePrivilege\r\n\t\t\tSeDebugPrivilege\r\n\t\t\tSeAuditPrivilege\r\n\t\t\tSeSystemEnvironmentPrivilege\r\n\t\t\tSeImpersonatePrivilege\r\n\t\t\tSeDelegateSessionUserImpersonatePrivilege')
2025-10-08 18:28:02,751 - WARNING - Critical Event Log: ID 4624 - ('S-1-5-18', 'DESKTOP-F7BOMCG$', 'WORKGROUP', '0x3e7', 'S-1-5-18', 'SYSTEM', 'NT AUTHORITY', '0x3e7', '5', 'Advapi  ', 'Negotiate', '-', '{00000000-0000-0000-0000-000000000000}', '-', '-', '0', '0x464', 'C:\\Windows\\System32\\services.exe', '-', '-', '%%1833', '-', '-', '-', '-', '%%1843', '0x0', '%%1842')
2025-10-08 18:28:02,751 - WARNING - Critical Event Log: ID 4672 - ('S-1-5-18', 'SYSTEM', 'NT AUTHORITY', '0x3e7', 'SeAssignPrimaryTokenPrivilege\r\n\t\t\tSeTcbPrivilege\r\n\t\t\tSeSecurityPrivilege\r\n\t\t\tSeTakeOwnershipPrivilege\r\n\t\t\tSeLoadDriverPrivilege\r\n\t\t\tSeBackupPrivilege\r\n\t\t\tSeRestorePrivilege\r\n\t\t\tSeDebugPrivilege\r\n\t\t\tSeAuditPrivilege\r\n\t\t\tSeSystemEnvironmentPrivilege\r\n\t\t\tSeImpersonatePrivilege\r\n\t\t\tSeDelegateSessionUserImpersonatePrivilege')
2025-10-08 18:28:12,755 - WARNING - Critical Event Log: ID 4672 - ('S-1-5-18', 'SYSTEM', 'NT AUTHORITY', '0x3e7', 'SeAssignPrimaryTokenPrivilege\r\n\t\t\tSeTcbPrivilege\r\n\t\t\tSeSecurityPrivilege\r\n\t\t\tSeTakeOwnershipPrivilege\r\n\t\t\tSeLoadDriverPrivilege\r\n\t\t\tSeBackupPrivilege\r\n\t\t\tSeRestorePrivilege\r\n\t\t\tSeDebugPrivilege\r\n\t\t\tSeAuditPrivilege\r\n\t\t\tSeSystemEnvironmentPrivilege\r\n\t\t\tSeImpersonatePrivilege\r\n\t\t\tSeDelegateSessionUserImpersonatePrivilege')
2025-10-08 18:28:12,755 - WARNING - Critical Event Log: ID 4624 - ('S-1-5-18', 'DESKTOP-F7BOMCG$', 'WORKGROUP', '0x3e7', 'S-1-5-18', 'SYSTEM', 'NT AUTHORITY', '0x3e7', '5', 'Advapi  ', 'Negotiate', '-', '{00000000-0000-0000-0000-000000000000}', '-', '-', '0', '0x464', 'C:\\Windows\\System32\\services.exe', '-', '-', '%%1833', '-', '-', '-', '-', '%%1843', '0x0', '%%1842')
2025-10-08 18:28:12,755 - WARNING - Critical Event Log: ID 4672 - ('S-1-5-18', 'SYSTEM', 'NT AUTHORITY', '0x3e7', 'SeAssignPrimaryTokenPrivilege\r\n\t\t\tSeTcbPrivilege\r\n\t\t\tSeSecurityPrivilege\r\n\t\t\tSeTakeOwnershipPrivilege\r\n\t\t\tSeLoadDriverPrivilege\r\n\t\t\tSeBackupPrivilege\r\n\t\t\tSeRestorePrivilege\r\n\t\t\tSeDebugPrivilege\r\n\t\t\tSeAuditPrivilege\r\n\t\t\tSeSystemEnvironmentPrivilege\r\n\t\t\tSeImpersonatePrivilege\r\n\t\t\tSeDelegateSessionUserImpersonatePrivilege')
2025-10-08 18:28:12,755 - WARNING - Critical Event Log: ID 4624 - ('S-1-5-18', 'DESKTOP-F7BOMCG$', 'WORKGROUP', '0x3e7', 'S-1-5-18', 'SYSTEM', 'NT AUTHORITY', '0x3e7', '5', 'Advapi  ', 'Negotiate', '-', '{00000000-0000-0000-0000-000000000000}', '-', '-', '0', '0x464', 'C:\\Windows\\System32\\services.exe', '-', '-', '%%1833', '-', '-', '-', '-', '%%1843', '0x0', '%%1842')
2025-10-08 18:28:12,755 - WARNING - Critical Event Log: ID 4672 - ('S-1-5-18', 'SYSTEM', 'NT AUTHORITY', '0x3e7', 'SeAssignPrimaryTokenPrivilege\r\n\t\t\tSeTcbPrivilege\r\n\t\t\tSeSecurityPrivilege\r\n\t\t\tSeTakeOwnershipPrivilege\r\n\t\t\tSeLoadDriverPrivilege\r\n\t\t\tSeBackupPrivilege\r\n\t\t\tSeRestorePrivilege\r\n\t\t\tSeDebugPrivilege\r\n\t\t\tSeAuditPrivilege\r\n\t\t\tSeSystemEnvironmentPrivilege\r\n\t\t\tSeImpersonatePrivilege\r\n\t\t\tSeDelegateSessionUserImpersonatePrivilege')
2025-10-08 18:28:22,761 - WARNING - Critical Event Log: ID 4672 - ('S-1-5-18', 'SYSTEM', 'NT AUTHORITY', '0x3e7', 'SeAssignPrimaryTokenPrivilege\r\n\t\t\tSeTcbPrivilege\r\n\t\t\tSeSecurityPrivilege\r\n\t\t\tSeTakeOwnershipPrivilege\r\n\t\t\tSeLoadDriverPrivilege\r\n\t\t\tSeBackupPrivilege\r\n\t\t\tSeRestorePrivilege\r\n\t\t\tSeDebugPrivilege\r\n\t\t\tSeAuditPrivilege\r\n\t\t\tSeSystemEnvironmentPrivilege\r\n\t\t\tSeImpersonatePrivilege\r\n\t\t\tSeDelegateSessionUserImpersonatePrivilege')
2025-10-08 18:28:22,761 - WARNING - Critical Event Log: ID 4624 - ('S-1-5-18', 'DESKTOP-F7BOMCG$', 'WORKGROUP', '0x3e7', 'S-1-5-18', 'SYSTEM', 'NT AUTHORITY', '0x3e7', '5', 'Advapi  ', 'Negotiate', '-', '{00000000-0000-0000-0000-000000000000}', '-', '-', '0', '0x464', 'C:\\Windows\\System32\\services.exe', '-', '-', '%%1833', '-', '-', '-', '-', '%%1843', '0x0', '%%1842')
2025-10-08 18:28:22,763 - WARNING - Critical Event Log: ID 4672 - ('S-1-5-18', 'SYSTEM', 'NT AUTHORITY', '0x3e7', 'SeAssignPrimaryTokenPrivilege\r\n\t\t\tSeTcbPrivilege\r\n\t\t\tSeSecurityPrivilege\r\n\t\t\tSeTakeOwnershipPrivilege\r\n\t\t\tSeLoadDriverPrivilege\r\n\t\t\tSeBackupPrivilege\r\n\t\t\tSeRestorePrivilege\r\n\t\t\tSeDebugPrivilege\r\n\t\t\tSeAuditPrivilege\r\n\t\t\tSeSystemEnvironmentPrivilege\r\n\t\t\tSeImpersonatePrivilege\r\n\t\t\tSeDelegateSessionUserImpersonatePrivilege')
2025-10-08 18:28:22,763 - WARNING - Critical Event Log: ID 4624 - ('S-1-5-18', 'DESKTOP-F7BOMCG$', 'WORKGROUP', '0x3e7', 'S-1-5-18', 'SYSTEM', 'NT AUTHORITY', '0x3e7', '5', 'Advapi  ', 'Negotiate', '-', '{00000000-0000-0000-0000-000000000000}', '-', '-', '0', '0x464', 'C:\\Windows\\System32\\services.exe', '-', '-', '%%1833', '-', '-', '-', '-', '%%1843', '0x0', '%%1842')
2025-10-08 18:28:22,763 - WARNING - Critical Event Log: ID 4672 - ('S-1-5-18', 'SYSTEM', 'NT AUTHORITY', '0x3e7', 'SeAssignPrimaryTokenPrivilege\r\n\t\t\tSeTcbPrivilege\r\n\t\t\tSeSecurityPrivilege\r\n\t\t\tSeTakeOwnershipPrivilege\r\n\t\t\tSeLoadDriverPrivilege\r\n\t\t\tSeBackupPrivilege\r\n\t\t\tSeRestorePrivilege\r\n\t\t\tSeDebugPrivilege\r\n\t\t\tSeAuditPrivilege\r\n\t\t\tSeSystemEnvironmentPrivilege\r\n\t\t\tSeImpersonatePrivilege\r\n\t\t\tSeDelegateSessionUserImpersonatePrivilege')
2025-10-08 18:28:32,765 - WARNING - Critical Event Log: ID 4672 - ('S-1-5-18', 'SYSTEM', 'NT AUTHORITY', '0x3e7', 'SeAssignPrimaryTokenPrivilege\r\n\t\t\tSeTcbPrivilege\r\n\t\t\tSeSecurityPrivilege\r\n\t\t\tSeTakeOwnershipPrivilege\r\n\t\t\tSeLoadDriverPrivilege\r\n\t\t\tSeBackupPrivilege\r\n\t\t\tSeRestorePrivilege\r\n\t\t\tSeDebugPrivilege\r\n\t\t\tSeAuditPrivilege\r\n\t\t\tSeSystemEnvironmentPrivilege\r\n\t\t\tSeImpersonatePrivilege\r\n\t\t\tSeDelegateSessionUserImpersonatePrivilege')
2025-10-08 18:28:32,765 - WARNING - Critical Event Log: ID 4624 - ('S-1-5-18', 'DESKTOP-F7BOMCG$', 'WORKGROUP', '0x3e7', 'S-1-5-18', 'SYSTEM', 'NT AUTHORITY', '0x3e7', '5', 'Advapi  ', 'Negotiate', '-', '{00000000-0000-0000-0000-000000000000}', '-', '-', '0', '0x464', 'C:\\Windows\\System32\\services.exe', '-', '-', '%%1833', '-', '-', '-', '-', '%%1843', '0x0', '%%1842')
2025-10-08 18:28:32,765 - WARNING - Critical Event Log: ID 4672 - ('S-1-5-18', 'SYSTEM', 'NT AUTHORITY', '0x3e7', 'SeAssignPrimaryTokenPrivilege\r\n\t\t\tSeTcbPrivilege\r\n\t\t\tSeSecurityPrivilege\r\n\t\t\tSeTakeOwnershipPrivilege\r\n\t\t\tSeLoadDriverPrivilege\r\n\t\t\tSeBackupPrivilege\r\n\t\t\tSeRestorePrivilege\r\n\t\t\tSeDebugPrivilege\r\n\t\t\tSeAuditPrivilege\r\n\t\t\tSeSystemEnvironmentPrivilege\r\n\t\t\tSeImpersonatePrivilege\r\n\t\t\tSeDelegateSessionUserImpersonatePrivilege')
2025-10-08 18:28:32,765 - WARNING - Critical Event Log: ID 4624 - ('S-1-5-18', 'DESKTOP-F7BOMCG$', 'WORKGROUP', '0x3e7', 'S-1-5-18', 'SYSTEM', 'NT AUTHORITY', '0x3e7', '5', 'Advapi  ', 'Negotiate', '-', '{00000000-0000-0000-0000-000000000000}', '-', '-', '0', '0x464', 'C:\\Windows\\System32\\services.exe', '-', '-', '%%1833', '-', '-', '-', '-', '%%1843', '0x0', '%%1842')
2025-10-08 18:28:32,765 - WARNING - Critical Event Log: ID 4672 - ('S-1-5-18', 'SYSTEM', 'NT AUTHORITY', '0x3e7', 'SeAssignPrimaryTokenPrivilege\r\n\t\t\tSeTcbPrivilege\r\n\t\t\tSeSecurityPrivilege\r\n\t\t\tSeTakeOwnershipPrivilege\r\n\t\t\tSeLoadDriverPrivilege\r\n\t\t\tSeBackupPrivilege\r\n\t\t\tSeRestorePrivilege\r\n\t\t\tSeDebugPrivilege\r\n\t\t\tSeAuditPrivilege\r\n\t\t\tSeSystemEnvironmentPrivilege\r\n\t\t\tSeImpersonatePrivilege\r\n\t\t\tSeDelegateSessionUserImpersonatePrivilege')
2025-10-08 18:28:37,928 - CRITICAL - File modified: C:\Windows\System32\winevt\Logs\Microsoft-Windows-Store%4Operational.evtx
2025-10-08 18:28:38,871 - WARNING - New file created: C:\Windows\System32\config\systemprofile\AppData\Roaming\Waves Audio\Logs\PostInstall\PostInstall_2025-10-08-18-28.log
2025-10-08 18:28:42,863 - WARNING - Critical Event Log: ID 4672 - ('S-1-5-18', 'SYSTEM', 'NT AUTHORITY', '0x3e7', 'SeAssignPrimaryTokenPrivilege\r\n\t\t\tSeTcbPrivilege\r\n\t\t\tSeSecurityPrivilege\r\n\t\t\tSeTakeOwnershipPrivilege\r\n\t\t\tSeLoadDriverPrivilege\r\n\t\t\tSeBackupPrivilege\r\n\t\t\tSeRestorePrivilege\r\n\t\t\tSeDebugPrivilege\r\n\t\t\tSeAuditPrivilege\r\n\t\t\tSeSystemEnvironmentPrivilege\r\n\t\t\tSeImpersonatePrivilege\r\n\t\t\tSeDelegateSessionUserImpersonatePrivilege')
2025-10-08 18:28:42,879 - WARNING - Critical Event Log: ID 4624 - ('S-1-5-18', 'DESKTOP-F7BOMCG$', 'WORKGROUP', '0x3e7', 'S-1-5-18', 'SYSTEM', 'NT AUTHORITY', '0x3e7', '5', 'Advapi  ', 'Negotiate', '-', '{00000000-0000-0000-0000-000000000000}', '-', '-', '0', '0x464', 'C:\\Windows\\System32\\services.exe', '-', '-', '%%1833', '-', '-', '-', '-', '%%1843', '0x0', '%%1842')
2025-10-08 18:28:42,879 - WARNING - Critical Event Log: ID 4672 - ('S-1-5-18', 'SYSTEM', 'NT AUTHORITY', '0x3e7', 'SeAssignPrimaryTokenPrivilege\r\n\t\t\tSeTcbPrivilege\r\n\t\t\tSeSecurityPrivilege\r\n\t\t\tSeTakeOwnershipPrivilege\r\n\t\t\tSeLoadDriverPrivilege\r\n\t\t\tSeBackupPrivilege\r\n\t\t\tSeRestorePrivilege\r\n\t\t\tSeDebugPrivilege\r\n\t\t\tSeAuditPrivilege\r\n\t\t\tSeSystemEnvironmentPrivilege\r\n\t\t\tSeImpersonatePrivilege\r\n\t\t\tSeDelegateSessionUserImpersonatePrivilege')
2025-10-08 18:28:42,879 - WARNING - Critical Event Log: ID 4624 - ('S-1-5-18', 'DESKTOP-F7BOMCG$', 'WORKGROUP', '0x3e7', 'S-1-5-18', 'SYSTEM', 'NT AUTHORITY', '0x3e7', '5', 'Advapi  ', 'Negotiate', '-', '{00000000-0000-0000-0000-000000000000}', '-', '-', '0', '0x464', 'C:\\Windows\\System32\\services.exe', '-', '-', '%%1833', '-', '-', '-', '-', '%%1843', '0x0', '%%1842')
2025-10-08 18:28:42,879 - WARNING - Critical Event Log: ID 4672 - ('S-1-5-18', 'SYSTEM', 'NT AUTHORITY', '0x3e7', 'SeAssignPrimaryTokenPrivilege\r\n\t\t\tSeTcbPrivilege\r\n\t\t\tSeSecurityPrivilege\r\n\t\t\tSeTakeOwnershipPrivilege\r\n\t\t\tSeLoadDriverPrivilege\r\n\t\t\tSeBackupPrivilege\r\n\t\t\tSeRestorePrivilege\r\n\t\t\tSeDebugPrivilege\r\n\t\t\tSeAuditPrivilege\r\n\t\t\tSeSystemEnvironmentPrivilege\r\n\t\t\tSeImpersonatePrivilege\r\n\t\t\tSeDelegateSessionUserImpersonatePrivilege')
2025-10-08 18:28:52,598 - INFO - Stopping Windows IDS...
2025-10-08 18:28:52,598 - INFO - File Integrity Monitoring stopped
2025-10-08 18:28:57,640 - INFO - Network statistics cleared
2025-10-08 18:28:57,646 - INFO - Windows IDS stopped successfully
